word,antonym
a la carte,table d'hote
a posteriori,a priori
a posteriori,a priori
a priori,a posteriori
a priori,a posteriori
abactinal,actinal
abaxial,adaxial
abbreviated,expand
abducent,adducent
abducting,adduct
abducting,adducent
abient,adient
able,unable
abnormal,normal|normal
aboral,oral
aboriginal,nonnative
above,below|below
aboveboard,dishonestly
abranchial,branchiate
abranchiate,branchiate
abranchious,branchiate
abridged,expand
abridged,unabridged
absent,present
absolute,relative
absolved,blame
absorbable,adsorbable
absorbed,emit
absorbent,nonabsorbent
absorbing,emit
absorptive,nonabsorbent
abstemious,gluttonous
abstinent,drinker
abstract,concrete
abundant,scarce
abused,unabused
acarpellous,carpellate
acarpelous,carpellate
acatalectic,catalectic
acaudal,caudate
acaudate,caudate
acaulescent,caulescent
accelerated,decelerate|decelerate
accented,atonic|unstressed
accentual,quantitative
acceptable,unacceptable
accepted,reject|refuse|refuse
accepting,reject|refuse|refuse
acceptive,rejective
accessible,inaccessible
accommodating,disoblige
accommodating,unaccommodating
accommodative,unaccommodating
accompanied,unaccompanied|unaccompanied
accordant,discordant
accurate,inaccurate
accusatorial,inquisitorial
accustomed,unaccustomed
acellular,cellular
achlamydeous,chlamydeous
achondritic,chondritic
achromatic,chromatic
achromatinic,chromatinic
acid-loving,alkaline-loving
acidic,alkaline
acknowledged,deny
acknowledged,unacknowledged
acquired,lose
acquisitive,unacquisitive
acquitted,convict
acrocarpous,pleurocarpous
acropetal,basipetal
acroscopic,basiscopic
actable,unactable
actinal,abactinal
acting,refrain
actinomorphic,zygomorphic
actinomorphous,zygomorphic
activated,inactivate
activating,inactivate
active,passive voice
active,inactive|passive|inactive|inactive|inactive|quiet|passive|stative|extinct|dormant|inactive
actual,potential
acute,chronic|obtuse
acyclic,cyclic|cyclic
adaptable,unadaptable
adaptative,maladaptive
adaptive,maladaptive
adaxial,abaxial
addicted,unaddicted
addictive,nonaddictive
additive,nonlinear|subtractive
addressed,unaddressed
adducent,abducent
adducting,abduct
adducting,abducent
adductive,abducent
adequate,inadequate
adhesive,nonadhesive
adiabatic,diabatic
adient,abient
adjective,substantive
adjusted,skew
adjusted,unadjusted|maladjusted
admired,look down on
admissible,inadmissible
adnate,connate
adoptable,unadoptable
adopted,native
adoptive,biological|native
adorned,unadorned
adroit,maladroit
adscript,superscript
adsorbable,absorbable
adsorbate,absorbable
adsorbent,nonadsorbent
adsorptive,nonadsorbent
adult,juvenile
adulterant,purifying
adulterating,purifying
advance,retreat
advance,recede|back|fall back|regress|demote
advanced,recede|back|fall back|regress|demote
advancing,recede|back|fall back|regress|demote
advantageous,disadvantageous
adventuresome,unadventurous
adventurous,unadventurous
advisable,inadvisable
advised,ill-advised
adynamic,dynamic
aerobic,anaerobic|anaerobic
aerophilic,anaerobic
aerophilous,anaerobic
aesthetic,inaesthetic
aesthetical,inaesthetic
afebrile,febrile
affected,unaffected|unaffected|unmoved
afferent,efferent
affirmative,negative
affirmative,negative
affirmatory,negative
affixed,unaffixed
affluent,distributary
afloat,aground
afraid,unafraid
aft,fore
aft,fore
aged,young
aged,rejuvenate
ageing,rejuvenate
aggravated,better
aggravating,better
aggressive,unaggressive
aging,rejuvenate
agitated,calm
agitated,unagitated|unagitated
agitating,calm
agnostic,gnostic
agnostical,gnostic
agreeable,disagreeable
agreed,disagree|disagree
aground,afloat
ahead,back;backward
ahistorical,historical
aided,unassisted
air-to-air,surface-to-air
air-to-ground,air-to-air
air-to-surface,air-to-air
airworthy,unairworthy
alarming,unalarming
alcoholic,nonalcoholic
alert,unalert
alfresco,inside;indoors
algorithmic,heuristic
alien,citizen|acquaintance
alienable,inalienable
aligned,skew
aligned,nonaligned
aligning,skew
alike,unalike
aliquot,aliquant
alive,dead|unanimated
alkalic,amphoteric
alkaline,amphoteric
alkaline-loving,acid-loving
all,some
all,partly
allochthonous,autochthonous
allogeneic,xenogeneic
allopathic,homeopathic
allopatric,sympatric
allowable,impermissible
alphabetic,analphabetic|analphabetic
alphabetical,analphabetic|analphabetic
alterable,unalterable
altered,unaltered
alternate,opposite
alternating,direct
altricial,precocial
altruistic,egoistic
amateur,professional
ambidextrous,right-handed
ambiguous,unequivocal|unambiguous
ambitionless,ambitious
ambitious,unambitious
ambiversive,introversive
ameliorating,worsen|worsen
amended,worsen
amended,unamended
ametabolic,metabolic
ametabolous,metabolic
ametropic,emmetropic
amicable,hostile
amiss,perfectly
amphibious,aquatic
amphiprotic,acidic
amphitropous,anatropous
amphoteric,acidic
ample,meager
anabatic,katabatic
anabolic,catabolic
anaclinal,cataclinal
anadromous,catadromous
anaerobic,aerobic|aerobic
anaerobiotic,aerobic
anal,oral
anal retentive,oral
analog,digital
analogous,homologous
analogue,digital
analphabetic,alphabetic|alphabetic
analytic,synthetic|synthetic|synthetic
analytical,synthetic|synthetic
analyzed,synthesize
analyzed,unanalyzed
anaphrodisiac,aphrodisiac
anastigmatic,astigmatic
anatropous,amphitropous
androgynous,male
anemophilous,entomophilous
anestrous,estrous
anglican,Nonconformist
angry,unangry
angular,rounded
angulate,rounded
anhydrous,hydrous
animate,deaden
animate,inanimate|inanimate|insentient
animated,deaden
animated,unanimated
animating,deaden
anionic,cationic
anisotropic,isotropic
annual,biennial
anodal,cathodic
anodic,cathodic
anon.,onymous
anonymous,onymous
anorthic,monoclinic
antagonistic,conciliatory|synergistic
antecedent,descendant
antecedent,subsequent
antemeridian,postmeridian
antemortem,postmortem
antenatal,perinatal
antenuptial,postnuptial
antepartum,perinatal
anterior,posterior
anterograde,retrograde
anti,pro
anti-american,pro-American
anticholinergic,cholinergic
anticlimactic,climactic
anticlinal,synclinal
anticlockwise,clockwise
anticlockwise,clockwise
antimagnetic,magnetic
antipyretic,pyretic
antiseptic,septic
antonymous,synonymous
antrorse,retrorse
aperiodic,periodic
apetalous,petalous
aphrodisiac,anaphrodisiac
aphrodisiacal,anaphrodisiac
aplacental,placental
apocarpous,syncarpous
apocrine,eccrine
apologetic,unapologetic
appareled,undress
appealable,unappealable
appealing,repel
appealing,unappealing|unsympathetic
appendaged,unappendaged
appetising,unappetizing
appetizing,unappetizing
applied,defy|exempt
applied,theoretical
appointed,elective
appointive,elective
apposable,unopposable
appreciated,depreciate|depreciate
approachable,unapproachable
appropriate,inappropriate
approved,disapprove|disapprove
approving,disapproval
approving,disapprove|disapprove
apropos,malapropos
apteral,peripteral
aquatic,terrestrial
aqueous,igneous
arbitrable,nonarbitrable
arbitrary,nonarbitrary
arboreal,nonarboreal
arboreous,nonarboreal
arenaceous,argillaceous
argillaceous,arenaceous
argumentative,unargumentative
armed,disarm
armed,unarmed|armless|unarmed
armless,armed
armored,unarmored|unarmored
armoured,unarmored|unarmored
aroused,fall asleep|sedate;de-energize;de-energise|cause to sleep
arranged,disarrange
arranged,disarranged
artesian,subartesian
artful,ingenuous|artless
articulate,inarticulate|unarticulated
articulated,unarticulated
artificial,natural
artiodactyl,odd-toed ungulate
artless,disingenuous|artful
ascendant,descendant
ascendent,descendant
ascending,descend|set
ascending,descending
asexual,sexual
ashamed,unashamed
asleep,awake
asserting,interrogative;interrogatory
assertive,unassertive
assigned,unassigned
assimilating,dissimilate|dissimilate|dissimilate
assisted,unassisted
associate,dissociate
associative,nonassociative
associatory,nonassociative
assured,worry
assuring,worry
astigmatic,anastigmatic
astomatous,stomatous
astringent,nonastringent
asymmetric,symmetrical
asymmetrical,symmetrical
asynchronous,synchronous|synchronous
asyndetic,syndetic
atomic,conventional
atomistic,holistic
atomistical,holistic
atonal,tonal
atonic,tonic
atoxic,toxic
atrophied,hypertrophied
attachable,detachable
attached,detach|detach
attached,detached|unattached
attacking,defend
attended,miss
attended,unaccompanied
attentive,inattentive|heedless
attired,underdress;dress down
attractive,unattractive|repulsive
attributable,unattributable
attributive,predicative
atypical,typical
audible,inaudible
auspicious,inauspicious
authorised,unauthorized
authorized,unauthorized
autochthonous,allochthonous
autoecious,heteroecious
autogamic,endogamous
autogamous,endogamous
autogenic,heterogenous
autogenous,heterogenous
autologous,homologous
automatic,manual
autophytic,heterotrophic
autotrophic,heterotrophic
autumnal,wintry
available,unavailable
avascular,vascular
avenged,unavenged
avertable,inevitable
avertible,inevitable
avirulent,virulent
avoidable,inevitable
avowed,disavow
awake,fall asleep
awake,asleep
awakened,cause to sleep|fall asleep
awakened,unawakened
aware,unaware|unmindful
away,home
awed,unawed
awestricken,unawed
awestruck,unawed
awful,nice
awkward,graceful
awned,awnless
awnless,awned
awny,awnless
azonal,zonal
back,front|front
back,advance|front|veer
back,front
back,forward|ahead;forward
backed,advance|front|veer
backed,backless
backhand,forehand
backhanded,forehand
backless,backed
backward,forward|forward
backward,forward|ahead;forward
bad,good;goodness
bad,good|unregretful
balanced,unbalance
balanced,unbalanced
balconied,unbalconied
banded,unbanded
baptised,unbaptized
baptized,unbaptized
bare,sheathed|covered
bared,unbar
barred,unbar
barreled,unbarreled
barrelled,unbarreled
basal,cauline
basic,incidental
basipetal,acropetal
basiscopic,acroscopic
beaked,beakless
beakless,beaked
bearing,nonbearing
beautiful,ugly
bedded,get up;turn out
bedded,unstratified|bedless
bedless,bedded
beginning,ending|middle|middle|finish
beginning,end|end|end
begrimed,clean
believable,incredible
belittled,flatter
belittling,flatter
bellied,bellyless
bellyless,bellied
below the belt,fairly
belted,unbelt
belted,unbelted
beltless,belted
bended,straighten|unbend
beneficed,unbeneficed
beneficent,maleficent
benign,malignant|malign
benignant,malign
bent,straighten|unbend
beseeching,imperative
best,worst
best,worst|bad|evil
best,ill|ill|badly|badly;disadvantageously|badly
better,worsen|worsen
better,worse|worse|bad|evil|ill
better,ill|ill|badly|badly;disadvantageously|badly
bettering,worsen|worsen
bettering,worsening
biaural,monaural
bibbed,bibless
bibless,bibbed
bicameral,unicameral
bidirectional,unidirectional
biennial,perennial
big,small;little
big,small
bigger,small;little
bilaterally symmetrical,actinomorphic
bimodal,unimodal
binaural,monaural
binding,unbind|untie
binuclear,trinucleate
binucleate,trinucleate
binucleated,trinucleate
biological,adoptive
biovular,identical
biped,quadrupedal;quadruped
bipedal,quadrupedal;quadruped
bipolar,unipolar
bisexual,heterosexual
bivalent,multivalent
bivalve,univalve
bivalved,univalve
black,white|white
black,whiten
black,white|white
black-and-white,color
black and white,color
blackened,whiten
blame,absolve
blamed,absolve
blear,focus
blemished,unblemished
blended,unblended
blessed,curse|desecrate
blessed,cursed
blest,curse|desecrate
blest,cursed
blind,sighted
blocked,unstuff|free|remember|unfreeze;unblock
blond,brunet
blonde,brunet
bloodless,bloody
bloody,bloodless
blown,conserve
blue-collar,white-collar
blunt,sharpen|enliven
blunted,sharpen|enliven
blurred,focus|focus|focus
bodied,unbodied
boiled,freeze
bold,timid
boneless,bony
boney,boneless
bony,boneless
bordered,unbordered
bored,interest
boring,interest
born,unborn
bottle-fed,breast-fed
bottom,top
bottom,side
bottom-up,top-down
bottomed,bottomless
bottomless,bottomed
bouncing,clear
bound,unbind|untie
bound,unbound|free|unbound
bowed,plucked
boxed,unbox
braced,sedate;de-energize;de-energise
brachycephalic,dolichocephalic
brachycranial,dolichocephalic
brachycranic,dolichocephalic
bracing,sedate;de-energize;de-energise
bracteate,ebracteate
bracted,ebracteate
braided,unbraid
brainwashed,unbrainwashed
branchiate,abranchiate
branchless,branchy
branchy,branchless
branded,unbranded
brave,timid
brave,cowardly
breakable,unbreakable
breast-fed,bottle-fed
breasted,breastless
breastless,breasted
breathing,breathless
breathless,breathing
bridgeable,unbridgeable
bright,dull|dimmed
broad,narrow
broad-minded,shockable|narrow-minded
broadnosed,catarrhine
broke,repair|keep|conform to|make|promote
broken,repair|keep|conform to|make|promote
broken,unbroken|unbroken|unbroken
brotherlike,sisterly
brotherly,sisterly
brunet,blond
brunette,blond
bulging,concave
bumpy,smooth
burdened,unburden
burdened,unburdened
buried,remember
buried,unburied
bust,repair
busted,repair
busy,idle
buttoned,unbutton
buttoned,unbuttoned
cacogenic,eugenic
cacophonic,euphonious
cacophonous,euphonious
caducous,persistent
calced,discalced
calcicolous,calcifugous
calcifugous,calcicolous
calculable,incalculable
calm,discomposure
calm,agitate|stimulate
calm,stormy
caloric,nonthermal
camphorated,uncamphorated
campylotropous,orthotropous
cancelled,on
canned,hire
capable,incapable|incapable
capital,lowercase
capitalist,socialistic
capitalistic,socialistic
cardinal,ordinal
cared-for,uncared-for
careful,careless
careless,careful
carinate,ratite
carnivorous,herbivorous
carpellate,acarpelous
carpeted,uncarpeted
carved,uncarved
carvel-built,clinker-built
carven,uncarved
castrated,uncastrated
catabatic,anabatic
catabolic,anabolic
cataclinal,anaclinal
catadromous,diadromous
catalectic,hypercatalectic
catarrhine,leptorrhine
catarrhinian,leptorrhine
catching,unhitch
categorematic,syncategorematic
cathodic,anodic
cationic,anionic
caudal,cephalic
caudate,acaudate
caudated,acaudate
caulescent,acaulescent
cauline,acaulescent|radical
caulked,uncaulked
causative,noncausative
cautious,brave
cautious,incautious
ceilinged,floored
cellular,noncellular
cenobitic,eremitic
cenobitical,eremitic
cenogenetic,palingenetic
censored,uncensored
center,right
central,peripheral
centralised,decentralize;decentralise;deconcentrate
centralised,decentralized
centralising,decentralize;decentralise;deconcentrate
centralising,decentralizing
centralized,decentralize;decentralise;deconcentrate
centralized,decentralized
centralizing,decentralize;decentralise;deconcentrate
centralizing,decentralizing
centrifugal,centripetal
centripetal,centrifugal
cephalic,caudal
cerebral,emotional
certain,uncertain;unsure|uncertain|uncertain|unsealed
certified,decertify
certified,uncertified
chained,unchain
changeable,immutable|unchangeable
changed,stay
changed,unchanged
changeful,unchangeable
changeless,mutable
changing,stay
characteristic,uncharacteristic
charged,discharge|pay cash|calm
charged,uncharged
charitable,uncharitable
chartered,unchartered
chaste,unchaste
cheap,expensive
checked,disagree
cheerful,depressing
cheering,dishearten|complain
cheerless,cheerful
chilling,heat|heat
chlamydeous,achlamydeous
choked,unclog|be born
cholinergic,anticholinergic
chondritic,achondritic
christian,unchristian
chromatic,diatonic|achromatic
chromatinic,achromatinic
chronic,acute
circular,square
cismontane,tramontane
civil,uncivil|sidereal
civilian,serviceman
civilian,military
civilised,noncivilized
civilized,noncivilized
clad,undress
clad,unclothed
clarifying,obfuscate
classic,nonclassical
classical,nonclassical
classified,declassify
classified,unclassified|unclassified
clayey,arenaceous
clean,dirty
clean,dirty|unclean|dirty|dirty
clean,unfairly
clean-handed,guilty
clear,clutter|overcast|bounce|convict
clear,unclear|opaque|ill-defined|cloudy
clear-thinking,confused
cleared,clutter|overcast|bounce|convict
cleared,uncleared
clearheaded,confused
clement,inclement|inclement
climactic,anticlimactic
clincher-built,carvel-built
clinker-built,carvel-built
clipped,unclip
clockwise,counterclockwise
clockwise,counterclockwise
clogged,unclog
clogging,unclog
close,open|open|open|open|open
close,distant|distant|far
closed,open|open|open|open|open
closed,open|open|open|open
closing,opening
closing,open|open|open|open|open
closing,opening
clothed,undress
clothed,unclothed
clotted,homogenize
clouded,clear up
cloudy,clear
cluttered,unclutter
coarse,fine
coastal,inland
coated,uncoated
coenobitic,eremitic
coenobitical,eremitic
cognisable,unknowable
cognisant,unaware
cognizable,unknowable
cognizant,unaware
cognoscible,unknowable
coherent,incoherent|incoherent
coiled,uncoil
coiled,uncoiled
coiling,uncoil
cold,hotness
cold,hot|hot
cold-blooded,warm-blooded
coldhearted,warmhearted
collapsable,noncollapsible
collapsible,noncollapsible
collateral,lineal
collect,spread
collected,spread
collected,uncollected;ungathered
collective,distributive
colonised,decolonize;decolonise
colonized,decolonize;decolonise
color,colorlessness
color,discolor
color,black-and-white
colored,discolor
colored,uncolored
colorful,colorless|colorless;colourless|uncolored
colorless,colorful;colourful|colorful
colour,colorlessness
colour,discolor
colour,black-and-white
coloured,discolor
coloured,uncolored
colourful,colorless;colourless|colorless
colourless,colorful;colourful|colorful
columned,noncolumned
combed,uncombed
combinative,noncombinative
combinatory,noncombinative
combined,uncombined
combustible,noncombustible
comestible,inedible
comfortable,uncomfortable|uncomfortable
comfy,uncomfortable
coming,go|leave
commensurate,incommensurate
commercial,noncommercial
commissioned,noncommissioned
committed,divest
committed,uncommitted|unattached
commodious,incommodious
common,individual|uncommon
communicative,uncommunicative
communicatory,uncommunicative
commutable,incommutable
compact,decompress
compact,loose
comparable,incomparable
comparative,absolute
compartmented,uncompartmented
compassionate,uncompassionate
compatible,incompatible|incompatible
compensated,wrong
competent,incompetent|incompetent
competitive,noncompetitive
competitory,noncompetitive
complaining,cheer
complaining,uncomplaining
complaintive,uncomplaining
complete,incomplete
complex,simple
compliant,defiant
complicated,simplify
complimentary,uncomplimentary
composed,discomposed
compound,simple
comprehendible,incomprehensible
comprehensible,incomprehensible
comprehensive,noncomprehensive
compressed,decompress
compressible,incompressible
compromising,uncompromising
concave,convex
concealed,show
concealed,unconcealed
concealing,show
concealing,revealing
concentrated,decentralize;decentralise;deconcentrate
concentrated,distributed|soft|unsaturated
concentric,eccentric
concentrical,eccentric
concerned,unconcerned
conciliative,antagonistic
conciliatory,uncompromising|antagonistic
concise,prolix
conclusive,inconclusive
concrete,abstract
concurring,disagree
conditional,unconditional
conditioned,unconditioned
conductive,nonconductive
confident,diffident
confined,free
confined,invasive|unconfined
confining,free
confirmed,negate
confirmed,unconfirmed
confirming,negate
confirming,negative
confluent,distributary
conforming,deviate
conformist,nonconformist
conformist,nonconformist
confused,clearheaded
congenial,uncongenial
congested,unclog
congruent,incongruous|incongruent
congruous,incongruous
conjoined,disjoin
conjunct,disjunct
conjunctive,disjunctive
connate,adnate
connected,disconnect|dissociate|unplug
connected,unconnected
connotative,denotative
conquerable,unconquerable
conscientious,unconscientious
conscious,unconscious
consecrate,desecrate
consecrate,desecrated
consecrated,desecrate
consecrated,desecrated
consenting,refuse
conservative,liberal
conservative,liberal
conserved,waste
considerable,inconsiderable
considerate,inconsiderate
consistent,inconsistent|unreproducible|incoherent
consolable,inconsolable
consonant,vowel
consonantal,vocalic
conspicuous,inconspicuous
constant,inconstant
constipated,unconstipated
constituted,unestablished
constitutional,unconstitutional
constricted,unconstricted
constructive,destructive
consuming,abstain
consummated,unconsummated
consumptive,generative
contaminated,decontaminate
contaminated,uncontaminated
contaminating,decontaminate
contaminating,clean
contemptible,estimable
content,discontent
content,discontented
contented,discontent
contented,discontented
contestable,incontestable
contested,uncontested
continent,incontinent
continental,intercontinental
continual,sporadic
continuant,stop consonant
continued,discontinue|discontinue
continued,discontinued
continuing,discontinue|discontinue
continuous,discontinuous|discontinuous
contraclockwise,clockwise
contracted,stretch;expand|widen|expand
contracted,expanded
contralateral,ipsilateral
contrapuntal,monophonic
contrasty,flat
controlled,uncontrolled
controversial,uncontroversial
convenient,inconvenient|incommodious
conventional,unconventional|nuclear|unconventional
convergent,divergent
convertible,inconvertible
convex,concave
convinced,unconvinced
convincing,unconvincing
cooked,raw
cool,heat|heat
cool,warm|warm|warm
cooperative,uncooperative
coordinating,subordinating
coordinative,subordinating
corked,uncork
corking,uncork
corporeal,incorporeal
correct,falsify|wrong
correct,incorrect;wrong|wrong
corrected,falsify|wrong
corrected,uncorrected
corresponding,disagree
corrigible,incorrigible
corrupt,incorrupt|straight
cosmopolitan,endemic|provincial
costive,laxative
counterclockwise,clockwise
counterclockwise,clockwise
counterfeit,genuine
counterrevolutionary,revolutionary
coupled,uncouple
courageous,cowardly
courteous,discourteous
cousinly,uncousinly
covered,uncover
covered,bare
covert,overt
cowardly,brave
crannied,uncrannied
creative,uncreative
credible,incredible
credited,debit
credulous,incredulous
crescendo,decrescendo
critical,uncritical|noncritical|uncritical|noncritical
crooked,straight|straight
cross,uncross
cross-eyed,walleyed
crossbred,purebred
crossed,uncross
crossed,uncrossed|uncrossed
crosswise,lengthwise
crowded,uncrowded
crowned,uncrowned|unlaureled|uncrowned
crownless,crowned
crucial,noncrucial
crude,refined
crying,laugh
crystalline,noncrystalline
crystallised,uncrystallized
crystallized,uncrystallized
cubic,linear
cultivated,uncultivated
curable,incurable
curdled,homogenize
curious,incurious
curled,uncoil
curling,uncoil
curly,straight
current,noncurrent
cursed,bless|communicate
cursed,blessed
cursorial,fossorial
curst,bless|communicate
curst,blessed
curtained,curtainless
curtainless,curtained
curved,straight
curving,straight
custom,ready-made
custom-built,ready-made
custom-made,ready-made
custom-made,ready-made
cut,switch on|expand
cut,uncut|uncut|untrimmed|unmown|uncut
cutting,switch on|expand
cyclic,acyclic|acyclic|noncyclic
cyclical,noncyclic
damaged,undamaged
damn,bless
damned,bless
damning,bless
dangerous,safe
daring,timidity
dark,light|day
dark,light|light
darkened,lighten|brighten
darkening,lighten|brighten
datable,undatable
dateable,undatable
de-iodinating,iodinate
de-iodinating,iodinating
de facto,de jure
de jure,de facto
de jure,unlawfully
dead,living
dead,alive|live
deadened,enliven
deadening,enliven
deaf,hearing
debilitating,invigorating
deceased,be born
decent,indecent
decent,improperly
decentralised,centralize;concentrate
decentralised,centralized
decentralising,centralize;concentrate
decentralising,centralizing
decentralized,centralize;concentrate
decentralized,centralized
decentralizing,centralize;concentrate
decentralizing,centralizing
deciduous,evergreen
deciphered,encode
deciphered,undeciphered
decisive,indecisive|indecisive
declarative,interrogative;interrogatory
declaratory,interrogative;interrogatory
declared,undeclared
declassified,classify
deconsecrated,consecrate
decorated,unadorned
decorous,indecorous
decreased,increase|increase
decreased,increased
decreasing,increase|increase
decreasing,increasing|increasing
decrescendo,crescendo
dedicated,undedicated|desecrated
dedifferentiated,differentiate
deductible,nondeductible
deductive,inductive
deep,shallow|shallow
defeasible,indefeasible
defeated,undefeated
defending,attack|prosecute
defensive,offensive
defiant,compliant
deficient,sufficient
defined,undefined
definite,indefinite
deflated,inflate|inflate|inflate
deflationary,inflationary
deformed,unbend
degenerate,recuperate
degraded,aggrade
degrading,aggrade
dehiscent,indehiscent
dehumanised,humanize
dehumanized,humanize
dehydrated,hydrate
dejected,elate
dejected,elated
delayed,rush
delicate,rugged
delighted,displease|disenchant
delineate,undelineated
delineated,undelineated
demanding,obviate
demanding,undemanding
democratic,undemocratic
demonstrated,disprove
demonstrative,undemonstrative
demoralised,elate
demoralising,elate
demoralized,elate
demoralizing,elate
demythologised,mythologize
demythologized,mythologize
deniable,undeniable
denotative,connotative
denotive,connotative
departed,come|conform|stay
dependable,unreliable;undependable
dependent,independent|independent
depreciating,appreciate|appreciate
depressant,stimulative
depressed,elate
depressing,elate
depressing,cheerful
deprived,enrich
derivational,inflectional
derived,underived
descendant,ancestor
descendent,ancestor
descending,ascend;rise
descending,ascending
descriptive,undescriptive|prescriptive
desecrated,consecrate
desecrated,consecrated
desensitising,sensitize;sensitise|sensitize
desensitising,sensitizing
desensitizing,sensitize;sensitise|sensitize
desensitizing,sensitizing
deserved,unmerited
desiccate,hydrate
desiccated,hydrate
designed,undesigned
desirable,undesirable
desirous,undesirous
despairing,hope
destroyed,preserved
destructible,indestructible
destructive,constructive
detachable,attachable
detached,attach|attach
detached,attached
detected,undetected
determinable,indeterminable
determinate,indeterminate|indeterminate
determined,undetermined
detested,love
devalued,appreciate
developed,undeveloped
deviate,conform
dextral,sinistral
diabatic,adiabatic
diachronic,synchronic
diadromous,anadromous
diatonic,chromatic
diclinous,monoclinous
dicotyledonous,monocotyledonous
different,same|like
differentiated,integrate|dedifferentiate
differentiated,undifferentiated
difficult,easy|manageable
diffident,confident
diffuse,hard
diffused,hard
digestible,indigestible
digital,analogue
digitigrade,plantigrade mammal
digitigrade,plantigrade
dignified,undignified
diligent,negligent
dilute,undiluted
diluted,undiluted
dim,focus
dim,undimmed
diminished,increase
diminished,hypertrophied
diminishing,increase
dimmed,focus
dimmed,undimmed
dioecian,monoecious
dioecious,monoecious
diploid,polyploid
diplomatic,undiplomatic
diplomatical,undiplomatic
direct,indirect|indirect|collateral|retrograde|inverse|alternating
directional,omnidirectional
dirty,clean
dirty,clean|clean|clean
disabled,enable
disabling,enable
disabling,enabling
disadvantaged,advantage
disadvantageous,advantageous
disagreeable,agreeable
disapproving,approve|approve
disarming,arming;armament
disarming,arm
disarranged,arrange
disarranged,arranged
disarrayed,order
disbelieving,believe
discalceate,calced
discalced,calced
discernable,indiscernible
discernible,indiscernible
discerning,undiscerning
discharged,charge|convict|enlist|fill
discomposed,composed
disconfirming,positive
disconnected,plug in|connect
disconnected,legato
disconsolate,consolable
discontent,contentment
discontent,content
discontent,contented
discontented,content
discontented,contented
discontinued,continue|continue
discontinued,continued
discontinuous,continuous|continuous
discordant,accordant
discouraged,encourage
discouraging,encourage
discouraging,encouraging
discourteous,courteous
discredited,believe
discreet,indiscreet
discriminate,indiscriminate
discriminating,undiscriminating
discriminatory,unprejudiced
disenchanted,enchant
disenchanted,enchanted
disenchanting,enchant
disenfranchised,enfranchise
disenfranchised,enfranchised
disentangled,entangle;snarl
disfranchised,enfranchise
disfranchised,enfranchised
disgraced,honor
disheartened,hearten
disheartening,hearten
dishonest,honest
dishonorable,honorable|honest
dishonored,honor|honor
dishonourable,honorable
disillusioned,enchant
disillusioning,enchant
disinclined,dispose
disinclined,inclined
disingenuous,ingenuous
disinherited,bequeath
disintegrative,integrative
disjoined,join|join
disjoint,join|join
disjointed,join|join
disjunct,conjunct
disjunctive,conjunctive
disliked,like
disliked,liked
disloyal,patriotic|loyal
dismantled,raise|assemble
dismayed,elate
dismaying,elate
dismissed,hire
disobedient,obedient
disobliging,oblige
disordered,order
disordered,ordered
disorderly,orderly
disorganised,organize;organise
disorganised,organized
disorganized,organize;organise
disorganized,organized
disoriented,orient
disorienting,orient
disorienting,orienting
disparaging,flatter
dispensable,indispensable
dispirited,elate
dispiriting,elate
displeased,please
displeased,pleased
displeasing,please
displeasing,pleasing
disposable,nondisposable|nondisposable
disposed,indispose|disqualify
disproportional,proportionate
disproportionate,proportionate
disqualified,qualify|qualify
disqualifying,qualify|qualify
disqualifying,enabling
disreputable,reputable
disrespectful,respectful
dissatisfied,satisfy
dissected,synthesize
dissenting,assent|agree
dissimilar,similar|alike|like
dissuasive,persuasive
distal,proximal|mesial
distant,close|close
distinct,indistinct
distinguishable,indistinguishable
distorted,untwist
distressed,euphoric
distributed,gather
distributed,concentrated
distributive,collective
distrustful,trustful
diurnal,nocturnal
divergent,convergent
diverging,converge|converge|converge|conform
diverging,convergent
diversified,specialize
diversified,undiversified
divided,unite|multiply
divided,united
divisible,indivisible
docile,stubborn
documented,undocumented
dolichocephalic,brachycephalic
dolichocranial,brachycephalic
dolichocranic,brachycephalic
domestic,foreign|undomestic
dominant,subordinate|recessive
domineering,submissive
done,unmake
dormant,active
dorsal,ventral|adaxial
double,single|multivalent
double-barreled,single-barreled
double-barrelled,single-barreled
double-breasted,single-breasted
down,up
down,up;upwards;upward;upwardly|up|up
downmarket,upmarket
downstage,upstage
downstage,upstage
downstair,upstairs
downstairs,upstairs
downstairs,upstairs
downstream,upstream
downstream,upriver;upstream
downtown,uptown
downtown,uptown
downward,up;upwards;upward;upwardly
downwind,upwind|leeward;upwind
drained,undrained
dramatic,undramatic|lyric
drawn,push|deposit|repel
dress,undress|undress
dressed,undress|undress
dried,wet
drinkable,undrinkable
driven,attract
driving,attract
dropping,sharpen|attend to|recuperate
drunk,sober
dry,wet
dry,wet|wet|wet|wet|sweet|phlegmy
dry-eyed,tearful
due,undue|undue
dull,sharpen
dull,lively|bright|sharp|sharp
dulled,sharpen
dying,birth
dying,be born
dying,nascent
dynamic,undynamic|stative
dynamical,undynamic
dysgenic,eugenic
dysphemistic,euphemistic
dysphoric,euphoric
dyspneal,breathing
dyspneic,breathing
dyspnoeal,breathing
dyspnoeic,breathing
dystopian,utopian
eager,uneager
eared,earless
earless,eared
earlier,middle|late|middle
earliest,middle|late|middle
early,middle|late|middle
early,late
earned,unearned
earthly,heavenly
east,west
easterly,westerly
eastern,western|western
easy,difficult|uneasy
easy,quickly
eatable,inedible
ebracteate,bracteate
eccentric,concentric
eccrine,apocrine
ecdemic,endemic
echoic,nonechoic
echt,counterfeit
ectomorphic,endomorphic
edible,inedible
edifying,unedifying
educated,uneducated
effective,ineffective
effectual,ineffective
efferent,afferent
effervescent,still|noneffervescent
efficacious,inefficacious|ineffective
efficient,inefficient
effortful,effortless
effortless,effortful
egalitarian,elitist
egocentric,altruistic
egoistic,altruistic
egoistical,altruistic
elaborate,contract
elaborated,contract
elastic,inelastic
elated,depress
elated,dejected
elating,depress
elderly,young
elected,appointive
elective,appointive
elegant,inelegant
elevated,demote|lower
eligible,ineligible
emboldened,dishearten
emmetropic,ametropic
emotional,cerebral|unemotional
empiric,theoretical
empirical,theoretical
employable,unemployable
employed,fire
employed,unemployed
empty,fill|fill
empty,full
enabling,disable
enabling,disabling
enchanted,disenchant
enchanted,disenchanted
enchanting,disenchant
enclosed,unenclosed
encouraged,discourage
encouraging,discourage
encouraging,discouraging
encumbered,unencumbered
end-stopped,run-on
ended,begin|begin
endemic,epidemic|cosmopolitan
endemical,epidemic
endergonic,exergonic
endocentric,exocentric
endocrinal,exocrine
endocrine,exocrine
endoergic,exoergic
endogamic,exogamous|exogamous
endogamous,exogamous|exogamous
endogenic,exogenous;exogenic
endogenous,exogenous;exogenic
endomorphic,mesomorphic
endothermal,exothermic
endothermic,exothermic
endowed,unendowed
endozoic,epizoic
enduring,enjoy
energetic,lethargic
energising,sedate;de-energize;de-energise
energizing,sedate;de-energize;de-energise
energy-absorbing,exoergic
energy-releasing,endoergic
enforceable,unenforceable
enforced,exempt
enforced,unenforced
enfranchised,disenfranchise
enfranchised,disenfranchised
engaged,fire|disengage|disengage
engaging,fire|disengage|disengage
enlarged,reduce|contract
enlarged,atrophied
enlightened,uninitiate
enlightened,unenlightened
enlightening,unenlightening|unedifying
enlivened,deaden
enlivened,unenlivened
enlivening,deaden
enraptured,disenchant
entangled,disentangle;unsnarl
enterprising,unenterprising
enthralled,disenchant|disenchant
enthralling,disenchant|disenchant
enthusiastic,unenthusiastic
entomophilous,anemophilous
entozoan,epizoic
entozoic,epizoic
epidemic,endemic
epizoic,entozoic
equal,differ
equal,unequal|inadequate
equatorial,polar
equipped,unequipped|unfurnished
equipt,unequipped
equitable,inequitable
equivocal,unequivocal
eradicable,ineradicable
erect,level
erect,unerect
eremitic,cenobitic
eremitical,cenobitic
eruptive,aqueous
esoteric,exoteric
essential,inessential
essential,inessential|adjective
established,abolish|disprove
established,unestablished
esteemed,disrespect;disesteem
esthetic,inaesthetic
esthetical,inaesthetic
estimable,contemptible
estrous,anestrous
ethical,unethical
eucaryotic,prokaryotic;procaryotic
eugenic,dysgenic
eukaryotic,prokaryotic;procaryotic
euphemistic,dysphemistic
euphonious,cacophonous
euphonous,cacophonous
euphoric,dysphoric
eupneic,breathless
eupnoeic,breathless
eusporangiate,leptosporangiate
even,odd|uneven
eventful,uneventful
evergreen,deciduous plant
evergreen,deciduous
evil,good;goodness
evil,good
evitable,inevitable
ex vivo,in vivo
exacerbating,better
exact,inexact
exacting,unfastidious
exaggerated,understate
exasperated,better
exasperating,better
exaugural,inaugural
exchangeable,unexchangeable|inconvertible
excitable,unexcitable
excited,stifle|calm
excited,unexcited
exciting,stifle|calm
exciting,unexciting
exclusive,inclusive
exculpated,convict
exculpatory,inculpatory
excusable,inexcusable
excusatory,unapologetic
exempt,enforce
exempt,nonexempt|taxable
exergonic,endergonic
exhausted,unexhausted
exhaustible,inexhaustible
existent,nonexistent|unreal|potential
existing,nonexistent
exocentric,endocentric
exocrine,endocrine
exoergic,endoergic
exogamic,autogamous|endogamous
exogamous,autogamous|endogamous
exogenic,endogenous;endogenic
exogenous,endogenous;endogenic
exonerated,convict
exoteric,esoteric
exothermal,endothermic
exothermic,endothermic
expanded,contract|contract
expanded,contracted
expansive,unexpansive
expected,unexpected
expedient,inexpedient
expendable,unexpendable
expensive,cheap
experienced,inexperienced
experient,inexperienced
expired,be born|inhale
expired,unexpired
explicable,inexplicable
explicit,implicit
exploded,implode
exploited,unexploited
explorative,nonexploratory
exploratory,nonexploratory
explosive,nonexplosive
exportable,unexportable
exposed,cover
express,local
expressed,implicit
expressible,inexpressible
extant,extinct
extended,unextended
extensible,nonextensile
extensile,nonextensile
extensive,intensive
exterior,inside|inside
exterior,interior
external,internal
exterritorial,territorial
extinct,extant|active
extinguishable,inextinguishable
extinguished,ignite
extracellular,intracellular
extramural,intramural
extraordinary,ordinary
extrasensory,sensory
extraterritorial,territorial
extraversive,ambiversive
extravert,introvert
extricable,inextricable
extrinsic,intrinsic
extrospective,introspective
extroversive,ambiversive
extrovert,introvert
extroverted,introspective
extrusive,intrusive
eyed,eyeless
eyeless,eyed
faced,avoid|back
faced,faceless
faceless,faced
faceted,unfaceted
factory-made,homemade
facultative,obligate
fagged,refresh
failing,passing
failing,succeed|manage|pass|pass
fair,unfair|foul
fair,unfairly
faithful,unfaithful|unfaithful
fallen,ascend;rise|increase
fallible,infallible
falling,ascend;rise|increase
falling,rising
false,true
familiar,unfamiliar|strange
famished,be full|feed
fancy,plain
far,near
farsighted,nearsighted
fashionable,unfashionable|styleless
fast,slow|slow|slow
fastened,unfasten|unfasten
fastened,unfastened|unbuttoned|untied
fastidious,unfastidious|unfastidious
fat,leanness
fat,thin|nonfat
fat-free,fatty
fatal,nonfatal
fathomable,unfathomable
fatigued,refresh
fatless,fatty
fatty,thin person
fatty,nonfat
favorable,unfavorable|unfavorable
favourable,unfavorable|unfavorable
fearful,brave
fearless,afraid
feathered,unfeathered
featherless,feathered
featured,lack
febrile,afebrile
federal,unitary
felicitous,infelicitous
fell,ascend;rise|increase
female,male|male
female,androgynous
feminine,masculine|neuter|unwomanly
ferned,fernless
fernless,ferned
ferny,fernless
fertile,sterile
fetching,take away
feverish,afebrile
few,many
fewer,more|many
fewest,most|many
fictional,nonfictional
figurative,literal
filial,parental|parental
filled,empty|empty
filled,unfilled
financial,nonfinancial
fine,coarse
finer,coarse
fingered,fingerless
fingerless,fingered
finished,begin
finished,unfinished|unfinished
finite,infinite|infinite
fired,hire
first,middle
first,last|second
fiscal,nonfinancial
fissile,nonfissionable|nonfissile
fissionable,nonfissionable
fit,disagree
fit,unfit|unfit
fitted,disagree
fitter,unfit|unfit
fitting,disagree
fixed,break|unfasten
fixed,unfixed
flat,contrasty|natural
flat,indirectly
flat-bellied,bellied
flattened,sharpen
flattering,disparage
flattering,unflattering
fledged,unfledged
flexible,inflexible|inflexible|uncompromising
flexile,inflexible
flimsy,convincing
floating,sink
floored,ceilinged
flowering,flowerless
flowerless,flowering
focused,blur|blur|blur
focused,unfocused
focussed,blur|blur|blur
focussed,unfocused
folding,unfold|open
following,precede|predate|precede
following,leading
foolish,wise
footed,footless
footless,footed
forbearing,act
forbidden,permit;allow
forbidding,permit;allow
forced,pull|push
forceful,forceless
forceless,forceful
fore,aft
fore,aft
foregoing,postdate|claim
foregone,postdate|claim
forehand,backhand
forehanded,backhand
foreign,domestic|native
forfeit,claim
forfeited,claim
forgetful,retentive|mindful
forgettable,unforgettable
forgiving,unforgiving
forgotten,remember|remember|mind
formal,informal|informal
formalised,invalidate
formalized,invalidate
formed,unformed
former,latter
former,latter
forte,weak point
forte,piano
forte,piano
fortified,weaken|disarm
fortissimo,pianissimo
fortunate,unfortunate
forward,backward|backward|reverse
forward,backward|back;backward|aft
fossorial,cursorial
foul,unclog
foul,fair
fouled,unclog
found,abolish|lose
found,lost
four-footed,bipedal;biped
fractional,whole
fragrant,malodorous
frail,robust
framed,unframed
fraternal,identical|sisterly
free,confine|lodge|enforce|obstruct|blame|block;freeze
free,unfree|bound|unfree
free-lance,salaried
freelance,salaried
frequent,boycott;boycott
frequent,infrequent
fresh,stale|preserved|salty
fretted,unfretted
friendly,hostile
friendly,unfriendly|unfriendly|hostile
frivolous,serious
front,rear|rear|back
front,back
front,back
frozen,boil|unfreeze;unblock
frozen,unfrozen
fruitful,unfruitful
fueled,unfueled
fulfilled,fall short of|fall short of
full,wane
full,empty|thin
full-term,premature
full-time,part-time
full-time,half-time
functional,nonfunctional|organic
functioning,malfunction
functioning,malfunctioning
funded,unfunded
furnished,unfurnished
furrowed,unfurrowed
fused,defuse
future,past
future,past
gabled,hipped
garbed,undress
garmented,undress
gaseous,solid
gathered,spread
gathered,uncollected;ungathered
geared,ungeared
general,particular
general,specific|local
generalised,specify
generalized,specify
generative,consumptive
generic,varietal;varietal wine
generous,stingy|ungenerous
genuine,counterfeit
geocentric,heliocentric
geographic,magnetic
geographical,magnetic
germfree,germy
germy,germfree
gifted,untalented
gill-less,branchiate
gilled,abranchiate
given,take|starve
giving,take|starve
glad,sad
gladdened,sadden|sadden
glassed,unglazed
glassless,glazed
glazed,unglazed|unglazed
glorious,inglorious
gloved,gloveless
gloveless,gloved
gluttonous,abstemious
gnostic,agnostic
go,stay in place|come|malfunction|be born|stop
go,no-go
going,stay in place|come|malfunction|be born|stop
gone,stay in place|come|malfunction|be born|stop
good,evil;evilness|bad;badness
good,bad|evil
good,ill
good-natured,ill-natured
governing,deregulate
graceful,awkward
gracious,ungracious
gradual,sudden|steep
grammatical,ungrammatical
granted,deny
granular,achondritic
grassless,grassy
grassy,grassless
grateful,ungrateful
gratified,dissatisfy
gratifying,dissatisfy
greased,unlubricated
greater,lesser
green,ripe
gregarious,ungregarious|ungregarious
groomed,ungroomed
gross,net
growing,nondevelopment
grownup,juvenile
guided,unguided
guiltless,guilty
guilty,innocent
gusseted,ungusseted
gutless,gutsy
gutsy,gutless
habit-forming,nonaddictive
haired,hairless
hairless,hairy
hairy,hairless
half,whole
half-time,full-time
hallowed,desecrate
halt,start
halting,start
hand-crafted,machine-made
handed,handless
handled,handleless
handleless,handled
handless,handed
handmade,machine-made
haploid,diploid
haploidic,diploid
happy,unhappy
hard,easy|soft|soft|voiced|soft|soft
hard,lightly
hardened,soften|soften
hardened,untempered|soft
hardhearted,softhearted
harmful,harmless
harmless,harmful
harmonic,nonharmonic
harmonious,inharmonious
harnessed,unharness
harsh,fine
hated,love
hateful,lovable
hatless,hatted
hatted,hatless
headed,unheaded|headless
headless,headed
healthful,unhealthful|unsanitary
healthier,unhealthy
healthy,unhealthy
hearable,inaudible
hearing,deaf
heartening,dishearten
heartless,softhearted
heat-absorbing,exothermic
heat-releasing,endothermic
heated,cool|cool
heavenly,earthly
heavy,light|light|light|light|light|light
heavy-duty,light-duty
heavy-footed,light-footed
heedful,heedless
heedless,heedful
held,let go of|disagree
heliocentric,geocentric
helpful,unhelpful
herbivorous,omnivorous
here,there
here,there|there
heritable,noninheritable
heterocercal,homocercal
heterodactyl,zygodactyl
heteroecious,autoecious
heterogeneous,homogeneous|autogenous
heterogenous,homogeneous|autogenous
heterologic,analogous
heterological,analogous
heterologous,analogous|autologous
heterosexual,homosexual
heterotrophic,autotrophic
heterozygous,homozygous
heuristic,algorithmic
hi-tech,low-tech
hibernating,estivate
hidden,show
hierarchal,nonhierarchical
hierarchic,nonhierarchical
hierarchical,nonhierarchical
high,low|low spirits
high,low|low|low
high-interest,low-interest
high-pitched,low
high-resolution,low-resolution
high-rise,low-rise
high-sudsing,low-sudsing
high-tech,low-tech
high-tension,low-tension
higher,low|low|low
highland,lowland
highland,lowland
hipless,hipped
hipped,hipless|gabled
hired,fire
hired,unchartered
hirsute,hairless
historical,ahistorical|synchronic
holistic,atomistic
hollow,solid
holophytic,holozoic
holozoic,holophytic
holy,unholy
home,away
homemade,factory-made
homeopathic,allopathic
homocentric,eccentric
homocercal,heterocercal
homochromatic,polychromatic
homoecious,heteroecious
homogeneous,heterogeneous
homogenised,curdle;curdle|curdle
homogenized,curdle;curdle|curdle
homogenous,heterogeneous
homologous,analogous|heterologous
homosexual,bisexual
homozygous,heterozygous
honest,dishonest
honorable,dishonest|dishonorable
honored,dishonor|disrespect|dishonor
honourable,dishonorable
hoofed,unguiculate
hooked,unhook|undercharge
hooved,unguiculate
hopeful,hopeless
hopeless,hopeful
horizontal,vertical
horned,hornless
hornless,horned
hospitable,inhospitable|inhospitable
hostile,friendly
hostile,amicable|friendly
hot,cold|cold
human,nonhuman
humane,inhumane
humble,proud
humorless,humorous
humorous,humorless
humourless,humorous
humourous,humorless
hungry,thirsty
hurried,delay
hurried,unhurried
hurrying,delay
hurt,be well
husbandly,wifely
hushed,louden|louden
hydrated,dehydrate
hydrated,anhydrous
hydric,mesic
hydrokinetic,hydrostatic
hydrophilic,hydrophobic
hydrophobic,hydrophilic
hydrostatic,hydrokinetic
hydrous,anhydrous
hypercatalectic,acatalectic
hypertensive,hypotensive
hypertonic,hypotonic|hypotonic
hypertrophied,atrophied
hypognathous,opisthognathous
hypotensive,normotensive
hypotonic,hypertonic|isotonic
identical,fraternal
identifiable,unidentifiable
idiographic,nomothetic
idle,run|work
idle,busy
igneous,aqueous
ignited,extinguish
ignoble,noble
ignored,notice|know
ill,well
ill,well|well
ill-advised,well-advised
ill-defined,well-defined
ill-formed,grammatical
ill-natured,good-natured
ill-smelling,fragrant
ill-treated,unabused
illegal,legal
illegible,legible
illegitimate,legitimate
illicit,licit
illiterate,literate|literate
illogical,logical
illuminating,unenlightening
imbalanced,balanced
imitation,formalism
imitative,nonimitative|nonechoic|genuine
immanent,transeunt
immaterial,material|corporeal|material
immature,mature|old|ripe|mature|fledged
immeasurable,measurable
immediate,mediate
immensurable,measurable
immiscible,miscible
immobile,mobile
immoderate,moderate
immodest,modest|modest
immoral,moral
immortal,mortal
immunocompetent,immunodeficient
immunodeficient,immunocompetent
immutable,mutable
impaired,unimpaired
impalpable,tangible|palpable
impartial,partial|prejudiced
impassable,passable
impatient,patient
impeded,free
impeding,free
impenetrable,penetrable
impenitent,penitent;repentant
imperative,beseeching
imperceptible,perceptible
imperfect,perfect
imperishable,perishable
impermanent,permanent
impermeable,permeable
impermissible,permissible
impersonal,personal
imperviable,pervious
impervious,pervious
impious,pious
implacable,placable
implausible,plausible
implemented,exempt
implemented,unenforced
implicit,explicit
imploring,imperative
impolite,polite
impolitic,politic
imponderable,ponderable
important,unimportant|insignificant|noncrucial
imported,export|export
impossible,possible
impotent,potent|potent
impoverished,enrich|enrich
impractical,practical
imprecise,precise
impressible,unimpressionable
impressionable,unimpressionable
impressive,unimpressive
improbable,probable
improper,proper
improved,worsen|worsen
improved,unimproved
improvident,provident
improving,worsen|worsen
imprudent,prudent
impure,pure|pure|clean
in vitro,in vivo
in vivo,in vitro
inaccessible,accessible
inaccurate,accurate
inactive,active|operational|active|active|active|active|active|active
inadequate,adequate
inadmissible,admissible
inadvisable,advisable
inaesthetic,aesthetic
inalienable,alienable
inalterable,alterable
inanimate,animate|animate
inappropriate,appropriate
inarticulate,articulate
inattentive,attentive
inaudible,audible
inaugural,exaugural
inauspicious,auspicious
inboard,outboard
inbred,outbred
incalculable,calculable
incapable,capable|capable
incapacitated,enable
incapacitating,enable
incarnate,disincarnate
incautious,cautious
incertain,certain;sure
incident,basic
incidental,basic
inclement,clement|clement
inclined,indispose
inclined,disinclined|horizontal
included,exclude|exclude|exclude
inclusive,exclusive
incognizant,aware
incoherent,coherent|coherent
incombustible,combustible
incoming,outgoing|outgoing
incommensurate,commensurate
incommodious,commodious
incommunicative,communicative
incommutable,commutable
incomparable,comparable
incompatible,compatible|synergistic|congenial|compatible
incompetent,competent|competent
incomplete,complete
incomprehensible,explicable|comprehensible
incomprehensive,comprehensive
incompressible,compressible
inconclusive,conclusive
incongruent,congruent
incongruous,congruous
inconsiderable,considerable
inconsiderate,considerate
inconsistent,consistent
inconsolable,consolable
inconspicuous,conspicuous
inconstant,constant
incontestable,contestable
incontestible,contestable
incontinent,continent
inconvenient,convenient
inconvertible,convertible
incorporate,disintegrate
incorporated,disintegrate
incorporeal,corporeal
incorrect,correct;right
incorrigible,corrigible
incorrupt,corrupt
increased,decrease|decrease
increased,decreased
increasing,decrease|decrease
increasing,decreasing|decreasing
incredible,credible
incredulous,credulous
inculpative,exculpatory
inculpatory,exculpatory
incurable,curable
incurious,curious
indecent,decent
indecisive,decisive|decisive
indecorous,decorous
indefeasible,defeasible
indefinite,definite
indehiscent,dehiscent
indelicate,decorous
independent,dependent|dependent
indestructible,destructible
indeterminable,determinable
indeterminate,determinate|determinate
indigestible,digestible
indirect,direct|lineal|direct
indiscernible,discernible
indiscreet,discreet
indiscriminate,discriminate
indiscriminating,discriminating
indispensable,dispensable
indisposed,dispose|qualify
indissoluble,soluble
indistinct,distinct
indistinguishable,distinguishable
individual,common
individualised,depersonalize;depersonalise
individualized,depersonalize;depersonalise
indivisible,divisible
indoor,outdoor
induced,spontaneous
inductive,deductive
indulgent,nonindulgent
indurate,soften|soften
industrial,nonindustrial
inebriated,sober
inedible,edible
ineffective,effective
ineffectual,effective
inefficacious,efficacious
inefficient,efficient
inelastic,elastic
inelegant,elegant
ineligible,eligible
inequitable,equitable
ineradicable,eradicable
inessential,essential
inessential,essential
inevitable,evitable
inexact,exact
inexcusable,excusable
inexhaustible,exhaustible
inexpedient,expedient
inexpensive,expensive
inexperienced,experienced
inexperient,experienced
inexplicable,explicable
inexplicit,explicit
inexpressible,expressible
inextensible,extensile
inextinguishable,extinguishable
inextricable,extricable
infallible,fallible
infected,disinfect
infected,antiseptic
infectious,noninfectious
infelicitous,felicitous
inferior,superior|superscript
inferior,superior|superior|adscript|superior
infernal,supernal
infertile,fertile
infinite,finite|finite
inflated,deflate|deflate|deflate
inflationary,deflationary
inflected,uninflected|uninflected
inflectional,derivational
inflexible,flexible|compromising|flexible
influential,uninfluential
informal,formal|formal
informative,unenlightening|uninstructive|uninformative
informatory,uninformative
informed,uninformed
infrequent,frequent
ingenuous,disingenuous
inglorious,glorious
inhabited,uninhabited
inharmonious,harmonious
inheritable,noninheritable
inhibited,uninhibited
inhospitable,hospitable|hospitable
inhumane,humane
inhumed,unburied
injectable,uninjectable
injured,uninjured
inland,coastal
innate,conditioned
inner,outer
innocent,guilty
innocuous,noxious
innumerate,numerate
inodorous,odorous
inoffensive,offensive|offensive|dysphemistic
inoperable,operable
inoperative,operative
inopportune,opportune
inorganic,organic|organic
inquiring,uninquiring
inquisitorial,accusatorial
insane,sane
insanitary,sanitary
insatiable,satiate
insatiate,satiate
insectivorous,carnivorous
insecure,secure|secure|secure
insensate,sentient
insensible,sensible
insensitive,sensitive|sensitive
insentient,sentient
inshore,offshore
inside,outside|outside
inside,outside
inside,outside;outdoors|outside|outwardly
insignificant,significant
insincere,sincere
insoluble,soluble|soluble
insolvent,solvent
inspired,exhale
inspiring,exhale
inspiring,uninspiring
institutional,noninstitutional
institutionalised,noninstitutionalized
institutionalized,noninstitutionalized
instructive,uninstructive
instrumental,vocal
insubordinate,subordinate
insubstantial,substantial
insufficient,sufficient
insured,uninsured
insurmountable,surmountable
insusceptible,susceptible
intangible,tangible|tangible
integrated,disintegrate|segregate|differentiate
integrated,nonintegrated|segregated
integrative,disintegrative
intellectual,nonintellectual|emotional
intelligent,unintelligent
intelligible,unintelligible
intemperate,temperate|temperate
intended,unintended
intense,mild
intensified,de-escalate
intensifying,de-escalate
intensifying,moderating
intensive,extensive
intentional,undesigned
interactive,antagonistic
intercontinental,continental
interdepartmental,intradepartmental
interested,bore
interested,uninterested
interesting,bore
interesting,uninteresting
interior,outside|outside
interior,exterior
interlaced,untwine
interlacing,untwine
intermediate,terminal
internal,external
international,national
interred,unburied
interrogative,declarative;declaratory
interrogatory,declarative;declaratory
interspecies,intraspecies
interspecific,intraspecies
interstate,intrastate
interwoven,unweave
intestate,testate
intolerable,tolerable
intolerant,tolerant
intoxicated,depress
intoxicated,sober
intoxicating,depress
intra vires,ultra vires
intracellular,extracellular
intractable,tractable
intradepartmental,interdepartmental
intramural,extramural
intransitive,transitive
intraspecies,interspecies
intraspecific,interspecies
intrastate,interstate
intrinsic,extrinsic
intrinsical,extrinsic
introspective,extrospective
introversive,extroversive
introverted,extrospective
introvertive,extroversive
intrusive,unintrusive|extrusive|protrusive
invalid,valid
invalidated,validate|validate|validate
invalidating,validate|validate|validate
invariable,variable
invasive,noninvasive|confined
inverse,direct
invertebrate,vertebrate
inverted,amphitropous
invertible,non-invertible
invigorated,deaden
invigorating,deaden
invigorating,debilitating
inviolable,violable
invisible,visible|conspicuous
inviting,uninviting
involuntary,voluntary|voluntary
involved,obviate
involved,uninvolved
invulnerable,vulnerable
inward,outward
inward,outward
iodinated,de-iodinate
iodinating,de-iodinate
iodinating,de-iodinating
ionic,nonionic
ionised,nonionized
ionized,nonionized
ipsilateral,contralateral
ironed,unironed
irrational,rational|rational
irreconcilable,reconcilable
irrecoverable,recoverable
irreducible,reducible
irregular,regular|regular|regular
irrelevant,relevant
irreligious,religious
irremediable,remediable
irremovable,removable
irreparable,reparable
irreplaceable,replaceable
irreproducible,reproducible
irresistible,resistible
irresolute,resolute
irresponsible,responsible
irreverent,reverent
irreversible,reversible
irrevocable,revocable
irrevokable,revocable
irritated,soothe
irritating,soothe
isometric,isotonic
isosmotic,hypertonic
isotonic,hypertonic|isometric
isotropic,anisotropic
isotropous,anisotropic
jade,refresh
jaded,refresh
jammed,free
jawed,jawless
jawless,jawed
joined,disjoin|disjoin
joint,separate
jolly,unreasonably;immoderately
jolting,smooth
jolty,smooth
joyful,sorrowful
joyless,joyous
joyous,joyless
judgmental,nonjudgmental
juiceless,juicy
juicy,juiceless
jumpy,smooth
junior,senior
just,unjust|inequitable|unfair
justified,blame
juvenile,adult
katabatic,anabatic
katabolic,anabolic
kept,discontinue|lose|let|break
kept,broken
key,atonality
keyed,keyless
keyless,keyed
kind,unkind
kindly,unkindly
knotted,unravel;unknot
knowable,unknowable
knowing,ignore
known,ignore
known,unknown
labeled,unlabeled
labelled,unlabeled
laced,untwine
laced,unlaced
lacking,have
lactating,bottlefeed
lactating,dry
lamented,unlamented
landed,landless
landless,landed
lap-strake,carvel-built
lap-straked,carvel-built
lap-streak,carvel-built
lap-streaked,carvel-built
larboard,starboard
large,small;little
larger,small;little
lashing,unlash
last,first
lasting,impermanent|caducous
late,early|early|early
late,early
later,early|early|early|early
latest,early|early|early
latter,former
latter,former
laughing,cry
laureled,unlaureled
laurelled,unlaureled
lawful,unlawful
lax,tense|tense
laxative,costive
lay,stand|arise
leaded,follow
leaded,unleaded
leading,follow
leading,following
leadless,leaded
leafless,leafy
leafy,leafless
leaky,tight
lean,fat|rich
learned,unconditioned
leased,unchartered
least,most
least,most
leaved,arrive|enter|disinherit
leavened,unleavened
lee,windward
leeward,windward|windward
leeward,windward
leeward,windward;downwind
left,right
left,arrive|enter|disinherit
left,right|center
left,right
left-handed,ambidextrous
legal,illegal
legato,staccato
legato,staccato
legged,legless
legible,illegible
legitimate,outlaw;outlaw;criminalize;criminalise
legitimate,illegitimate
legless,legged
lengthened,shorten|shorten
lengthways,crosswise
lengthwise,crosswise
lentic,lotic
leptorhine,catarrhine
leptorrhine,catarrhine
leptorrhinian,catarrhine
leptorrhinic,catarrhine
leptosporangiate,eusporangiate
less,more
less,more|more
lessened,increase|increase
lesser,greater|more
lethargic,energetic
level,raise
liberal,conservative
liberal,conservative
liberated,confine
licenced,decertify
licensed,decertify
licit,illicit
lidded,lidless
lidless,lidded
lifted,lower|fall
light,dark
light,extinguish
light,heavy|dark|heavy|heavy|heavy|dark|heavy|heavy
light-colored,dark
light-duty,heavy-duty
light-footed,heavy-footed
light-haired,brunet
lighted,extinguish
lighted,unlighted
likable,unsympathetic
like,dislike
like,unlike|unlike|unalike
likeable,unsympathetic
liked,dislike
liked,disliked
likely,unlikely|improbable
limbed,limbless
limbless,limbed
limited,local
limited,unlimited
limitless,limited
lineal,collateral
linear,nonlinear|planar|digital
lined,unlined
lingual,nonlinguistic
linguistic,nonlinguistic
linked,dissociate|disconnect
lipless,lipped
lipped,lipless
liquid,gaseous|unmelted
liquified,unmelted
listed,unlisted
lit,extinguish
lit,unlighted
literal,figurative
literate,illiterate|illiterate
little,large;big|much|tall
littler,large;big|much|tall
livable,unlivable
live,recorded|dead|dead
live-bearing,oviparous
liveable,unlivable
lively,dull
liveried,unliveried
living,dead
loaded,unloaded
loamless,loamy
loamy,loamless
local,express
local,national|general
logical,illogical|incoherent
long,short|short|unretentive|short|short
long-spurred,short-spurred
looking,back
loose,confine|stiffen|stiffen
loose,compact|tight|affixed
loosened,stiffen|stiffen
lossless,lossy
lossy,lossless
lost,keep|win|find|profit|win|gain
lost,found|saved|won
lotic,lentic
loud,soft|piano
loud,softly
lovable,hateful
loveable,hateful
loved,hate
loved,unloved
loving,hate
loving,unloving
low,high
low,high|high|high
low-class,middle-class
low-interest,high-interest
low-level,dominant
low-pitched,high
low-resolution,high-resolution
low-rise,high-rise
low-sudsing,high-sudsing
low-tech,high-tech
low-tension,high-tension
low-voltage,high-tension
lowborn,noble
lower-class,middle-class
lowercase,uppercase
lowercase,uppercase
lowered,raise
lowered,raised
lowering,raise
lowest,high|high|high
lowland,highland
lowland,upland
loyal,disloyal|unpatriotic
lubricated,unlubricated
luckless,lucky
lucky,unlucky
lyric,dramatic
machine-made,handmade
made,unmake|break
made,unmade
magnetic,antimagnetic|nonmagnetic|geographic
magnetised,demagnetize;demagnetise
magnetised,antimagnetic
magnetized,demagnetize;demagnetise
magnetized,antimagnetic
magnified,understate|reduce
main,dependent
major,minor|minor|minor|minor|minor|minor|minor
majuscule,lowercase
majuscule,minuscule
maladaptive,adaptive
maladjusted,adjusted
maladroit,adroit
malapropos,apropos
malapropos,opportunely
male,female|female
male,female
maledict,bless
maleficent,beneficent
malfunctioning,function
malfunctioning,functioning
malicious,unmalicious
malign,benign
malignant,benign
malnourished,nourished
malodorous,fragrant
malodourous,fragrant
malted,unmalted
maltreated,unabused
manageable,unmanageable
manful,unmanly
manipulable,intractable
manlike,unmanly
manly,unmanly
manly,unmanfully
manned,unmanned
manual,automatic
many,few
many-sided,unilateral
marked,ignore
marked,unmarked
married,unmarried
masculine,feminine|feminine
masked,unmask
masochistic,sadistic
mat,disentangle;unsnarl
matched,disagree
matched,mismatched
matching,disagree
mated,disentangle;unsnarl
mated,unmated
material,immaterial|immaterial|incorporeal|insubstantial
maternal,paternal|filial
mathematical,verbal
matriarchal,patriarchal
matted,disentangle;unsnarl
mature,immature|immature|green|unfledged
maxi,mini
maximal,minimal;minimum
maximising,minimize;minimise
maximizing,minimize;minimise
maximum,minimum|minimum
maximum,minimal;minimum
meager,ample
meagerly,ample
meagerly,amply
meagre,ample
meaningful,meaningless
meaningless,meaningful
meanspirited,generous
measurable,immeasurable
meatless,meaty
meaty,meatless
mechanical,nonmechanical
mediate,immediate
medical,surgical
medullated,unmyelinated
meet,diverge
melodic,unmelodious
melodious,tuneless|unmelodious
melted,unmelted
membered,memberless
memberless,membered
mensurable,immeasurable
mental,physical
merciful,merciless
merciless,merciful
merged,disunify
merging,disunify
merited,unmerited
meshed,disengage
mesial,distal
mesic,xeric
mesomorphic,ectomorphic
metabolic,ametabolic
metabolous,ametabolic
metal,nonmetallic
metallic,nonmetallic
metamorphic,nonmetamorphic
middle,end|end
middle,late|late
middle-class,upper-class
middling,unreasonably;immoderately
midi,maxi
migratory,nonmigratory
mild,intense
militarised,demilitarize;demilitarise
militarized,demilitarize;demilitarise
military,unmilitary|civilian
minded,forget
mindful,unmindful
mindless,mindful
mined,unmined
mini,midi
minimal,maximal;maximum
minimized,maximize;maximise|overstate
minimum,maximum|maximum
minimum,maximal;maximum
minor,major|major|major|major|major|major|major
minus,plus
minuscular,majuscule
minuscule,uppercase
minuscule,majuscule
miscible,immiscible
mismatched,matched
missed,attend|attend to|have|hit
missing,attend|attend to|have|hit
mistreated,unabused
misused,used
mitigated,unmitigated
mixable,immiscible
mixed,segregate
mobile,stabile
mobile,immobile
moderate,immoderate
moderating,intensifying
modern,old style
modern,nonmodern
modest,immodest|immodest
modifiable,unmodifiable
modified,unmodified
modulated,unmodulated
molar,molecular
molecular,molar
monaural,binaural
monecious,dioecious
moneyed,moneyless
moneyless,moneyed
monied,moneyless
monochromatic,polychromatic
monoclinic,triclinic
monoclinous,diclinous
monocotyledonous,dicotyledonous
monoecious,dioecious
monogamous,polygamous
monoicous,dioecious
monolingual,multilingual
mononuclear,binucleate
mononucleate,binucleate
monophonic,polyphonic
monoploid,diploid
monotheistic,polytheistic
monotone,nonmonotonic
monotonic,nonmonotonic
monovalent,polyvalent|polyvalent
monovular,fraternal
moonless,moonlit
moonlit,moonless
moony,moonless
moral,immoral
more,less|fewer
more,less|less
more than,less
mortal,immortal
most,fewest|least
most,least
motivated,unmotivated
motored,unmotorized
motorial,afferent
motorised,unmotorized
motorized,unmotorized
motorless,motorized
mounted,wane|hop out
mouthless,stomatous
moved,stay in place|stand still|stay|rest|refrain
moved,unmoved
moving,stay in place|stand still|stay|rest|refrain
moving,nonmoving|unmoving|still
mown,unmown
much,little
multidimensional,unidimensional
multiform,uniform
multilane,single-lane
multilateral,unilateral
multilingual,monolingual
multinucleate,uninucleate
multiparous,uniparous
multiple,single
multiple-choice,true-false
multiplied,divide
multivalent,univalent|monovalent
muscular,ectomorphic
musical,unmusical|unmusical|unmelodious
mutable,immutable
mutual,nonreciprocal
myelinated,unmyelinated
myopic,farsighted
mystified,demystify
mystifying,demystify
naif,sophisticated
naive,sophisticated
narrow,widen|diversify;diversify
narrow,wide|broad-minded|wide
narrow-minded,unshockable|broad-minded
narrowed,widen|diversify;diversify
narrowing,widening|widening
narrowing,widen|diversify;diversify
nascent,dying
nasty,nice
national,international|local
native,foreign|adopted|nonnative
natural,unnatural|artificial|supernatural|sharp
naturalised,denaturalize|denaturalize
naturalized,denaturalize|denaturalize
near,far
nearsighted,farsighted
necessary,inessential
necessary,unnecessary
necked,neckless
neckless,necked
needed,obviate
negative,affirmative
negative,neutral|affirmative|positive|positive
neglected,attend to
negligent,diligent
net,gross
nett,gross
neurotic,unneurotic
neuter,masculine
neutral,positive|chromatic
new,old|worn
nice,nasty
nidicolous,nidifugous
nidifugous,nidicolous
nigh,far
no,yes
no,all
no-go,go
noble,Lady;noblewoman
noble,lowborn|ignoble
nocturnal,diurnal
noisy,quiet
nominal,real
nominative,oblique
nomothetic,idiographic
non-conducting,conductive
non-finite,finite
non-invertible,invertible
non-living,animate
non-miscible,miscible
nonabsorbent,absorbent
nonabsorptive,absorbent
nonaddictive,addictive
nonadhesive,adhesive
nonadsorbent,adsorbent
nonadsorptive,adsorbent
nonaged,major
nonaggressive,aggressive
nonalcoholic,alcoholic
nonaligned,aligned
nonarbitrable,arbitrable
nonarbitrary,arbitrary
nonarboreal,arboreal
nonassociative,associative
nonastringent,astringent
nonbearing,bearing
noncausal,causative
noncausative,causative
noncellular,cellular
noncivilised,civilized
noncivilized,civilized
nonclassical,classical
noncollapsable,collapsible
noncollapsible,collapsible
noncolumned,columned
noncombinative,combinative
noncombustible,combustible
noncommercial,commercial
noncommissioned,commissioned
noncompetitive,competitive
noncompliant,compliant
noncomprehensive,comprehensive
nonconcentric,concentric
nonconducting,conductive
nonconductive,conductive
nonconformist,Anglican|conformist
nonconformist,conformist
noncontinuous,continuous
noncontroversial,controversial
noncritical,critical|critical|critical
noncrucial,crucial|critical
noncrystalline,crystalline
noncurrent,current
noncyclic,cyclic
noncyclical,cyclic
nondeductible,deductible
nondisposable,disposable|disposable
nonechoic,echoic
noneffervescent,sparkling|effervescent
nonenterprising,enterprising
nonessential,essential
nonexempt,nontaxable|exempt
nonexistent,existent
nonexplorative,exploratory
nonexploratory,exploratory
nonexplosive,explosive
nonextant,extant
nonextensile,extensile
nonfat,fatty
nonfatal,fatal
nonfictional,fictional
nonfinancial,financial
nonfissile,fissile
nonfissionable,fissionable
nonflowering,flowering
nonfunctional,functional|functioning
nonharmonic,harmonic
nonheritable,inheritable
nonhierarchic,hierarchical
nonhierarchical,hierarchical
nonhuman,human
nonimitative,imitative
nonindulgent,indulgent
nonindustrial,industrial
noninfectious,infectious
noninheritable,inheritable
noninstitutional,institutional
noninstitutionalised,institutionalized
noninstitutionalized,institutionalized
nonintegrated,integrated
nonintellectual,intellectual
noninvasive,invasive
nonionic,ionized|ionic
nonionised,ionized
nonionized,ionized
nonjudgmental,judgmental
nonlinear,linear
nonlinguistic,linguistic
nonliteral,literal
nonliving,animate
nonmagnetic,magnetic
nonmaterial,material
nonmeaningful,meaningful
nonmechanical,mechanical
nonmetal,metallic
nonmetallic,metallic
nonmetamorphic,metamorphic
nonmigratory,migratory
nonmilitary,military
nonmodern,modern
nonmonotonic,monotonic
nonmoving,moving
nonmusical,musical|musical
nonnative,native
nonoperational,operational
nonparticulate,particulate
nonpartisan,partisan
nonpartisan,partisan
nonpartizan,partisan
nonpartizan,partisan
nonpasserine,passerine
nonperiodic,periodic
nonphotosynthetic,photosynthetic
nonpolar,ionic
nonpolitical,political
nonporous,porous
nonpregnant,pregnant
nonprehensile,prehensile
nonprescription,prescription
nonprofessional,professional
nonproprietary,proprietary
nonprotractile,extensile
nonpsychoactive,psychoactive
nonracial,racial
nonradioactive,radioactive
nonrandom,random
nonreciprocal,reciprocal
nonreflecting,reflective
nonreflective,reflective
nonrenewable,renewable
nonrepetitive,repetitive
nonrepresentational,representational
nonrepresentative,representative
nonresident,resident
nonresident,resident
nonresidential,residential
nonresonant,reverberant
nonreticulate,reticulate
nonretractable,retractile
nonretractile,retractile
nonreturnable,returnable
nonreversible,reversible
nonrigid,rigid
nonruminant,ruminant
nonsectarian,sectarian
nonsexual,sexual
nonsignificant,significant
nonslippery,slippery
nonspatial,spatial
nonspeaking,speaking
nonspecific,specific
nonspherical,spherical
nonstandard,standard|standard|standard
nonsteroidal,steroidal
nonsubjective,subjective
nonsubmergible,submersible
nonsubmersible,submersible
nonsuppurative,suppurative
nonsurgical,surgical
nonsweet,sugary
nonsyllabic,syllabic|syllabic
nontaxable,taxable
nontechnical,technical
nonterritorial,territorial
nonthermal,thermal
nontoxic,toxic
nontraditional,traditional
nontranslational,translational
nonunion,union
nonviolent,violent
nonvolatile,volatile
nonvolatilisable,volatile
nonvolatilizable,volatile
nonvoluntary,voluntary
nonwashable,washable
nonwoody,woody
normal,abnormal|paranormal|abnormal
normative,descriptive
normotensive,hypertensive
north,south
northern,southern|southern
nosed,noseless
noseless,nosed
not intrusive,intrusive
not surprised,surprised
noted,ignore
noticeable,unnoticeable|unobtrusive
noticed,ignore
noticed,unnoticed
nourished,malnourished
noxious,innocuous
nuclear,conventional
nullified,validate|validate
numerate,innumerate
numerical,verbal
nursed,bottlefeed
o.k.,disapprove
obedient,disobedient
objective,subjective
oblate,prolate
obligate,facultative
obligated,unobligated
obligatory,optional
obliged,disoblige
obliging,disoblige
oblique,nominative
oblique,parallel
observed,disrespect|break
observing,disrespect|break
obstinate,docile
obstructed,free
obstructed,unobstructed
obtrusive,unobtrusive
obtuse,acute
obviating,necessitate
obvious,unobvious
occluded,free
occlusive,continuant consonant
occupied,unoccupied|unoccupied
odd,even
odorless,odorous
odorous,odorless
odourless,odorous
of import,unimportant
off,on|on
off-line,on-line|on-line
off-site,on-site
off-street,on-street
offended,keep
offending,keep
offending,unoffending
offensive,defensive|inoffensive|savory|inoffensive|euphemistic
official,unofficial
offshore,inshore
offshore,onshore
offside,onside
offsides,onside
offstage,onstage
offstage,onstage
oiled,unoiled
okay,disapprove
old,young|new
older,young|new
oleophilic,oleophobic
oleophobic,oleophilic
omnidirectional,directional
omnivorous,insectivorous
on,off|off
on-line,off-line|off-line
on-site,off-site
on-street,off-street
one-dimensional,multidimensional|planar
one-piece,two-piece
one-sided,reversible|multilateral
one-year,biennial
online,off-line|off-line
onomatopoeic,nonechoic
onomatopoeical,nonechoic
onomatopoetic,nonechoic
onshore,offshore
onshore,offshore
onside,offside
onstage,offstage
onstage,offstage
onymous,anonymous
opaque,clear
open,close|close|close|close|fold|close
open,shut|closed|closed|closed|unreceptive|covert
open-chain,cyclic
opened,close|close|close|close|fold|close
opened,closed
opening,closing
opening,close|close|close|close|fold|close
opening,closing
operable,inoperable
operating,malfunction|disengage
operational,nonoperational
operative,inoperative|medical
opisthognathous,prognathous
opponent,agonist
opportune,inopportune
opposable,unopposable
opposed,unopposed
opposite,synonym
opposite,alternate
optimistic,pessimistic
optional,obligatory
oral,aboral|anal
ordered,deregulate|disorder
ordered,disordered|disarranged|incoherent
orderly,disorderly
ordinal,cardinal
ordinary,extraordinary
organic,inorganic|inorganic|functional
organised,disorganize;disorganise
organized,disorganize;disorganise
organized,unorganized|disorganized
orientated,disorient
orientated,unoriented
orientating,disorient
orientating,disorienting
oriented,disorient
oriented,unoriented
orienting,disorient
orienting,disorienting
original,unoriginal
originative,uncreative
orthodox,unorthodox
orthotropous,campylotropous
ostentatious,unostentatious
other,same
out,safe
out-of-door,indoor
outboard,inboard
outbred,inbred
outdoor,indoor
outer,inner|safe
outgoing,incoming|incoming
outlaw,legalize;decriminalize;decriminalise
outlawed,legalize;decriminalize;decriminalise
outside,inside|inside
outside,inside|indoor
outside,inside;indoors|inside
outward,inward
outward,inward
over-the-counter,prescription
overarm,underhand
overcast,clear up
overdressed,underdress|underdress;dress down
overhand,underhand
overhanded,underhand
overhead,surface
overlooked,attend to
overlooking,attend to
overshot,undershoot
overstated,understate
overt,covert
oviparous,ovoviviparous
ovoviviparous,viviparous
owned,unowned
ownerless,owned
oxidised,deoxidize;deoxidise
oxidized,deoxidize;deoxidise
packaged,unbox
packaged,unpackaged
packed,unpack
paid,default
paid,unpaid
painful,painless
painless,painful
paintable,unpaintable
painted,unpainted|unpainted
paired,alternate
palatable,unpalatable
palingenetic,cenogenetic
palpable,impalpable
paradigmatic,syntagmatic
parallel,perpendicular
paranormal,sensory|normal
pardonable,unpardonable
parental,filial|filial
parented,unparented
parentless,parented
part-time,full-time
part-time,full-time
partial,impartial
participating,drop out
particular,general;general|universal;universal proposition
particularised,generalize
particularized,generalize
particulate,nonparticulate
partisan,nonpartisan
partisan,nonpartisan
partizan,nonpartisan
parttime,full-time
pass,failing
pass,fail|fail|be born
pass,running
passable,impassable
passerine,nonpasserine
passing,failing
passing,fail|fail|be born
passing,running
passionate,passionless
passionless,passionate
passive,active voice
passive,active|active
past,future
past,present
paternal,maternal|filial
patient,impatient
patriarchal,matriarchal
patriotic,unpatriotic
patronised,boycott;boycott
patronised,unpatronized
patronising,boycott;boycott
patronized,boycott;boycott
patronized,unpatronized
patronizing,boycott;boycott
patronless,patronized
patterned,plain
paved,unpaved
paying,default
paying attention,inattentiveness
paying attention,heedless
peaceable,unpeaceful
peaceful,unpeaceful
peaked,bottom out
pedunculate,sessile
peeled,dress
penetrable,impenetrable
penitent,impenitent;unrepentant
perceptible,imperceptible
perceptive,unperceptive
perennial,annual
perfect,imperfect
perinatal,postnatal
periodic,aperiodic
periodical,aperiodic
peripheral,central
peripteral,apteral
perishable,imperishable
permanent,impermanent
permeable,impermeable
permissible,impermissible
permissive,preventive|unpermissive
perpendicular,oblique|inclined
perplexed,simplify
perplexed,unperplexed
perplexing,simplify
persistent,caducous
personal,impersonal
personalised,depersonalize;depersonalise
personalized,depersonalize;depersonalise
persuasive,dissuasive
pervious,impervious
pessimistic,optimistic
petaled,apetalous
petalled,apetalous
petalless,petalous
petalous,apetalous
petty,grand larceny
phlegmy,dry
photosynthetic,nonphotosynthetic
physical,mental
pianissimo,fortissimo
piano,forte
piano,forte
pigeon-toed,splayfooted
pious,impious
pistillate,acarpelous
placable,implacable
placed,divest
placental,aplacental
plain,cheer
plain,fancy|patterned
planar,cubic
planned,unplanned
planted,unplanted
plantigrade,digitigrade mammal
plantigrade,digitigrade
platyrhine,catarrhine
platyrhinian,catarrhine
platyrrhine,catarrhine
platyrrhinian,catarrhine
platyrrhinic,catarrhine
plausible,implausible
playable,unplayable
playful,unplayful
pleading,imperative
pleasant,unpleasant
pleased,displease
pleased,displeased
pleasing,displease
pleasing,displeasing
pleurocarpous,acrocarpous
ploughed,unplowed
plowed,unplowed
plucked,undercharge
plucked,bowed
plucky,gutless
plumbable,unfathomable
plumed,undercharge
plural,singular
plural,singular|singular
plus,liability
plus,minus
pointed,pointless
pointless,pointed
polar,equatorial
polished,unpolished
polite,impolite|uncivil
politic,impolitic
political,nonpolitical
polychromatic,monochromatic
polygamous,monogamous
polyphonic,monophonic
polyploid,haploid
polytheistic,monotheistic
polyvalent,monovalent|monovalent
ponderable,imponderable
poor,rich people;rich
poor,rich|rich|rich
poorly,well
popular,unpopular
poriferous,nonporous
porous,nonporous
port,starboard
portable,unportable
posed,unposed
positive,negative|negative|negative
possible,impossible|actual
posterior,anterior
postmeridian,antemeridian
postmortal,antemortem
postmortem,antemortem
postnatal,prenatal
postnuptial,prenuptial
postpartum,prenatal
postprandial,preprandial
postwar,prewar
potable,undrinkable
potent,impotent|impotent
potential,actual
potted,unpotted
powered,unpowered
powerful,powerless
powerless,powerful
practical,impractical
praising,criticize
precedented,unprecedented
preceding,postdate|succeed|follow
preceding,succeeding
precise,imprecise
precocial,altricial
precocious,retarded
predicative,attributive
predictable,unpredictable
pregnant,nonpregnant
prehensile,nonprehensile
prejudiced,unprejudiced
premarital,postnuptial
premature,full-term
premeditated,unpremeditated
prenatal,perinatal
prenominal,predicative
prenuptial,postnuptial
prepared,unprepared
preprandial,postprandial
presbyopic,nearsighted
prescription,over-the-counter drug;over-the-counter medicine
prescription,nonprescription
prescriptive,descriptive
present,future|absent
preserved,discontinue
preserved,fresh|destroyed
presidential,unpresidential
pretentious,unpretentious|unostentatious
pretty,unreasonably;immoderately
preventable,unpreventable
preventative,permissive
preventive,permissive
prewar,postwar
priestlike,unpriestly
priestly,unpriestly
primary,secondary
principled,unprincipled
printable,unprintable
private,public
privileged,underprivileged
prix fixe,a la carte
prize,disrespect;disesteem
pro,amateur|con
pro,anti
pro,con
pro-american,anti-American
pro-choice,pro-life
pro-life,pro-choice
proactive,retroactive
probable,improbable
procaryotic,eukaryotic;eucaryotic
procedural,substantive
processed,unrefined|unprocessed
productive,unproductive|consumptive
profane,sacred
professional,amateur
professional,nonprofessional|unprofessional
profitable,unprofitable
profound,superficial
prognathic,opisthognathous
prognathous,opisthognathous
progressive,conservative
progressive,regressive|regressive
prohibited,permit;allow
prokaryotic,eukaryotic;eucaryotic
prolate,oblate
prolix,concise
pronounceable,unpronounceable
proper,improper
prophetic,unprophetic
prophetical,unprophetic
propitious,unpropitious
proportionate,disproportionate
proprietary,nonproprietary
proscribed,permit;allow
prospective,retrospective
protected,unprotected
protective,unprotective
protrusive,intrusive
proud,humble
proved,disprove
proved,unproved
proven,disprove
proven,unproved
provident,improvident
provincial,cosmopolitan
provocative,unprovocative
proximal,distal
proximate,ultimate
prudent,imprudent
psychoactive,nonpsychoactive
psychoneurotic,unneurotic
psychotropic,nonpsychoactive
public,private
publicised,suppressed
publicized,suppressed
publishable,unpublishable
published,unpublished
pumpkin-shaped,prolate
punctual,unpunctual
puncturable,punctureless
punctureless,puncturable
punished,unpunished
punitive,rehabilitative
punitory,rehabilitative
pure,impure|unsaturated|impure
purebred,crossbred
purging,rehabilitate|keep down
purifying,adulterating
purposeful,purposeless
purposeless,purposeful
put on,reduce
pyknic,mesomorphic
pyretic,antipyretic
quadruped,bipedal;biped
quadrupedal,bipedal;biped
qualified,disqualify|disqualify
qualified,unqualified|unqualified
qualitative,quantitative
quantitative,qualitative|syllabic
quenched,ignite
questionable,unquestionable
quiet,sound
quiet,louden|agitate
quiet,unquiet|noisy|active
quiet,unquietly
quits,continue|take office|stay|enter
quotable,unrepeatable;unquotable
racial,nonracial
radical,cauline
radio-opaque,radiolucent
radioactive,nonradioactive
radiolucent,radiopaque
radiopaque,radiolucent
raised,lower|level|demote
raised,lowered
raising,lower|level|demote
rallying,demobilize
random,nonrandom
rational,irrational|irrational
ravishing,disenchant
raw,cooked
razed,raise
re-entrant,salient
reactive,unreactive
ready,unready
ready-made,custom-made
ready-made,custom-made
real,unreal|unreal|nominal|insubstantial
realistic,unrealistic
rear,head|front|front|front
rear,level
rearing,level
rearward,forward
reasonable,unreasonable
reassured,worry
reassuring,worry
reassuring,unreassuring
receding,advance|gain
received,say farewell
received,nonstandard
receptive,unreceptive
recessive,dominant
reciprocal,nonreciprocal
recollective,unretentive
reconcilable,irreconcilable
reconstructed,unreconstructed
recorded,erase
recorded,live
recoverable,unrecoverable
recovered,deteriorate
recovering,deteriorate
rectifiable,irreparable
rectified,falsify
recusant,conformist
red,gain
reduced,blow up|oxidize;oxidise|expand|gain
reduced,increased
reducible,irreducible
reentrant,salient
refined,unrefined|unrefined
reflected,unreflected
reflective,nonreflective
refreshed,tire
refreshing,tire
regenerate,unregenerate
registered,unregistered|unregistered
regressive,progressive|progressive
regretful,unregretful
regular,irregular|irregular|irregular|constipated
regulated,deregulate
regulated,unregulated
rehabilitative,punitive
rejected,accept|accept|approve|admit
rejective,acceptive
related,dissociate
related,unrelated|unrelated
related to,unrelated
relative,absolute
relaxed,tense|stiffen|tense;strain
relaxed,tense
relaxing,tense|stiffen|tense;strain
relaxing,restless
releasing,hold|confine|block;freeze
relevant,irrelevant
reliable,unreliable;undependable
relieved,enforce
religious,irreligious|secular
relinquished,hold
remaining,change
remediable,irremediable
remote,close
remote-controlled,manned
removable,irremovable
renewable,unrenewable
rentable,unrentable
reparable,irreparable
repeatable,unrepeatable;unquotable
repelling,attract|attract
repentant,impenitent;unrepentant
repetitious,nonrepetitive
repetitive,nonrepetitive
replaceable,irreplaceable
reportable,unreportable
reported,unreported
reposeful,restless
representational,nonrepresentational
representative,nonrepresentative
represented,prosecute
represented,undelineated
reprobate,approbate
reproducible,unreproducible
repulsive,attractive
reputable,disreputable
requested,unrequested
required,obviate
requisite,inessential
resentful,unresentful
reserved,unreserved|unreserved
resident,nonresident
resident,nonresident|migratory
residential,nonresidential
resistible,irresistible
resistless,resistible
resolute,irresolute
resolved,unsolved
respectable,unrespectable
respected,disrespect;disesteem|disrespect
respectful,disrespectful
responsible,irresponsible
responsive,unresponsive
rested,be active|change
rested,tired
restful,restless
restless,restful
restrained,unrestrained
restricted,derestrict
restricted,unrestricted
restricting,derestrict
restrictive,unrestrictive
retarded,accelerate
retarded,precocious
retentive,unretentive
reticular,nonreticulate
reticulate,nonreticulate
retired,advance|get up;turn out
retiring,advance|get up;turn out
retractile,nonretractile
retroactive,proactive
retrograde,progress
retrograde,direct|anterograde
retrorse,antrorse
retrospective,prospective
returnable,nonreturnable
revealing,concealing
reverberant,unreverberant
reverend,layman
reverent,irreverent
reverse,obverse
reverse,forward
reversible,irreversible|nonreversible
revived,unrevived
revocable,irrevocable
revokable,irrevocable
revolutionary,counterrevolutionary
rewarding,dishonor
rewarding,unrewarding
rh-negative,rh-positive
rh-positive,rh-negative
rhetorical,unrhetorical
rhymed,unrhymed
rhymeless,rhymed
rhyming,unrhymed
rhythmic,unrhythmical
rhythmical,unrhythmical
ribbed,ribless
ribless,ribbed
rich,poor people;poor
rich,poor|poor|lean|poor
rifled,unrifled
rigged,unrigged
right,left|wrong;wrongfulness
right,wrong|falsify
right,left|incorrect;wrong|wrong|wrong|left
right,left|improperly|incorrectly;wrongly
right-handed,left-handed
righteous,unrighteous
rigid,nonrigid
rimeless,rhymed
riming,unrhymed
rimless,rimmed
rimmed,rimless
ripe,green
risen,fall|sit down|wane|go to bed;turn in|set
rising,fall
rising,fall|sit down|wane|go to bed;turn in|set
rising,falling
robed,undercharge
robust,frail
rocky,smooth
rolled,unwind
rolling,unwind
roly-poly,thin person
romantic,classicist
romanticist,classicist
roofed,roofless
roofless,roofed
rose,fall|sit down|wane|go to bed;turn in|set
rough,smooth|smooth|smooth|cut
roughened,smooth
round,square
rounded,angular
rousing,calm|cause to sleep
rude,civil
rugged,delicate|unfurrowed
ruminant,nonruminant
run-on,end-stopped
running,malfunction|idle
running,standing|passing|standing
rural,urban
rush,linger|delay
rushed,linger|delay
rusted,rustless
rustless,rusted
sacked,hire
sacred,profane
sad,glad
saddled,unsaddle
saddled,unsaddled
sadistic,masochistic
safe,dangerous|out
salable,unsalable
salaried,freelance
saleable,unsalable
salient,re-entrant
salty,fresh
same,other|different|unlike
sanctified,desecrate
sanctioned,disapprove
sanctioning,disapprove
sandlike,argillaceous
sandy,argillaceous
sane,insane
sanitary,unsanitary
saponified,unsaponified
sarcastic,unsarcastic
satiate,insatiate
satiated,insatiate
satisfactory,unsatisfactory
satisfied,fall short of|dissatisfy
satisfying,fall short of|dissatisfy
saturated,unsaturated|unsaturated|unsaturated
saved,lost
savory,unsavory
savoury,unsavory
scalable,unscalable
scarce,abundant
scented,deodorize;deodourise
scented,scentless
scentless,scented
scheduled,unscheduled
scholarly,unscholarly
scientific,unscientific
scrambled,unscramble
scrimpy,ample
scripted,unscripted
scrupulous,unscrupulous
sealed,unseal
sealed,unsealed|unsealed
seamanlike,unseamanlike
seamanly,unseamanlike
seamed,seamless
seamless,seamed
seasonable,unseasonable
seasonal,year-round
seasoned,unseasoned
seated,standing
seaward,inshore|offshore
seaworthy,unseaworthy
second,first
secondary,primary
sectarian,nonsectarian
secular,clergyman
secular,unworldly|sacred|religious
secure,unfasten
secure,insecure|insecure|insecure
sedate,stimulate
sedimentary,igneous
seductive,unseductive
seeable,invisible
seeded,unseeded
seedless,seedy
seedy,seedless
segregated,desegregate
segregated,integrated
selected,unselected
self-asserting,unassertive
self-assertive,unassertive
self-centered,altruistic
self-centred,altruistic
self-employed,salaried
self-examining,extrospective
self-generated,induced
selfish,unselfish
selfless,egoistic
senior,junior
sensational,unsensational
sensible,unreasonable|insensible
sensitised,desensitize;desensitise|desensitize
sensitising,desensitize;desensitise|desensitize
sensitising,desensitizing
sensitive,insensitive|insensitive|insensible
sensitized,desensitize|desensitize;desensitise
sensitizing,desensitize|desensitize;desensitise
sensitizing,desensitizing
sensorial,extrasensory
sensory,extrasensory
sent,unsent
sentient,insentient
separate,unite
separate,joint
separated,unite
septic,antiseptic
serious,frivolous|playful
serviceable,unserviceable
servile,unservile
sessile,vagile|pedunculate
set,rise
settled,float
settled,unsettled|unsettled
sexual,asexual
sexy,unsexy|anaphrodisiac
shaded,unshaded|unshaded
shallow,deep|deep
shamed,honor
shapely,unshapely
shared,unshared
sharp,dull|dull|flat
sharpened,dull|blur|soften|flatten
shaved,unshaven
shaven,unshaven
sheared,unsheared
sheathed,unsheathe
sheathed,unsheathed
shed,persistent
shell-less,shelled
shelled,unshelled
shiny,unglazed
shockable,unshockable
shod,unshod|discalced
shodden,unshod
shoed,unshod
shoreward,offshore
shorn,unsheared
short,long|long|tall|retentive|long|long
short-spurred,long-spurred
shortened,lengthen|expand|lengthen
shortsighted,farsighted
shouted,whisper
shrinkable,unshrinkable
shrunken,stretch;expand
shut,open|open|admit
shut,open|open
shut up,open up|louden
shuttered,unshuttered
shy,confident
sick,keep down
sick,well
side,top
sidereal,civil
sighted,blind
signed,unsigned
significant,insignificant|nonsignificant
silenced,louden
silenced,unsilenced
similar,dissimilar|unalike|unlike
simple,complex|compound
simplified,complicate
sincere,insincere
singing,keep quiet
single,common|double|multiple|married
single-barreled,double-barreled
single-barrelled,double-barreled
single-breasted,double-breasted
single-lane,multilane
singular,plural
singular,plural|plural
sinistral,dextral
sinkable,unsinkable
sisterlike,brotherly
sisterly,brotherly
sitting,stand|arise
sitting,standing
sized,unsized|unsized
skew,align
skewed,align
skilled,unskilled
skinless,skinned
skinned,skinless
sleeping,waking
sleeping,wake
sleeved,sleeveless
sleeveless,sleeved
slight,much
slim,gain
slimed,gain
slippery,nonslippery
slippy,nonslippery
slow,accelerate
slow,fast|fast|fast
slow,quickly
slurred,focus
small,large;big
small,big
smaller,large;big
smart,stupid
smokeless,smoky
smoky,smokeless
smooth,roughen
smooth,rough|rough|staccato|rough
smoothbore,rifled
smoothed,roughen
smoothened,roughen
snarled,disentangle;unsnarl
so-so,unacceptably;intolerably
soaked,undercharge
sober,intoxicated|playful
sociable,unsociable
social,unsocial
socialist,capitalistic
socialistic,capitalistic
soft,hard|hard|loud|unvoiced|hardened|forte|hard|hard
soft-boiled,hardhearted
softened,sharpen|stand|harden|harden
softening,sharpen|stand|harden|harden
softhearted,hardhearted
soiled,clean
soiled,clean
sold,buy
sold,unsold
soled,soleless
soleless,soled
solid,liquid|hollow
soluble,insoluble|insoluble
solved,unsolved
solvent,insolvent
some,no
sonant,unvoiced
sonic,subsonic
soothing,irritate
sophisticated,naive
sororal,brotherly
sorrowful,joyful
sorry,unregretful
sound,silence
sound,devoice
sound,unsound|unsound
soundable,unfathomable
sounding,devoice
sour,sweeten
sour,sweet
soured,sweeten
soured,unsoured
south,north
southern,northern|northern
spaced,unspaced
spacial,nonspatial
sparkling,still
spatial,nonspatial
speaking,nonspeaking
specialised,generalize|diversify;diversify
specialised,unspecialized
specialized,diversify;diversify|generalize
specialized,unspecialized
specific,general;general
specific,general|nonspecific
specified,generalize
specified,unspecified
spent,unexhausted
spherical,nonspherical
spineless,vertebrate|spinous
spinous,spineless
spiny,spineless
spirited,spiritless
spiritless,spirited
splayfoot,pigeon-toed
splayfooted,pigeon-toed
split,unite
splitting,unite
spoken,written
spontaneous,induced
sporadic,continual
spread,gather|fold
squandered,conserve
square,round|crooked
stabile,mobile
stabilised,destabilize|destabilize;destabilise
stabilising,destabilize|destabilize;destabilise
stabilized,destabilize;destabilise|destabilize
stabilizing,destabilize;destabilise|destabilize
stable,unstable
staccato,legato
staccato,legato
staged,unstaged
stained,unstained
stale,fresh
stalked,sessile
stalkless,pedunculate
standard,nonstandard|nonstandard|nonstandard
standing,sit|yield
standing,running|running|seated
staple,unstaple
starboard,larboard
starchless,starchy
starchy,starchless
starless,starry
starry,starless
starting,end|end|end|stop|stop
starved,be full|feed
starving,be full|feed
statesmanlike,unstatesmanlike
statesmanly,unstatesmanlike
stative,active
steady,unsteady
steady,unsteadily
steep,gradual
stemless,stemmed|caulescent
stemmed,stemless|acaulescent
sterile,fertile
steroidal,nonsteroidal
sticking,dislodge|move
stiff,impotent
stifled,stimulate
stifling,stimulate
stigmatic,astigmatic
still,agitate|louden
still,moving|sparkling
still,no longer
stimulated,stifle|sedate;de-energize;de-energise
stimulating,stifle|sedate;de-energize;de-energise
stimulating,unstimulating
stimulative,depressant
stingy,generous|ample
stinky,fragrant
stirred,unmoved
stoic,emotional person
stomatous,astomatous
stoppable,unstoppable
stopped,start|continue|start|begin
stormy,calm
straight,crooked|curly|crooked|coiled|curved
straight,indirectly
strained,relax;unstrain
straining,relax;unstrain
strange,familiar|native
strapping,unstrap
stratified,unstratified
strengthened,weaken|weaken
stressed,unstressed
stretch,shrink
stretched,shrink
strict,indulgent
striking,miss
striped,dress
stripped,dress
strong,weak|impotent
struck,miss
structured,unstructured
strung,unstring
stubborn,docile
stuck,dislodge|move
stuck,unstuck
studied,unstudied
stuffed,unstuff
stupid,smart|intelligent
sturdy,compromising
styleless,stylish
stylish,styleless|unfashionable
subartesian,artesian
subhuman,superhuman
subjacent,superjacent
subjective,objective|transeunt
submergible,nonsubmersible
submersible,surface ship
submersible,nonsubmersible
submissive,domineering
subordinate,dominant|insubordinate|independent
subordinating,coordinating
subordinative,coordinating
subscript,superscript
subscript,adscript
subsequent,antecedent
subsonic,supersonic
substantial,insubstantial
substantiating,negate
substantive,adjective
subsurface,overhead
subtractive,additive
succeeding,fail|precede
succeeding,preceding
successful,unsuccessful
suckled,bottlefeed
sudden,gradual
suffering,enjoy|be well
sufficient,insufficient
sugarless,sugary
sugary,sugarless
summery,autumnal
sunk,float
sunken,float
sunrise,sunset
sunset,sunrise
superficial,profound
superhuman,subhuman
superior,inferior|subscript
superior,inferior|inferior|subscript|inferior
superjacent,subjacent
supernal,infernal
supernatural,natural
superordinate,inferior
superscript,subscript
superscript,subscript
supersonic,sonic
supervised,unsupervised
supported,negate
supported,unsupported|unsupported
supporting,negate
supportive,unsupportive
suppressed,publicized
suppurative,nonsuppurative
surd,voiced
sure,uncertain;unsure|uncertain
surface,subsurface
surface-assimilative,nonadsorbent
surface-to-air,air-to-surface
surgical,nonsurgical|medical
surging,ebb
surmountable,insurmountable
surprised,unsurprised
surprising,unsurprising
surviving,succumb
susceptible,unsusceptible
suspect,plaintiff
suspect,trust;trust
suspected,trust;trust
suspected,unsuspected
sustained,negate
sweet,sour|dry|salty
sweetened,sour
swept,unswept
swimming,sink
sworn,mistrust
sworn,unsworn
syllabic,accentual|nonsyllabic|nonsyllabic
symmetric,asymmetrical
symmetrical,asymmetrical
sympathetic,unsympathetic|unsympathetic
sympatric,allopatric
syncarpous,apocarpous
syncategorematic,categorematic
synchronal,asynchronous
synchronic,asynchronous|diachronic
synchronised,desynchronize;desynchronise
synchronized,desynchronize;desynchronise
synchronous,asynchronous|asynchronous
synclinal,anticlinal
syndetic,asyndetic
synergistic,antagonistic
synonymous,antonymous
syntagmatic,paradigmatic
synthetic,analytic|analytic|analytic
synthetical,analytic|analytic
systematic,unsystematic
table d'hote,a la carte
taciturn,voluble
tactful,tactless
tactless,tactful
tagged,unlabeled
tainted,disinfect
taken,give|refuse|obviate|abstain|disclaim
taking,give|refuse|obviate|abstain|disclaim
talented,untalented
talentless,talented
tall,short
tame,wild|wild
tamed,wild
tangible,intangible|intangible|impalpable
tangled,unravel;unknot|disentangle;unsnarl
tangled,untangled
tanned,untanned
taped,erase
tapped,untapped
tasteful,tasteless
tasteless,tasty|tasteful
tasty,tasteless
tattling,keep quiet
taxable,nontaxable
tearful,tearless
tearless,tearful
technical,nontechnical
temperate,intemperate|intemperate
tempered,untempered|untempered
temporal,unworldly
temporary,permanent
tenacious,unretentive
tender,tough|tough|tough
tense,relax|relax;unstrain
tense,relaxed|lax|lax
tensed,relax|relax;unstrain
terminal,intermediate
terminated,begin|begin|hire
terrestrial,amphibious
territorial,nonterritorial|extraterritorial
testate,intestate
textbook,trade edition
thankful,ungrateful
thankless,grateful
theatrical,untheatrical
thematic,unthematic
theoretic,empirical
theoretical,empirical|applied
thermal,nonthermal
thermic,nonthermal
thermoplastic,thermosetting
thermoset,thermoplastic
thermosetting,thermoplastic
thick,thin|thin
thick,thinly
thickened,thin|thin
thickening,thin|thin
thin,thicken|thicken|gain
thin,thick|fat|thick|full
thin,thickly
thinkable,unthinkable
thinking,forget
thinned,thicken|thicken|gain
thirsty,hungry
thoughtful,thoughtless|heedless
thoughtless,thoughtful
three-dimensional,linear
three-piece,one-piece
thrifty,wasteful
tidy,untidy
tied,untie|disconnect
tied,untied|unlaced
tight,loose|leaky
timbered,untimbered
timid,brave
timid,bold|confident
tipped,untipped
tired,refresh|interest
tired,rested
tiring,refresh|interest
toed,toeless
toeless,toed
togged,undress
tolerable,intolerable
tolerant,intolerant
tonal,atonal
toned,toneless
toneless,toned
tongued,tongueless
tongueless,tongued
tonic,atonic
toothed,toothless
toothless,toothed
toothsome,unpalatable
top,bottom
top,bottom
top-down,bottom-up
topless,topped
topped,topless
tops,bottom
touchable,intangible
touched,untouched|unmoved
tough,tender|tender|tender
toughened,tender|untempered
toxic,nontoxic
traceable,untraceable
trackable,untraceable
tracked,trackless
trackless,tracked
tractable,intractable
traditional,nontraditional
trained,untrained
tramontane,cismontane
tranquilizing,agitate|stimulate
tranquillising,agitate|stimulate
tranquillizing,agitate|stimulate
transeunt,immanent
transient,immanent
transitive,intransitive
translatable,untranslatable
translational,nontranslational
transmontane,cismontane
transonic,subsonic
traveled,stay in place
traveled,untraveled
travelled,stay in place
treated,untreated|untreated|untempered
tree-living,nonarboreal
treeless,wooded
tributary,distributary
triclinic,monoclinic
trimmed,untrimmed
trinuclear,mononuclear
trinucleate,mononuclear
trinucleated,mononuclear
troubled,untroubled
true,false|untruthful
true-false,multiple-choice
trusted,mistrust
trustful,distrustful
trusting,mistrust
trusting,distrustful
trustworthy,untrustworthy
trusty,untrustworthy
truthful,untruthful
tubed,tubeless
tubeless,tubed
tucked,untucked
tuneful,tuneless
tuneless,tuneful
turned,unbend
turned,unturned
twisted,unbend|untwist
twisting,unbend|untwist
two-dimensional,cubic
two-footed,quadrupedal;quadruped
two-handed,right-handed
two-piece,three-piece
two-sided,nonreversible
two-year,perennial
typical,atypical
ugly,beautiful
ultimate,proximate
ultra vires,intra vires
unable,able
unabridged,abridged
unabused,abused
unaccented,tonic
unacceptable,acceptable
unaccessible,accessible
unaccommodating,accommodating
unaccompanied,accompanied|accompanied
unaccustomed,accustomed
unacknowledged,acknowledged
unacquisitive,acquisitive
unactable,actable
unadaptable,adaptable
unaddicted,addicted
unaddressed,addressed
unadjusted,adjusted
unadoptable,adoptable
unadorned,adorned
unadventurous,adventurous
unadvisable,advisable
unadvised,well-advised
unaesthetic,aesthetic
unaffected,affected|moved|affected
unaffixed,affixed
unafraid,afraid|insecure
unaggressive,aggressive
unagitated,agitated|agitated
unairworthy,airworthy
unalarming,alarming
unalert,alert
unalienable,alienable
unalike,alike
unalterable,alterable
unaltered,altered
unambiguous,ambiguous|equivocal
unambitious,ambitious
unamended,amended
unanalyzed,analyzed
unangry,angry
unanimated,animated
unapologetic,apologetic
unappealable,appealable
unappealing,sympathetic|appealing
unappendaged,appendaged
unappetising,appetizing
unappetizing,appetizing
unapproachable,approachable
unarbitrary,arbitrary
unargumentative,argumentative
unarmed,armed|armed
unarmored,armored|armored
unarmoured,armored|armored
unarticulate,articulate
unarticulated,articulated
unascribable,attributable
unashamed,ashamed
unassertive,assertive
unassigned,assigned
unassisted,assisted
unattached,attached
unattractive,attractive
unattributable,attributable
unauthorised,authorized
unauthorized,authorized
unavailable,available
unavenged,avenged
unawakened,awakened
unaware,aware
unawed,awed
unbalanced,balance
unbalanced,balanced
unbalconied,balconied
unbanded,banded
unbaptised,baptized
unbaptized,baptized
unbarred,bar
unbarreled,barreled
unbarrelled,barreled
unbearable,tolerable
unbelievable,credible
unbelted,belt
unbelted,belted
unbending,bend|bend|tense
unbeneficed,beneficed
unbent,bend|bend|tense
unblemished,blemished
unblended,blended
unbodied,bodied
unbolted,bolt
unbordered,bordered
unborn,born
unbound,bind
unbound,bound|bound
unbraced,tie
unbrainwashed,brainwashed
unbranded,branded
unbreakable,breakable
unbridgeable,bridgeable
unbridled,bridle
unbroken,broken|plowed|broken|broken
unburdened,burden
unburdened,burdened
unburied,buried
unbuttoned,button
unbuttoned,buttoned
uncamphorated,camphorated
uncared-for,cared-for
uncarpeted,carpeted
uncarved,carved
uncastrated,castrated
uncaulked,caulked
uncensored,censored
uncertain,certain;sure|certain|sealed|certain
uncertified,certified
unchained,chain
unchangeable,changeable
unchanged,changed|altered
uncharacteristic,characteristic
uncharged,charged
uncharitable,charitable
unchartered,chartered
unchaste,chaste
uncheerful,cheerful
unchristian,christian
uncivil,civil
unclad,dress
unclassified,classified|classified
unclean,clean|clean
unclear,well-defined|clear
uncleared,cleared
unclimbable,scalable
unclogged,clog
unclothed,dress
unclothed,clothed
uncluttered,clutter
uncoated,coated
uncoiled,coil
uncoiled,coiled
uncollected,collected;gathered
uncolored,colored
uncoloured,colored
uncolumned,columned
uncombed,combed
uncombined,combined
uncomfortable,comfortable|comfortable
uncommitted,committed|attached
uncommon,common
uncommunicative,communicative
uncomparable,comparable
uncompartmented,compartmented
uncompassionate,compassionate
uncomplaining,complaining
uncomplete,complete
uncomplimentary,flattering|complimentary
uncomprehensible,comprehensible
uncompromising,compromising
unconcealed,concealed
unconcerned,concerned
unconditional,conditional
unconditioned,conditioned|conditional
unconfined,confined
unconfirmed,confirmed
unconformist,conformist
uncongenial,congenial
unconnected,connected
unconquerable,conquerable
unconscientious,conscientious
unconscious,conscious
unconsolable,consolable
unconstipated,constipated
unconstitutional,constitutional
unconstricted,constricted
unconsummated,consummated
uncontaminated,contaminated
uncontaminating,dirty
uncontested,contested
uncontrived,studied
uncontrolled,controlled
uncontroversial,controversial
unconventional,conventional|conventional
unconvertible,convertible
unconvinced,convinced
unconvincing,convincing
uncooperative,cooperative
uncorrected,corrected
uncoupled,couple
uncousinly,cousinly
uncovered,cover
uncrannied,crannied
uncreative,creative
uncritical,critical|critical
uncrossed,cross
uncrossed,crossed|crossed
uncrowded,crowded
uncrowned,crowned|crowned
uncrystallised,crystallized
uncrystallized,crystallized
uncultivated,cultivated
uncurtained,curtained
uncut,trimmed|mown|cut|cut|cut
undamaged,damaged
undatable,datable
undeceived,deceive
undeciphered,deciphered
undeclared,declared
undecorated,adorned
undedicated,dedicated
undefeated,defeated
undefined,defined
undelineated,delineated
undemanding,demanding
undemocratic,democratic
undemonstrative,demonstrative
undeniable,deniable
undependable,reliable;dependable
underage,major
underarm,overhand
underdressed,overdress|dress up;overdress
underhand,overhand
underhanded,overhand
underived,derived
underprivileged,privileged
undershot,overshoot
understated,overstate
understood,ununderstood
undescriptive,descriptive
undesigned,designed
undesirable,desirable
undesiring,desirous
undesirous,desirous
undetected,detected
undeterminable,determinable
undetermined,determined|determinate
undeveloped,developed|exploited
undifferentiated,differentiated
undignified,dignified
undiluted,diluted
undimmed,dimmed
undiplomatic,diplomatic
undiscerning,discerning
undiscriminating,discriminating
undistinguishable,distinguishable
undiversified,diversified
undocumented,documented
undomestic,domestic
undone,make|wrap
undrained,drained
undramatic,dramatic
undressed,dress
undrinkable,drinkable
undue,due|due
undynamic,dynamic
uneager,eager
unearned,earned
uneasy,easy|restful
uneatable,edible
unedifying,edifying
uneducated,educated
uneffective,effective
unemotional,emotional
unemployable,employable
unemployed,employed
unenclosed,enclosed
unencumbered,encumbered
unendowed,endowed
unendurable,tolerable
unenforceable,enforceable
unenforced,enforced
unenlightened,enlightened
unenlightening,enlightening|edifying
unenlivened,enlivened
unenrgetic,energetic
unenterprising,enterprising
unenthusiastic,enthusiastic
unequal,equal|adequate
unequipped,equipped
unequivocal,equivocal
unerect,erect
unessential,essential
unestablished,established
unethical,ethical
uneven,even|even
uneventful,eventful
unexchangeable,exchangeable|convertible
unexcitable,excitable
unexcited,excited
unexciting,stimulating|exciting
unexhausted,exhausted
unexpansive,expansive
unexpected,expected
unexpendable,expendable
unexpired,expired
unexploited,exploited
unexplorative,exploratory
unexploratory,exploratory
unexportable,exportable
unexpressible,expressible
unextended,extended
unfaceted,faceted
unfair,fair
unfaithful,faithful|faithful
unfamiliar,familiar
unfashionable,fashionable
unfastened,fasten|fasten
unfastened,fastened|shut|buttoned|tied
unfastidious,fastidious|fastidious
unfathomable,fathomable
unfavorable,favorable|favorable
unfavourable,favorable|favorable
unfeathered,feathered
unfertile,fertile
unfilled,filled
unfinished,finished|finished
unfit,qualify
unfit,fit|fit
unfitting,qualify
unfixed,fixed
unflattering,flattering
unfledged,fledged
unfocused,focused
unfocussed,focused
unforceful,forceful
unforgettable,forgettable
unforgiving,forgiving
unformed,formed
unfortunate,fortunate|auspicious
unframed,framed
unfree,free|free
unfretted,fretted
unfriendly,friendly|friendly
unfrozen,block;freeze
unfrozen,frozen
unfruitful,fruitful
unfueled,fueled
unfunded,funded
unfurnished,furnished
unfurrowed,furrowed
ungathered,collected;gathered
ungeared,geared
ungenerous,generous|generous
unglazed,glazed|glazed
ungracious,gracious
ungrammatical,grammatical
ungrateful,grateful
ungreased,lubricated
ungregarious,gregarious|gregarious
ungroomed,groomed
unguiculate,ungulate
unguiculated,ungulate
unguided,guided
ungulate,unguiculate
ungulated,unguiculate
ungusseted,gusseted
unhallowed,consecrate
unhallowed,holy
unhappy,happy|euphoric
unhardened,tempered
unharmonious,harmonious
unheaded,headed
unhealthful,sanitary|healthful
unhealthy,healthy
unhearable,audible
unheeding,heedful
unhelpful,helpful
unholy,holy
unhumorous,humorous
unhurried,hurried
unicameral,bicameral
unidentifiable,identifiable
unidimensional,multidimensional
unidirectional,bidirectional
unified,disunify|divide
uniform,multiform|differentiated
unifying,disunify|divide
unilateral,multilateral
unilluminating,enlightening
unimodal,bimodal
unimpaired,impaired
unimportant,important|significant
unimpressionable,impressionable
unimpressive,impressive
unimproved,improved
uninflected,inflected|inflected|synthetic
uninfluential,influential
uninformative,informative
uninformed,informed
uninhabited,inhabited
uninhibited,inhibited
uninitiate,initiate
uninjectable,injectable
uninjured,injured
uninquiring,inquiring
uninquisitive,inquiring
uninspiring,inspiring
uninstructive,instructive
uninsured,insured
unintegrated,integrated|integrated
unintelligent,intelligent
unintelligible,intelligible
unintended,intended
uninterested,interested
uninteresting,interesting
uninterrupted,discontinuous
unintrusive,intrusive
uninucleate,multinucleate
uninviting,inviting
uninvolved,involved
union,separation|disunion
union,nonunion
unionised,ionized
unionized,ionized
uniparous,multiparous
unipolar,bipolar
unironed,ironed
unitary,federal
united,divide|disunify
united,divided
univalent,bivalent|polyvalent
univalve,bivalve
universal,particular;particular proposition
univocal,equivocal
unjust,fair|just|equitable
unkept,unbroken
unkeyed,tonal
unkind,kind
unkindly,kindly
unknowable,knowable
unknown,acquaintance
unknown,known
unlabeled,labeled
unlabelled,labeled
unlaced,tie
unlaced,laced
unlamented,lamented
unlaureled,laureled
unlaurelled,laureled
unlawful,lawful
unleaded,leaded
unlearned,conditioned
unleavened,leavened
unlighted,lighted
unlikable,sympathetic
unlike,like|like
unlikeable,sympathetic
unlikely,probable|likely
unlimited,limited
unlined,lined
unlipped,lipped
unlisted,listed
unlit,lighted
unlivable,livable
unliveable,livable
unliveried,liveried
unloaded,loaded
unlocked,lock|lock
unlogical,logical
unloved,loved
unloving,loving
unlubricated,lubricated
unlucky,lucky
unmade,make
unmade,made
unmalicious,malicious
unmalted,malted
unmanageable,wieldy|manageable
unmanful,manly
unmanlike,manly
unmanly,manly
unmanly,manfully
unmanned,manned
unmarked,marked
unmarred,blemished
unmarried,married
unmated,mated
unmeasurable,measurable
unmeasured,measurable
unmelodic,melodious
unmelodious,tuneful|melodious
unmelted,melted
unmentionable,overgarment
unmerciful,merciful
unmerited,merited
unmilitary,military
unmindful,mindful
unmined,mined
unmitigated,mitigated
unmixable,miscible
unmodifiable,modifiable
unmodified,modified
unmodulated,modulated
unmotivated,motivated
unmotorised,motorized
unmotorized,motorized
unmourned,lamented
unmoved,moved
unmoving,moving|moving
unmown,mown
unmusical,musical|musical|melodious
unmutilated,blemished
unmyelinated,myelinated
unnatural,natural|normal|unaffected
unnecessary,necessary
unneeded,necessary
unneurotic,neurotic
unnoticeable,obtrusive|noticeable
unnoticed,noticed
unobjectionable,dirty
unobligated,obligated
unobliging,accommodating
unobstructed,obstructed
unobtrusive,obtrusive
unobvious,obvious
unoccupied,occupied|occupied
unoffending,offending|offensive
unofficial,official
unoiled,oiled
unopen,open
unopposable,opposable
unopposed,opposed
unordered,ordered
unorganised,organized
unorganized,organized
unoriented,oriented
unoriginal,original
unorthodox,orthodox
unostentatious,ostentatious
unowned,owned
unpackaged,packaged
unpaid,paid
unpaintable,paintable
unpainted,painted|painted
unpalatable,palatable
unpardonable,pardonable
unparented,parented
unpassable,passable
unpatriotic,patriotic
unpatronised,patronized
unpatronized,patronized
unpatterned,patterned
unpaved,paved
unpeaceful,peaceful
unperceivable,perceptible
unperceiving,perceptive
unperceptive,perceptive
unpermissive,permissive
unperplexed,perplexed
unplanned,planned
unplanted,planted
unplayable,playable
unplayful,playful
unpleasant,pleasant
unpleasant-smelling,fragrant
unploughed,plowed
unplowed,plowed
unpointed,pointed
unpolished,polished
unpopular,popular
unportable,portable
unposed,posed
unpotted,potted
unpowered,powered
unprecedented,precedented
unpredictable,predictable
unprejudiced,prejudiced
unpremeditated,premeditated
unprepared,prepared
unpresidential,presidential
unpretending,ostentatious
unpretentious,pretentious|ostentatious
unpreventable,preventable
unpriestly,priestly
unprincipled,principled
unprintable,printable
unprocessed,refined|processed
unproductive,productive
unprofessional,professional
unprofitable,profitable
unpronounceable,pronounceable
unprophetic,prophetic
unpropitious,propitious
unprotected,protected
unprotective,protective
unproved,proved
unproven,proved
unprovocative,provocative
unprovoking,provocative
unpublishable,publishable
unpublished,published
unpunctual,punctual
unpunished,punished
unqualified,qualified|qualified|competent
unquestionable,questionable
unquiet,quiet
unquotable,repeatable;quotable
unraised,leavened
unreactive,reactive
unready,ready
unreal,real|real|natural|substantial
unrealistic,realistic
unreasonable,reasonable
unreassuring,reassuring
unreceptive,receptive
unrecognisable,recognizably
unreconcilable,reconcilable
unreconstructed,reconstructed
unrecorded,recorded
unrecoverable,recoverable
unrefined,refined|refined
unreflected,reflected
unregenerate,docile|regenerate
unregenerated,regenerate
unregistered,registered|registered
unregretful,regretful
unregretting,regretful
unregulated,regulated
unrelated,related|related
unreliable,reliable;dependable
unremorseful,penitent;repentant
unrenewable,renewable
unrenewed,revived
unrentable,rentable
unrepeatable,repeatable;quotable
unrepentant,penitent;repentant
unreplaceable,replaceable
unreportable,reportable
unreported,reported
unreproducible,reproducible
unrequested,requested
unresentful,resentful
unreserved,reserved|reserved
unresolved,solved
unrespectable,respectable
unresponsive,responsive
unrestrained,restrained
unrestricted,restricted
unrestrictive,restrictive
unretentive,retentive
unreverberant,reverberant
unrevived,revived
unrewarding,rewarding
unrhetorical,rhetorical
unrhymed,rhymed
unrhythmic,rhythmical
unrhythmical,rhythmical
unrifled,rifled
unrigged,rigged
unrighteous,righteous
unrimed,rhymed
unripe,ripe
unripened,ripe
unsaddled,saddle
unsaddled,saddled
unsafe,secure|safe
unsalable,salable
unsaleable,salable
unsanitary,sanitary
unsaponified,saponified
unsarcastic,sarcastic
unsatiable,satiate
unsatisfactory,satisfactory
unsaturated,saturated|saturated|saturated
unsavory,savory
unsavoury,savory
unscalable,scalable
unscheduled,scheduled
unscholarly,scholarly
unscientific,scientific
unscripted,scripted
unscrupulous,scrupulous
unsealed,seal
unsealed,sealed|sealed
unseamanlike,seamanlike
unseasonable,seasonable
unseasoned,seasoned
unseaworthy,seaworthy
unsectarian,sectarian
unseductive,seductive
unseeable,visible
unseeded,seeded
unselected,selected
unselfish,selfish
unsensational,sensational
unsent,sent
unserviceable,serviceable
unservile,servile
unsettled,settled|settled
unsexed,uncastrated
unsexy,sexy
unshaded,shaded|shaded
unshapely,shapely
unshared,shared
unshaved,shaven
unshaven,shaven
unsheared,sheared
unsheathed,sheathe
unsheathed,sheathed
unshelled,shelled
unshockable,shockable
unshod,calced|shod
unshoed,shod
unshorn,sheared
unshrinkable,shrinkable
unshuttered,shuttered
unsighted,sighted
unsigned,signed
unsilenced,silenced
unsinkable,sinkable
unsized,sized|sized
unskilled,skilled
unsmooth,smooth
unsnarled,entangle;snarl
unsociable,sociable
unsocial,social
unsold,sold
unsolved,solved
unsound,sound|sound
unsoured,soured
unspaced,spaced
unspecialised,specialized
unspecialized,specialized
unspecified,specified
unstable,stable
unstaged,staged
unstained,stained
unstatesmanlike,statesmanlike
unsteady,steady
unstimulating,stimulating
unstoppable,stoppable
unstrained,tense;strain
unstratified,stratified
unstressed,stressed
unstructured,structured
unstrung,string
unstuck,stuck
unstudied,studied
unstylish,stylish|fashionable
unsubdivided,compound
unsubmissive,servile
unsubstantial,substantial
unsuccessful,successful
unsupervised,supervised
unsupported,supported|supported
unsupportive,supportive
unsure,confident|certain;sure
unsurmountable,surmountable
unsurprised,surprised
unsurprising,surprising
unsusceptible,susceptible
unsuspected,suspected
unswept,swept
unsworn,sworn
unsyllabic,syllabic
unsymbolic,representative
unsympathetic,sympathetic|sympathetic
unsystematic,systematic
untactful,tactful
untagged,labeled
untalented,talented
untamed,tame
untangled,ravel;knot
untangled,tangled
untanned,tanned
untapped,tapped
untechnical,technical
untempered,tempered|tempered
unthankful,grateful
untheatrical,theatrical
unthematic,thematic
unthinkable,thinkable
unthinking,thoughtfully
untidy,tidy
untied,tie
untied,tied|laced
untimbered,timbered
untipped,tipped
untouched,touched|moved
untoughened,tough
untraceable,traceable
untraditional,traditional
untrained,trained
untranslatable,translatable
untraveled,traveled
untravelled,traveled
untreated,treated|treated
untrimmed,trimmed
untroubled,troubled|insecure
untrustworthy,trustworthy
untrusty,trustworthy
untruthful,truthful
untucked,tucked
untuneful,tuneful
unturned,turned
untwisted,twist
untypical,typical
ununderstood,understood
unusual,usual|familiar
unvaried,varied
unvarying,varied|multiform
unveiled,veil
unveiled,veiled
unventilated,ventilated
unvigilant,alert
unvoiced,voiced
unvoluntary,voluntary
unwanted,wanted|desirable
unwary,wary
unwatchful,alert
unwaxed,waxed
unweaned,weaned
unwearable,wearable
unwebbed,webbed
unwelcome,welcome
unwholesome,wholesome
unwieldy,wieldy
unwilling,willing
unwitting,witting
unwomanly,womanly
unwooded,wooded
unworldly,worldly
unworthy,worthy
unwoven,woven
unwrapped,wrap
unwrapped,wrapped
unwrinkled,wrinkled
unwritten,written
up,down
up,down;downwards;downward;downwardly|down|down
upbeat,ill-being
upland,lowland
upland,lowland
uplifted,depress
upmarket,downmarket
upper-class,lower-class
uppercase,lowercase
uppercase,lowercase
upright,unerect
upstage,downstage
upstage,downstage
upstair,downstairs
upstairs,downstairs
upstairs,downstairs
upstream,downstream
upstream,downriver;downstream
uptown,downtown
uptown,downtown
upward,down;downwards;downward;downwardly
upwind,windward;downwind|downwind
urban,rural
used,misused
useful,useless
useless,useful
usual,unusual
utile,useless
utility,inutility;uselessness
utopian,dystopian
uxorial,husbandly
vagile,sessile
vague,defined
valid,invalid
validated,invalidate|invalidate|invalidate
validating,invalidate|invalidate|invalidate
valuable,worthless
valued,disrespect;disesteem
vanished,appear|appear
variable,invariable
varied,conform
varied,unvaried
varying,conform
vascular,avascular
veiled,unveil
veiled,unveiled
ventilated,unventilated
ventral,dorsal|abaxial
verbal,numerical
vernal,summery
vertebrate,invertebrate
vertical,inclined|unerect
vested,divest
vexed,reassure
vexing,reassure
violable,inviolable
violated,conform to|keep
violent,nonviolent
virile,impotent
virtuous,wicked
virulent,avirulent
visible,invisible
vitalizing,devitalize
vitiated,validate
viviparous,oviparous
vocal,instrumental
vocalic,consonantal
voiced,devoice
voiced,unvoiced
voiceless,voiced|enfranchised
void,validate|validate
volatile,nonvolatile
voluble,taciturn
voluntary,draftee
voluntary,involuntary|involuntary
volunteer,draftee
voteless,enfranchised
vulnerable,invulnerable
waking,sleeping
waking,sleep|fall asleep|cause to sleep
walk-on,speaking
walking,ride
walleyed,cross-eyed
waning,waxing
waning,wax|wax
waning,waxing
wanted,unwanted
warm,cool|cool|cool
warm-blooded,cold-blooded
warmhearted,coldhearted
warring,make peace
wary,unwary
washable,nonwashable
waste,conserve
wasted,conserve
wasted,hypertrophied
wasteful,thrifty
watchful,unalert
watermelon-shaped,oblate
waxed,wane|wane
waxed,unwaxed
waxing,waning
waxing,wane|wane
waxing,waning
waxy,unimpressionable
weak,strong
weakened,strengthen|strengthen|escalate
weakening,strengthening|strengthening
weakening,strengthen|strengthen|escalate
weakly,strongly
weaned,unweaned
wearable,unwearable
wearied,refresh
wearing,refresh
weary,refresh
wearying,refresh
webbed,unwebbed
wedged,dislodge
weedless,weedy
weedy,weedless
weeping,laugh
weighted,unburden
weightless,weighty
weighty,weightless
welcome,say farewell
welcome,unwelcome
welcoming,say farewell
well,ill
well,ill|ill|badly|badly;disadvantageously|badly
well-advised,ill-advised
well-defined,ill-defined
well-formed,ungrammatical
west,east
westerly,easterly
western,eastern|eastern
wet,dry
wet,dry|dry|dry|dry
wheeled,wheelless
wheelless,wheeled
whispered,shout
whispering,shout
white,black|black
white,blacken
white,black|black
white-collar,blue-collar
whitened,blacken
whole,fractional|half
whole,partly
wholesale,retail
wholesale,retail
wholesale,retail
wholesome,unwholesome
wicked,virtuous
wide,narrow|narrow
widely distributed,endemic
wieldy,unwieldy
wifelike,husbandly
wifely,husbandly
wigged,wigless
wigless,wigged
wild,tame|tame
willing,disinherit
willing,unwilling
winded,unwind
winding,unwind
windward,leeward|leeward
windward,leeward
windward,leeward;upwind
winged,wingless
wingless,winged
winning,lose|lose|fall back|fail
wintery,vernal
wintry,vernal
wired,unwire
wired,wireless
wireless,wired
wise,foolish
wishful,undesirous
withdrawn,advance|engage|deposit
witting,unwitting
womanly,unwomanly
won,lose|lose|fall back|fail
won,lost
wooded,unwooded
woody,nonwoody
working,idle|malfunction
worldly,unworldly
worn,refresh
worn,new
worried,reassure
worrisome,reassuring
worrying,reassure
worse,better|better|good|unregretful
worsened,better|better
worsened,better
worsening,better|better
worsening,bettering
worst,best
worst,best|good|unregretful
worth,worthlessness
worthless,valuable
worthy,unworthy
wound,unwind
woven,unweave
woven,unwoven
wrapped,unwrap|unwind
wrapped,unwrapped
wrinkled,unwrinkled|ironed
wrinkleless,wrinkled
wrinkly,unwrinkled
written,spoken|unwritten|unscripted
wrong,right;rightfulness
wrong,right
wrong,correct;right|right|right
wrong,correctly;right
wrought,idle|malfunction
xenogeneic,allogeneic
xeric,hydric
year-around,seasonal
year-round,seasonal
yielding,stand|survive
young,aged
young,old
younger,old
zonal,azonal
zygodactyl,heterodactyl
zygomorphic,actinomorphic
zygomorphous,actinomorphic
abaft,fore
abaxially,adaxially
ably,incompetently
aborad,orad
abstractly,concretely
acceptably,unacceptably;intolerably
accidentally,deliberately|intentionally;deliberately
accurately,inaccurately
actively,passively
acutely,chronically
adaxially,abaxially
adequately,inadequately
adroitly,maladroitly
advantageously,badly;disadvantageously
advertently,unmindfully;inadvertently
advisedly,unintentionally;accidentally
against the wind,downwind
agreeably,unpleasantly;disagreeably
ahead of time,late
alas,fortunately;luckily
allowably,impermissibly
aloud,softly
altogether,partly
always,never
amateurishly,expertly
ambiguously,unambiguously
ambitiously,unambitiously
amorally,morally
amply,meagerly|meagerly
apace,slowly
appealingly,unappealingly
appreciatively,unappreciatively;ungratefully
appropriately,inappropriately;unsuitably
approvingly,disapprovingly
aptly,incompetently
aright,incorrectly;wrongly
articulately,ineloquently;inarticulately|inarticulately
artificially,naturally
as luck would have it,unfortunately;unluckily
ashamedly,unashamedly
assertively,unassertively
astern,fore
asymmetrically,symmetrically
at a lower place,above
at best,at worst
at least,at most;at the most
at most,at least;at the least
at that place,here
at the best,at worst
at the least,at most;at the most
at the most,at least;at the least
at the worst,at best
at worst,at best
attractively,unattractively
atypically,typically
audibly,inaudibly
auspiciously,inauspiciously;unpropitiously
backwards,forward
badly,well|well|well;advantageously|well|well
barefacedly,ashamedly
beautifully,unattractively
befittingly,inappropriately;unsuitably
belatedly,early
believably,unbelievably|incredibly
believingly,incredulously;unbelievingly
below,above|above|upstairs
beneath,above
benevolently,malevolently
beyond control,in hand
binaurally,monaurally
blithely,unhappily
bloodily,bloodlessly
bloodlessly,bloodily
boiling,freeze
bolt,unbolt
broad-mindedly,narrow-mindedly
broadly,narrowly
broadly speaking,narrowly
but then,on the one hand
by all means,by no means
by artificial means,naturally
by chance,deliberately
by choice,unintentionally;accidentally
by design,unintentionally;accidentally
by hand,by machine
by machine,by hand
by no means,by all means
by trial and error,theoretically
capably,incompetently
carefully,incautiously;carelessly
carelessly,cautiously;carefully
cautiously,incautiously;carelessly
centrally,peripherally
ceremonially,unceremoniously
ceremoniously,unceremoniously
characteristically,uncharacteristically
cheaply,expensively
cheerfully,cheerlessly
cheerlessly,cheerfully
chivalrously,unchivalrously
chop-chop,slowly
chronically,acutely
circumstantially,deliberately
civilly,uncivilly
clearly,unintelligibly
close up,open|free|open up
closer,distant|distant|far
closest,distant|distant|far
coarsely,finely
coherently,incoherently
comfortably,uncomfortably
commonly,remarkably
comparably,incomparably
compatibly,incompatibly
competently,incompetently
competitively,noncompetitively
complainingly,uncomplainingly
completely,partly
comprehensively,noncomprehensively
con,pro
con,pro
concavely,convexly
conclusively,inconclusively
concretely,abstractly
conditionally,unconditionally
confidingly,distrustfully
consciously,unconsciously
consequentially,inconsequentially
considerately,inconsiderately
consistently,unsystematically;inconsistently
conspicuously,inconspicuously
constitutionally,unconstitutionally
controversially,uncontroversially
conveniently,inconveniently
conventionally,unconventionally
convexly,concavely
convincingly,unconvincingly
correctly,incorrectly;wrongly
course,unnaturally
courteously,impolitely;discourteously
covertly,overtly
crazily,sanely
credibly,incredibly
credulously,incredulously;unbelievingly
critically,uncritically
dauntlessly,fearfully
deceitfully,honestly
decently,indecently|improperly
decipherably,illegibly
decisively,indecisively|indecisively
decorously,indecorously
defensively,offensively
deliberately,unintentionally;accidentally
dementedly,sanely
democratically,undemocratically
densely,thinly
dependably,unfaithfully;undependably;unreliably
deservedly,undeservedly
designedly,unintentionally;accidentally
determinedly,unambitiously
detrimentally,harmlessly
diplomatically,undiplomatically
directly,indirectly
disadvantageously,well;advantageously
disagreeably,agreeably
disapprovingly,approvingly
disbelievingly,credulously;believingly
discouragingly,encouragingly
discourteously,politely;courteously
discreetly,indiscreetly
dishonestly,honestly
dishonorably,honorably|honorably
disloyally,loyally
disobediently,obediently
displaying incompetence,competently
disproportionately,proportionately|proportionately
disreputably,reputably
disrespectfully,respectfully
distrustfully,trustfully
down the stairs,upstairs
downriver,upriver;upstream
downwardly,up;upwards;upward;upwardly
downwards,up;upwards;upward;upwardly
dramatically,undramatically
e'er,never
effectively,inefficaciously;ineffectively
effectually,ineffectually
efficaciously,inefficaciously;ineffectively
efficiently,inefficiently
egotistically,unselfishly
elegantly,inelegantly
eloquently,ineloquently;inarticulately|inarticulately
emotionally,unemotionally
empathetically,unsympathetically
empirically,theoretically
encouragingly,discouragingly
endlessly,finitely
enjoyably,unpleasantly;disagreeably
enthusiastically,unenthusiastically
entirely,partly
equally,unevenly;unequally
equitably,inequitably
equivocally,unambiguously
ethically,unethically
evenly,unevenly;unequally|unevenly
ever,never
exactly,imprecisely;inexactly
excitingly,unexcitingly
excusably,inexcusably;unforgivably;unpardonably
expediently,inexpediently
expeditiously,inefficiently
expensively,cheaply
expertly,amateurishly
explicitly,implicitly
expressively,inexpressively
externally,internally
fairly,unreasonably;immoderately|unfairly
faithfully,unfaithfully;undependably;unreliably
falteringly,steadily
fashionably,unfashionably
faster,slow|slow|slow
fastest,slow|slow|slow
favorably,unfavorably
favourably,unfavorably
fearfully,fearlessly
fearlessly,fearfully
feelingly,unfeelingly
felicitously,infelicitously
figuratively,literally
finely,coarsely
finitely,infinitely
fitly,inappropriately;unsuitably
fittingly,inappropriately;unsuitably
flexibly,inflexibly
foolishly,wisely
for good,temporarily
forgivably,inexcusably;unforgivably;unpardonably
forgivingly,unforgivingly
formally,informally
forrad,backward
forrard,backward
fortuitously,unfortunately;unluckily
fortunately,unfortunately;unluckily
forwards,backward
frequently,infrequently;rarely
frontward,backward
frontwards,backward
fruitfully,unproductively;fruitlessly;unprofitably
fruitlessly,productively;fruitfully;profitably
fully,meagerly
gallantly,unchivalrously
gayly,unhappily
generally,specifically|narrowly
geometrically,linearly
gleefully,joylessly
gracefully,gracelessly|ungraciously;ungracefully
gracelessly,graciously;gracefully|gracefully
graciously,ungraciously;ungracefully
grammatically,ungrammatically
gratefully,unappreciatively;ungratefully
grudgingly,ungrudgingly
handily,inconveniently
happily,unhappily|sadly
harmfully,harmlessly
harmlessly,harmfully
hastily,unhurriedly
heavily,lightly
heedfully,unmindfully;inadvertently
helpfully,unhelpfully
hereafter,past
hesitantly,unhesitatingly
hesitatingly,unhesitatingly
higher up,below
hither,there
honestly,dishonestly
honorably,dishonorably|dishonorably
honourably,dishonorably
hopefully,hopelessly
hopelessly,hopefully
hospitably,inhospitably
hotfoot,linger
humanely,inhumanely
humorlessly,humorously
humorously,humorlessly
humourlessly,humorously
hurriedly,unhurriedly
hygienically,unhygienically
illegally,lawfully
illegibly,legibly
illegitimately,legitimately;licitly|legitimately
illicitly,legitimately;licitly|lawfully
illogically,logically
imaginatively,unimaginatively
immaturely,maturely
immeasurably,measurably
immoderately,moderately|reasonably;moderately
immodestly,modestly
immorally,morally
impatiently,patiently
impenitently,penitently;repentantly
imperceptibly,perceptibly
imperfectly,perfectly
impermissibly,permissibly
impersonally,personally
implausibly,credibly;believably
implicitly,explicitly
impolitely,politely;courteously
imposingly,unimpressively
impossibly,possibly
imprecisely,precisely;exactly
impressively,unimpressively
improbably,credibly;believably
improperly,properly
improvidently,providently
imprudently,prudently
in a higher place,below
in both ears,monaurally
in camera,publicly
in general,specifically
in good order,improperly
in hand,out of hand
in haste,unhurriedly
in one ear,binaurally
in private,publicly
in public,privately
in that location,here
in the first place,secondarily
in the main,specifically
inaccurately,accurately
inadequately,adequately
inadvertently,wittingly;advertently;knowingly
inadvisably,inexpediently
inappropriately,appropriately;suitably
inarticulately,eloquently;articulately|articulately
inaudibly,audibly
inauspiciously,auspiciously;propitiously
incautiously,cautiously;carefully
incisively,imprecisely;inexactly
incoherently,coherently
incomparably,comparably
incompatibly,compatibly
incompetently,competently
inconclusively,conclusively
inconsequentially,consequentially
inconsequently,consequentially
inconsiderately,considerately
inconsistently,consistently
inconspicuously,conspicuously
inconveniently,conveniently
incorrectly,correctly;right
incredibly,credibly;believably
incredulously,credulously;believingly
indecently,decently
indecisively,decisively|decisively
indecorously,decorously
indirectly,directly
indiscreetly,discreetly
indoors,outside;outdoors
ineffectively,efficaciously;effectively
ineffectually,effectually
inefficaciously,efficaciously;effectively
inefficiently,efficiently
inelegantly,elegantly
ineloquently,eloquently;articulately
inequitably,equitably
inexactly,precisely;exactly
inexcusably,excusably;pardonably;forgivably|justifiably
inexpediently,expediently
inexpensively,expensively
inexpressively,expressively
infelicitously,felicitously
infinitely,finitely
inflexibly,flexibly
informally,formally
informatively,uninformatively;uninstructively
infrequently,frequently
inhospitably,hospitably
inhumanely,humanely
injudiciously,judiciously
inoffensively,offensively
inopportunely,opportunely
inorganically,organically
insanely,sanely
insecurely,securely|securely
insensitively,sensitively
inseparably,separably
insignificantly,significantly
insincerely,sincerely
instructively,uninformatively;uninstructively
insufficiently,sufficiently
intelligently,unintelligently
intelligibly,unintelligibly
intemperately,lightly
intentionally,unintentionally;accidentally
interestingly,uninterestingly
internally,externally
into the wind,downwind
intolerably,acceptably;tolerably
intolerantly,tolerantly
intransitively,transitively
intrepidly,fearfully
invisibly,visibly
involuntarily,voluntarily
inwardly,outwardly
inwards,outward
irrationally,rationally
irregularly,regularly|regularly|regularly
irrelevantly,relevantly
irresolutely,resolutely
irresponsibly,responsibly
irreverently,reverently
jejunely,maturely
joyfully,joylessly
joylessly,joyfully
joyously,joylessly
jubilantly,unhappily
judiciously,injudiciously
justifiably,unjustifiably
justifiedly,unjustly
justly,unjustly
knowingly,unwittingly;unknowingly
lawfully,illegitimately;lawlessly;illicitly|unlawfully
lawlessly,lawfully
legally,unlawfully
legibly,illegibly
legitimately,illegitimately;lawlessly;illicitly|illegitimately
licitly,illegitimately;lawlessly;illicitly
lightly,heavily|thickly
like an expert,amateurishly
linearly,geometrically
literally,figuratively
logically,illogically
longer,short|short|unretentive|short|short
longest,short|short|unretentive|short|short
loosely,narrowly
loudly,softly|piano
loyally,disloyally
luckily,unfortunately;unluckily
madly,sanely
maladroitly,adroitly
malevolently,benevolently
manageably,unmanageably
manfully,unmanfully
maturely,immaturely
maximally,minimally
meagrely,amply
measurably,immeasurably
melodiously,unmelodiously
memorably,unmemorably
mendaciously,truthfully
merrily,unhappily
mindfully,unmindfully;inadvertently
minimally,maximally
mirthfully,unhappily
mistrustfully,trustfully
moderately,unreasonably;immoderately|immoderately
modestly,immodestly
monaurally,binaurally
morally,immorally
multilaterally,unilaterally
multiply,divide
multiply,singly
musically,unmusically
narrow-mindedly,broad-mindedly
narrowly,broadly
naturally,unnaturally|artificially|unnaturally
nay,yea
ne'er,ever
nearer,far
nearest,far
necessarily,unnecessarily
needfully,unnecessarily
needs,obviate
never,ever
nigher,far
nighest,far
no longer,still
no more,still
noisily,quietly
noncompetitively,competitively
noncomprehensively,comprehensively
nonviolently,violently
normally,remarkably
not by a blame sight,by all means
not by a long sight,by all means
noticeably,imperceptibly
noxiously,harmlessly
obediently,disobediently
objectively,subjectively
obligatorily,optionally
observably,imperceptibly
obtrusively,unobtrusively
of course,unnaturally
offensively,inoffensively|defensively
officially,unofficially
oft,infrequently;rarely
often,infrequently;rarely
oftentimes,infrequently;rarely
ofttimes,infrequently;rarely
on a higher floor,downstairs
on a lower floor,upstairs
on a regular basis,irregularly
on an irregular basis,regularly
on one hand,on the other hand
on purpose,unintentionally;accidentally
on the one hand,on the other hand
on the other hand,on the one hand
once and for all,inconclusively
one-sidedly,multilaterally
opportunely,inopportunely
optimistically,pessimistically
optionally,obligatorily
orad,aborad
ordinarily,remarkably
organically,inorganically
out of doors,inside;indoors
out of hand,in hand
out of wedlock,legitimately
outdoors,inside;indoors
outstandingly,unremarkably
outwardly,inwardly
outwards,inward
overtime,regulation time
overtly,covertly
painfully,painlessly
painlessly,painfully
palatably,unpalatably
pardonably,inexcusably;unforgivably;unpardonably
part,wholly
partially,wholly
partly,wholly
passably,unreasonably;immoderately
passively,actively
patiently,impatiently
patriotically,unpatriotically
penitentially,impenitently;unrepentantly
penitently,impenitently;unrepentantly
perceptibly,imperceptibly
perfectly,imperfectly
peripherally,centrally
permanently,temporarily
permissibly,impermissibly
personally,impersonally
pessimistically,optimistically
plausibly,incredibly
pleasantly,unpleasantly;disagreeably
please,displease
polemically,uncontroversially
politely,impolitely;discourteously
possibly,impossibly
precedentedly,unprecedentedly
precisely,imprecisely;inexactly
pretentiously,unpretentiously
primarily,secondarily
privately,publicly|publicly
probably,incredibly
productively,unproductively;fruitlessly;unprofitably
profitably,unproductively;fruitlessly;unprofitably
properly,improperly
propitiously,inauspiciously;unpropitiously
proportionally,disproportionately
proportionately,disproportionately|disproportionately
providentially,imprudently
providently,improvidently
prudently,imprudently
publically,privately
publicly,privately|privately
purposely,unintentionally;accidentally
quickly,slowly
quietly,loudly|noisily|unquietly
rapidly,slowly
rarely,often
rationally,irrationally
readably,illegibly
realistically,unrealistically
rearwards,forward
reasonably,unreasonably;immoderately|unreasonably
recognizably,unrecognizably
regrettably,fortunately;luckily
regularly,irregularly|irregularly|irregularly
relevantly,irrelevantly
reliably,unfaithfully;undependably;unreliably
remarkably,unremarkably
repentantly,impenitently;unrepentantly
reputably,disreputably
resolutely,irresolutely|indecisively
respectfully,disrespectfully
responsibly,irresponsibly
retail,wholesale
retail,wholesale
retail,wholesale
reverentially,irreverently
reverently,irreverently
richly,meagerly
righteously,unrighteously
rightly,unjustly
romantically,unromantically
rudely,politely;courteously
sadly,happily
sagely,foolishly
sanely,unreasonably|insanely
satisfactorily,unsatisfactorily
seasonably,unseasonably
secondarily,primarily
securely,insecurely|insecurely
seldom,often
self-consciously,unselfconsciously
selfishly,unselfishly
sensibly,unreasonably
sensitively,insensitively
sentimentally,unsentimentally
separably,inseparably
shamelessly,ashamedly
significantly,insignificantly
sincerely,insincerely
singly,multiply
slenderly,amply
slower,fast|fast|fast
slowest,fast|fast|fast
slowly,quickly
small-mindedly,broad-mindedly
smilingly,unsmilingly
soaking,undercharge
sociably,unsociably
softly,loudly|forte
somewhat,unreasonably;immoderately
sorely,painlessly
sparingly,amply
specifically,generally
speedily,slowly
sportingly,unsportingly
steadily,unsteadily
strongly,weakly
subjectively,objectively
successfully,unsuccessfully
sufficiently,insufficiently
suitably,inappropriately;unsuitably
supra,below
symmetrically,asymmetrically
sympathetically,unsympathetically
systematically,unsystematically;inconsistently
tactfully,tactlessly
tactlessly,tactfully
tardily,quickly|early
tastefully,tastelessly
tastelessly,tastefully
tastily,tastelessly
tattily,expensively
temporarily,permanently
the right way,improperly
then again,on the one hand
theoretically,empirically
there,here
there,here|here
thickly,thinly|thinly|thinly
thinly,thickly|thickly|thickly
thither,here
thoughtfully,thoughtlessly|thoughtlessly
thoughtlessly,thoughtfully|thoughtfully
through empirical observation,theoretically
to a greater extent,less
to a higher place,below
to a lesser extent,more
to a lower place,above
to both ears,monaurally
to one ear,binaurally
to the highest degree,least
to the lowest degree,most
tolerably,unacceptably;intolerably
tolerantly,intolerantly
too soon,late
totally,partly
transitively,intransitively
truly,insincerely
trustfully,distrustfully
trustingly,distrustfully
truthfully,untruthfully
tunefully,unmelodiously
typically,atypically
unacceptably,acceptably;tolerably
unambiguously,ambiguously
unambitiously,ambitiously
unappealingly,appealingly
unappreciatively,gratefully;appreciatively
unashamedly,ashamedly
unassertively,assertively
unattractively,attractively
unbecomingly,decorously
unbelievably,credibly;believably|believably
unbelievingly,credulously;believingly
unceremoniously,ceremoniously
uncertainly,steadily
uncharacteristically,characteristically
unchivalrously,chivalrously
uncivilly,civilly
unco,unremarkably
uncomfortably,comfortably
uncomparably,comparably
uncomplainingly,complainingly
unconditionally,conditionally
unconsciously,consciously
unconstitutionally,constitutionally
uncontroversially,controversially
unconventionally,conventionally
unconvincingly,convincingly
uncritically,critically
undecipherably,legibly
undemocratically,democratically
undependably,faithfully;dependably;reliably
understandably,unintelligibly
undeservedly,deservedly
undiplomatically,diplomatically
undramatically,dramatically
unemotionally,emotionally
unenthusiastically,enthusiastically
unequally,evenly;equally
unequivocally,ambiguously
unethically,ethically
unevenly,evenly|evenly;equally
unexcitingly,excitingly
unexpectedly,deliberately
unfairly,fairly
unfaithfully,faithfully;dependably;reliably
unfashionably,fashionably
unfavorably,favorably
unfavourably,favorably
unfeelingly,feelingly
unfeignedly,insincerely
unforgettably,unmemorably
unforgivably,excusably;pardonably;forgivably
unforgivingly,forgivingly
unfortunately,fortunately;luckily
ungracefully,graciously;gracefully
ungraciously,graciously;gracefully
ungrammatically,grammatically
ungratefully,gratefully;appreciatively
ungrudgingly,grudgingly
unhappily,happily|happily
unhelpfully,helpfully
unhesitatingly,hesitantly
unhurriedly,hurriedly
unhygienically,hygienically
unilaterally,multilaterally
unimaginatively,imaginatively
unimpressively,impressively
uninformatively,informatively;instructively
uninstructively,informatively;instructively
unintelligently,intelligently
unintelligibly,intelligibly
unintentionally,intentionally;deliberately
uninterestingly,interestingly
unjustifiably,justifiably
unjustly,justly
unknowingly,wittingly;advertently;knowingly
unlawfully,lawfully
unluckily,fortunately;luckily
unmanageably,manageably
unmanfully,manfully
unmelodiously,melodiously
unmemorably,memorably
unmindfully,mindfully
unmusically,musically
unnaturally,naturally|naturally|naturally
unnecessarily,necessarily
unnoticeably,perceptibly
unobtrusively,obtrusively
unofficially,officially
unpalatably,palatably
unpardonably,excusably;pardonably;forgivably
unpatriotically,patriotically
unpleasantly,pleasantly
unprecedentedly,precedentedly
unpretentiously,pretentiously
unproductively,productively;fruitfully;profitably
unprofitably,productively;fruitfully;profitably
unpropitiously,auspiciously;propitiously
unquietly,quietly
unreadably,legibly
unrealistically,realistically
unreasonably,reasonably|reasonably;moderately
unrecognizably,recognizably
unreliably,faithfully;dependably;reliably
unremarkably,remarkably
unrepentantly,penitently;repentantly
unrighteously,righteously
unromantically,romantically
unsatisfactorily,satisfactorily
unseasonably,seasonably
unselfconsciously,self-consciously
unselfishly,selfishly
unsentimentally,sentimentally
unsmilingly,smilingly
unsociably,sociably
unsportingly,sportingly
unsteadily,steadily
unsuccessfully,successfully
unsuitably,appropriately;suitably
unsymmetrically,symmetrically
unsympathetically,sympathetically
unsystematically,systematically
unthinkingly,thoughtfully
untruthfully,truthfully
untypically,typically
ununderstandably,intelligibly
unusually,unremarkably
unwarily,warily
unwillingly,willingly
unwisely,wisely
unwittingly,wittingly;advertently;knowingly
up the stairs,downstairs
uprightly,dishonorably
upriver,downriver;downstream
upwardly,down;downwards;downward;downwardly
upwards,down;downwards;downward;downwardly
usefully,uselessly
uselessly,usefully
usually,remarkably
venally,honestly
very loudly,pianissimo
very softly,fortissimo
violently,nonviolently
virtuously,immorally
visibly,invisibly
volitionally,unwillingly
voluntarily,involuntarily
warily,unwarily
wholly,partly
willingly,unwillingly
wisely,foolishly
within,outside
wittingly,unwittingly;unknowingly
woodenly,graciously;gracefully
wrongly,correctly;right
yea,nay
yieldingly,disobediently
abidance,nonconformity;noncompliance
abience,adience
ability,inability|inability
abnormalcy,normality
abnormality,normality
abruptness,gradualness
absence,presence|presence
absorbency,nonabsorbency
abstainer,drinker
abstracter,concrete
abstractness,concreteness
abstruseness,clarity
abundance,scarcity
ac,direct current
acanthopterygian,soft-finned fish
acapnia,hypercapnia
acceleration,deceleration|deceleration|deceleration
accelerator,anticatalyst
acceptability,unacceptability
acceptableness,unacceptability
acceptance,rejection
accessibility,inaccessibility;unavailability|unapproachability
acclaim,boo
acclivity,descent
accord,disagreement
accrual basis,cash basis
accuracy,inaccuracy
achiever,loser
achromatic color,chromatic color
achromatic colour,chromatic color
achromaticity,color
achromatism,color
acidity,alkalinity
acquaintance,stranger
acquiring,lose
acquittal,conviction
acrocarp,pleurocarp
acrocarpous moss,pleurocarp
act,refrain
action,inaction;inactivity;inactiveness
activation,inactivation|deactivation
activator,inhibitor
active trust,passive trust
active voice,passive voice
activeness,inaction;inactivity;inactiveness|inactiveness
activity,inactivity|inaction;inactivity;inactiveness|inactiveness
acts,refrain
actual sin,original sin
acuteness,obtuseness
adaptability,unadaptability
add,take away|subtract
addition,subtraction
adduct,abduct
adequacy,inadequacy|insufficiency;inadequacy
adequateness,inadequacy
adience,abience
admissibility,inadmissibility
adult female,man
adult male,woman
advancement,retreat
advantage,disadvantage|penalty
advantage,disadvantage
advantageousness,unfavorableness
adversary,agonist
advisability,inadvisability
aesthesia,insensibility
affectedness,unaffectedness
affinity,consanguinity
affirmation,reversal
affirmed,negate
age,rejuvenate
agitation,calmness
agonist,antagonist
agreeability,disagreeableness
agreeableness,disagreeableness|disagreeableness
agreement,disagreement|disagreement
aimlessness,purposefulness
air mail,surface mail
alignment,nonalignment
alikeness,unlikeness;dissimilitude
alinement,nonalignment
aliquant,aliquot
aliquant part,aliquot
aliquot part,aliquant
aliveness,inanimateness
alkalinity,acidity
alliance,nonalignment
allies,foe
allogamy,autogamy
allopathy,homeopathy
allopatry,sympatry
ally,foe
also-ran,winner
alterability,unalterability
alternating current,direct current
alternating electric current,direct current
alto relievo,low relief
alto rilievo,low relief
altruism,egoism
am,differ
ambiguity,unambiguity;unequivocalness
ambiversion,extraversion
amends,worsen
amenities,disagreeableness
amenity,disagreeableness
amiability,ill humor
amyotonia,tonicity
anabolism,catabolism
analogy,apophatism
analphabetism,literacy
analysis,synthesis
analytic thinking,synthesis
anamorphism,katamorphism
anaphrodisia,aphrodisia
anapsid,diapsid
anapsid reptile,diapsid
anastalsis,peristalsis
ancestor,descendant
anestrum,estrus
anestrus,estrus
anglophilia,Anglophobia
anglophobia,Anglophilia
angularity,roundness
animateness,inanimateness
anisotropy,isotropy
anode,cathode|cathode
anoestrum,estrus
anoestrus,estrus
anovulation,ovulation
answer,question
antagonist,agonist|synergist
antapex,apex
antecedence,posteriority
antecedency,posteriority
anteriority,posteriority|posteriority
anticatalyst,catalyst
anticyclone,cyclone
antinode,node
antitype,type
antonym,synonym
apex,antapex
apex of the sun's way,antapex
aphelion,perihelion
aphrodisia,anaphrodisia
apoapsis,periapsis;point of periapsis
apogee,perigee
apojove,perijove
apolune,periselene;perilune
apophatism,cataphatism
aposelene,periselene;perilune
apparel,undress
appeal,repel
appearance,disappearance|disappearance
appearing,disappear|disappear
appetisingness,unappetizingness
appetizingness,unappetizingness
applicability,inapplicability
appositeness,inaptness;inappositeness
appreciation,depreciation
approachability,unapproachability
approbation,disapprobation
appropriateness,inappropriateness|inappropriateness
approval,disapproval|disapproval|disapproval
aptitude,inaptitude
aptness,inaptness;inappositeness
arabic numeral,Roman numeral
are,differ
arianism,Athanasianism
aridity,fruitfulness
arm,disarm
armament,disarming;disarmament
arming,disarming;disarmament
arming,disarm
arms,disarm
arranging,disarrange
artefact,natural object
artfulness,artlessness
artifact,natural object
artificial language,natural language
artiodactyl mammal,odd-toed ungulate
artlessness,artfulness
ascending node,descending node
ascension,fall
ascent,descent|fall
asking,obviate
asperity,dullness
assemblage,disassembly
assembling,disassemble
assembly,disassembly|disassembly
assent,dissent
assenting,dissent
asset,liability
assets,liability
association,disassociation
assortative mating,disassortative mating
astigmatism,stigmatism
astigmia,stigmatism
asymmetry,symmetry
asynchronism,synchronism;synchronization;synchronizing
asynchronous operation,synchronous operation
asynchrony,synchronism;synchronization;synchronizing
athanasianism,Arianism
atheism,theism
atomic theory,holism
atomism,holism
atomist theory,holism
atomistic theory,holism
atonalism,tonality
atonality,tonality
atonia,tonicity
atonicity,tonicity
atony,tonicity
attack,defend
attendance,nonattendance
attending,inattention|nonattendance
attending,miss
attention,inattention
attentiveness,inattentiveness|inattentiveness
attire,underdress;dress down
attraction,repulsion
attractive force,repulsion
attractiveness,unattractiveness
atypicality,typicality
audibility,inaudibility
audibleness,inaudibility
augmentation,diminution
aunt,uncle
auntie,uncle
aunty,uncle
aurora,sunset
auspiciousness,inauspiciousness;unpropitiousness
autogamy,allogamy
autumnal equinox,vernal equinox
availability,inaccessibility;unavailability
availableness,inaccessibility;unavailability
avoirdupois,leanness
awakening,cause to sleep|fall asleep
awareness,incognizance
away game,home game
awkwardness,gracefulness
babble,keep quiet
babbling,keep quiet
back burner,front burner
back end,front
background,foreground;play up
backgrounding,foreground;play up
backhander,forehand
backing,advance|front|veer
backside,front
bad egg,good egg
bad guy,good guy
bad luck,good fortune;good luck
bad person,good person
bad weather,good weather
badness,good;goodness
balance,imbalance|asymmetry
balance,unbalance
balancing,unbalance
balefulness,beneficence
bank,withdraw|mistrust
banking,withdraw|mistrust
banks,withdraw|mistrust
bar,unbar
barf,keep down
baring,unbar
barrenness,fruitfulness
barring,unbar
bars,unbar
bas relief,high relief
baseball diamond,outfield
basso relievo,high relief
basso rilievo,high relief
be,differ
bear,bull
beauty,ugliness
becomingness,unbecomingness
bed,get up;turn out
bedding,get up;turn out
begetter,mother;female parent
begin,end|end|end
being,nonbeing;nonexistence
being,differ
beingness,nonbeing;nonexistence
belief,unbelief
believability,incredibility
believing,disbelieve
belt,unbelt
belting,unbelt
bend,straighten|unbend
bending,straighten|unbend
bends,straighten|unbend
beneficence,maleficence|maleficence
benevolence,malevolence
benignancy,malignity;malignancy
benignity,malignity;malignancy
bigness,smallness;littleness
bind,unbind|untie
biodegradable pollution,nonbiodegradable pollution
birth,death|death
blackening,whiten
blacking,whiten
blackness,white
blessing,disapproval
blessing,curse|desecrate
blinder,sighted
blitheness,cheerlessness
block,unstuff|free|remember|unfreeze;unblock
blocking,unstuff|free|remember|unfreeze;unblock
blood brother,sister
blood kinship,affinity
blow,conserve
blowing,conserve
blubber,leanness
blunt file,taper file
bluntness,sharpness
blur,focus|focus|focus
blurriness,distinctness;sharpness
board,get off
boarding,disembarkation
boarding,get off
boarding school,day school
boards,get off
bodoni,old style
bodoni font,old style
boil,freeze
boldness,timidity
bomb,pass
bombing,pass
boo,applaud
bore,interest
borrower,lender
borrowing,lend
botany,fauna
bottom of the inning,top
bounce,clear
bounded interval,open interval
boundedness,infiniteness
boundlessness,finiteness
box,unbox
boxing,unbox
boy,female child;girl|daughter;girl
boycott,patronize
brace,sedate;de-energize;de-energise
braces,sedate;de-energize;de-energise
braid,unbraid
braiding,unbraid
brand-name drug,generic drug
braveness,cowardice
bravery,cowardice|fear
breach,keep
break,repair|keep|conform to|make|promote
break of day,sunset
break of the day,sunset
breakableness,unbreakableness
breaking,repair|keep|conform to|make|promote
brethren,sister
bridle,unbridle
brightness,dullness
brine,fresh water
bringing,take away
broad-mindedness,narrow-mindedness
broadening,narrowing|narrowing
broadening,specialize
broadness,narrowness
brother,sister
buckle,unbuckle
bulk,minority
bull,bear
bump,promote
burden,unburden
burst,implode
burthen,unburden
burying,remember
bushel,break
butterball,thin person
button,unbutton
buy,sell
buying,sell
cacodaemon,eudemon
cacodemon,eudemon
cacogenics,eugenics
caenogenesis,palingenesis
cainogenesis,palingenesis
call,put option
call option,put option
call up,forget|demobilize
calming,agitate|stimulate
calmness,discomposure|agitation
can,hire
candor,unfairness
candour,unfairness
caning,hire
capability,incapability;incapableness|incapability
capableness,incapability|incapability;incapableness
capacity,incapacity|incapacity
capital letter,lowercase
capitalism,socialism
capitalist economy,socialism
captor,liberator
capturer,liberator
carefulness,incaution|carelessness
carelessness,carefulness
carinate bird,ratite
cash,credit
cash account,margin account
cash basis,accrual basis
cast,keep down
casting,keep down
cat,keep down
catabolism,anabolism
catalyst,anticatalyst
cataphatism,apophatism
catch,unhitch
categorem,syncategorem;syncategoreme
categoreme,syncategorem;syncategoreme
cathode,anode|anode
caution,incaution
cautiousness,incaution
cease,continue|begin
celebrity,infamy
cenobite,eremite
cenogenesis,palingenesis
centralisation,decentralization
centrality,marginality
centralization,decentralization
centrifugal force,centripetal force
centripetal force,centrifugal force
ceremoniousness,unceremoniousness
certainty,uncertainty|uncertainty
certification,disenfranchisement
chain,unchain
chains,unchain
change,stay
changeability,changelessness
changeableness,changelessness
changefulness,constancy
changelessness,changeableness
chapelgoer,Anglican
charge,discharge|pay cash|calm
chariness,unwariness
check,disagree
cheer,uncheerfulness
cheer,dishearten|complain
cheerfulness,uncheerfulness|cheerlessness
cheerlessness,cheerfulness
child,parent
chill,heat|heat
choke,unclog|be born
choking,unclog|be born
chromatic color,achromatic color
chromatic colour,achromatic color
chuck,keep down
circumstantial evidence,direct evidence
cisc,reduced instruction set computing;reduced instruction set computer;RISC
citizen,noncitizen
civil law,international law
civility,incivility
clabber,homogenize
claim,disclaim|forfeit|disclaim
clap,boo
clapping,boo
clarity,obscurity;unclearness|opacity
clasp,unclasp|unbuckle|unclasp
classicalism,Romanticism
classicism,Romanticism
classicist,romanticist
classification,declassification
cleaner,dirty|unclean|dirty|dirty
cleaning,dirty
cleanliness,uncleanliness
cleanness,dirtiness
clearing,clutter|overcast|bounce|convict
clearness,obscurity;unclearness|opacity
clergy,laity
clergyman,layman
climb,descent
climb,wane
climbing,wane
clip,unclip
clipping,unclip
clockwise rotation,levorotation
clog,unclog
closed chain,open chain
closed circuit,open circuit
closed interval,open interval
closeness,farness|openness
clot,homogenize
clothes,undress
clothing,undress
clotting,homogenize
cloud,clear up
clouding,clear up
clumsiness,gracefulness
clutter,unclutter
coalition,nonalignment
cockcrow,sunset
coding dna,intron
coenobite,eremite
cognation,affinity
cognisance,incognizance
cognizance,incognizance
coherence,incoherence
coherency,incoherence
cohesion,incoherence
cohesiveness,incoherence
coil,uncoil
cold war,hot war
coldness,hotness
collecting,spread
coloring,colorlessness
coloring,discolor
colorlessness,color
colors,colorlessness
colors,discolor
colouring,colorlessness
colouring,discolor
colourlessness,color
colours,colorlessness
colours,discolor
come,go|leave
comedy,tragedy
comfort,discomfort
comfortableness,discomfort
comforts,discomfort
commencement,middle|finish
commendation,disapproval
common noun,proper noun
commonality,individuality
commoner,individual|uncommon
commonness,uncommonness|individuality
commonplaceness,uncommonness
communicating,excommunicate
communicativeness,uncommunicativeness
communisation,denationalization
communization,denationalization
compactness,distribution
compatibility,incompatibility
competence,incompetence
competency,incompetence
competition,cooperation
complainant,defendant
completeness,incompleteness
complex instruction set computer,reduced instruction set computing;reduced instruction set computer;RISC
complex instruction set computing,reduced instruction set computing;reduced instruction set computer;RISC
complexity,simplicity
complexness,simplicity
compliance,nonconformity;noncompliance
composure,discomposure
comprehensibility,incomprehensibility
comprehension,incomprehension
compress,decompress
compressibility,incompressibility
compressing,decompression
compressing,decompress
compression,decompression|decompression
computer hardware,software
computer software,hardware
concave polygon,convex polygon
conceit,humility
conceitedness,humility
concentrate,decentralize;decentralise;deconcentrate
concentration,distribution|dilution
concentricity,eccentricity
concept,misconception
conception,misconception
concern,unconcern
concerted music,monophony;monophonic music
conclusion,beginning
conclusiveness,inconclusiveness
concord,disagree
concreteness,abstractness
condemnation,approbation|acquittal
conductor,insulator
confidence,diffidence
confines,free
conformation,nonconformity;noncompliance
conformism,nonconformity;nonconformism
conformity,nonconformity;noncompliance|nonconformity;nonconformism
congeniality,uncongeniality
congruence,incongruity;incongruousness
congruity,incongruity;incongruousness
congruousness,incongruity;incongruousness
conjugation,disunion
conk,be born
connectedness,disconnectedness|unconnectedness
connection,unconnectedness|disconnectedness
connexion,unconnectedness
consanguinity,affinity
conscientiousness,unconscientiousness|unconscientiousness
consciousness,unconsciousness|incognizance
conscript,volunteer
consecutive operation,parallel operation
consent,refuse
consequence,inconsequence
conservativist,liberal
conserve,waste
conserves,waste
considerateness,inconsideration;thoughtlessness
consideration,inconsideration;thoughtlessness
consistence,inconsistency
consistency,inconsistency
conspicuousness,inconspicuousness
constancy,inconstancy
constant-width font,proportional font
construct,misconception
construction,misconstruction
constructive metabolism,catabolism
constructiveness,destructiveness
contamination,decontamination
contention,cooperation
contentment,discontentment
contents,discontent
continuance,discontinuance;discontinuation
continuant consonant,stop consonant
continuation,discontinuance;discontinuation
continuity,discontinuity
contract,stretch;expand|widen|expand
contracting,stretch;expand|widen|expand
contraction,expansion
contraindication,indication
control,unrestraint
convenience,inconvenience
conveniences,inconvenience
convention,unconventionality
conventionalism,unconventionality
conventionality,unconventionality|unconventionality
convergence,divergence;divergency
convergency,divergence;divergency
convergent thinking,divergent thinking
converging,diverge|diverge|diverge
convertibility,inconvertibility
convex polygon,concave polygon
conveying,take away
convict,acquit
conviction,acquittal
cooking apple,eating apple
cooler,warm|warm|warm
cooling,heat|heat
cooperation,competition
coordination,incoordination
copiousness,scarcity
cordial reception,inhospitality
cork,uncork
corporality,immateriality;incorporeality
corporeality,immateriality;incorporeality
corpuscular theory,wave theory;wave theory of light
corpuscular theory of light,wave theory;wave theory of light
correctitude,impropriety;improperness
correctness,incorrectness;wrongness|incorrectness
correspondence,asymmetry
corruptibility,incorruptibility
corruption,incorruptness
corruptness,incorruptness
cortex,medulla
countenance,forbid;disallow
counterclockwise rotation,dextrorotation
counterfactuality,factuality
country,urban area
couple,uncouple
coupling,uncouple
courage,cowardice
courageousness,cowardice
courtesy,discourtesy
cover,uncover
covering,uncover
cowardice,courage
cowardliness,courage
crate,uncrate
creative thinking,uncreativeness
creativeness,uncreativeness
creativity,uncreativeness
credibility,incredibility
credibleness,incredibility
credit,debit|cash
credit,debit
credit entry,debit
creditor,debtor
credits,debit|cash
credits,debit
criminal prosecution,defense
criminalisation,decriminalization;decriminalisation
criminalization,decriminalization;decriminalisation
croak,be born
croaking,be born
crookedness,straightness
cross-fertilisation,self-fertilization
cross-fertilization,self-fertilization
cross-pollination,self-pollination
crossing,uncross
cry,laugh
cryptogamia,Phanerogamae
cultivated plant,weed
curability,incurability;incurableness
curableness,incurability;incurableness
curdling,homogenize
curiousness,nativeness
curl,uncoil
curliness,straightness
curse,bless|communicate
curve,straight line
curved shape,straight line
cyclone,anticyclone
dabbler,diving duck
dabbling duck,diving duck
dampening,stimulate
danger,safety
dangerousness,safeness
darkness,light|lightness
daughter,son;boy
dawdling,rush
dawn,sunset
dawning,sunset
day,night
day game,night game
day of rest,workday
day school,boarding school|night school
daybreak,sunset
daylight,night
days,night
dayspring,sunset
daytime,night
dc,alternating current
deactivation,activation
deadly sin,venial sin
deadness,responsiveness
death,birth|birth
debarkation,embarkation
debenture,secured bond
debenture bond,secured bond
debit,credit
debit,credit
debit entry,credit
debitor,creditor
debtor,creditor
decease,birth
decease,be born
deceleration,acceleration|acceleration|acceleration
decency,indecency
decentralisation,centralization
decentralization,centralization
deciduous plant,evergreen plant
decision,indecisiveness;indecision
decisiveness,indecisiveness;indecision|inconclusiveness
declassification,classification
declension,ascent
declination,improvement|ascent
decline,improvement|ascent
decline,better|accept|accept
declivity,ascent
decoding,encode
decompressing,compression
decompressing,compress|pressurize;pressurise|tense
decompression,compression|compression
decontamination,contamination
decorousness,indecorum;indecorousness
decorum,indecorum;indecorousness
decrease,increase|increase;increment|increase|increase
decrease,increase|increase
decrement,increase|increase;increment
decriminalisation,criminalization;criminalisation
decriminalization,criminalization;criminalisation
dedicated file server,non-dedicated file server
deduction,addition
deepness,shallowness
default,payment
default,pay up
defeat,victory
defence,offense;offence|prosecution|prosecution
defendant,plaintiff
defending team,offense;offence
defense,offense;offence|prosecution|prosecution
defense lawyers,prosecution
defense team,prosecution
deferred payment,cash
deficiency,sufficiency;adequacy
deficit,lead
deflation,inflation|inflation
deflationary spiral,inflationary spiral
defrayal,nonpayment
defrayment,nonpayment
defusing,activation
defusing,fuse
degaussing,magnetize;magnetise
degeneration,evolution
delay,rush
delight,displease|disenchant
demand,supply
demand,obviate
demerit,merit
demise,birth
demobilisation,mobilization
demobilization,mobilization
demonetisation,monetization
demonetization,monetization
demotion,promotion
demurrer,prosecution
denationalisation,nationalization
denationalization,nationalization
denial,prosecution
denseness,distribution
density,distribution
dependability,undependability;undependableness;unreliability;unreliableness
dependableness,undependability;undependableness;unreliability;unreliableness
depigmentation,pigmentation
deposit,dislodge|withdraw
depreciation,appreciation
depression,elation|natural elevation
deregulating,regulate
descendants,ancestor
descending node,ascending node
descent,ascent
descriptive linguistics,prescriptive linguistics
desegregation,segregation
desirability,undesirability
desirableness,undesirability
despair,hope
despair,hope
dessert apple,cooking apple
destabilisation,stabilization;stabilisation
destabilization,stabilization;stabilisation
destructibility,indestructibility
destructive metabolism,anabolism
destructiveness,constructiveness
desynchronisation,synchronism;synchronization;synchronizing
desynchronization,synchronism;synchronization;synchronizing
desynchronizing,synchronism;synchronization;synchronizing
desynchronizing,synchronize;synchronise
deterrence,incentive
detribalisation,tribalization;tribalisation
detribalization,tribalization;tribalisation
development,devolution|nondevelopment
devolution,evolution
dextrorotation,levorotation
diamond,outfield
diapsid,anapsid
diapsid reptile,anapsid
die,be born
dielectric,conductor
difference,sameness
difficultness,ease
difficulty,ease
diffidence,confidence
diffuser,hard
digestibility,indigestibility
digestibleness,indigestibility
digitigrade mammal,plantigrade mammal
dilution,concentration
diminution,augmentation|increase
dimmer,undimmed
direct current,alternating current
direct discourse,indirect discourse
direct electric current,alternating current
direct evidence,circumstantial evidence
direct quotation,indirect discourse
directness,indirectness
dirtiness,cleanness
dirtying,clean
disadvantage,advantage
disadvantage,advantage
disagreeableness,agreeableness|agreeableness
disagreement,agreement|agreement
disappearance,appearance|appearance
disappearing,appearance
disappearing,appear|appear
disapprobation,approbation
disapproval,approval|approval|approval
disarmament,arming;armament
disarray,order
disassembly,assembly
disassociation,association
disassortative mating,assortative mating
disbelief,belief
discharge,charge|convict|enlist|fill
discipline,indiscipline
discomfort,comfort
discomposure,composure
disconnect,plug in|connect
disconnectedness,connectedness
disconnection,connectedness
discontentedness,contentment
discontentment,contentment
discontinuance,continuance;continuation
discontinuation,continuance;continuation
discontinuity,continuity
discord,agree
discouragement,encouragement
discourtesy,courtesy
discredit,repute
discredit,believe
disembarkation,embarkation
disembarkment,embarkation
disembarrassment,embarrassment
disenfranchisement,enfranchisement
disequilibrium,equilibrium
disesteem,esteem
disesteem,respect;esteem
disfavor,advantage
disfavour,advantage
disfluency,fluency
disgrace,honor
dishonesty,honesty
dishonor,honor|honor
dishonor,honor|honor
dishonorableness,honorableness
dishonour,honor|honor
dishonour,honor|honor
dishonourableness,honorableness
disillusion,enchant
disincentive,incentive
disinclination,inclination
disinflation,inflation
disingenuousness,ingenuousness
disjunction,connectedness
disjuncture,connectedness
dislike,liking
dislike,like
disloyalty,loyalty
dismantlement,assembly
dismantling,assembly
dismantling,raise|assemble
dismay,elate
disobedience,obedience;compliance|obedience
disorder,orderliness;order|order
disorder,order
disorderliness,orderliness;order
disowning,bequeath
dispensability,indispensability;indispensableness
dispensableness,indispensability;indispensableness
dispersion,concentration
disproportion,proportion
disreputability,respectability;reputability
disreputableness,respectability;reputability
disrepute,repute
disrespect,respect
disrespect,respect|respect;esteem
dissatisfaction,satisfaction
dissension,agreement
dissent,assent|agree
disservice,service
dissimilarity,similarity
dissimilation,anabolism
dissimilitude,likeness;similitude
dissonance,agreement|harmony
dissuasion,persuasion
dissymmetry,symmetry
distemper,good humor
distinctness,indistinctness;softness
distributary,tributary
distribution,concentration
distrust,trust
distrust,trust;trust
distrustfulness,trust
disunion,union
divergence,convergence;convergency
divergency,convergence;convergency
divergent thinking,convergent thinking
divide,unite|multiply
divider,lumper
diving duck,dabbling duck
do,unmake
dock,undock|undock
docking,undock|undock
doctor,break
doctrine of analogy,apophatism
doings,unmake
domestic flight,international flight
domestication,wildness
dos,unmake
doubler,single|multivalent
doubt,certainty
doubtfulness,certainty
dove,hawk
dovishness,hawkishness
downfall,rise
downgrade,upgrade
downslope,ascent
downtick,uptick
downtime,uptime
draft,discharge
draftee,volunteer
drafting,discharge
draw,push|deposit|repel
drawing,push|deposit|repel
dressing,undress|undress
drew,push|deposit|repel
drier,wet|wet|wet|wet|sweet|phlegmy
drinker,nondrinker
drive,attract
driver,nondriver
drop,sharpen|attend to|recuperate
drop-off,increase
drove,attract
drowsiness,wakefulness
drumbeater,nonpartisan
drunkenness,soberness
dry-bulb thermometer,wet-bulb thermometer
dry fly,wet fly
dry season,rainy season
dryer,wet|wet|wet|wet|sweet|phlegmy
dryness,wetness
dubiety,certainty
dubiousness,certainty
dulles,sharpen
dullness,brightness|sharpness
dumb bomb,smart bomb
dysgenics,eugenics
dysphemism,euphemism
dysphoria,euphoria
dystopia,utopia
e-mail,snail mail;snail mail;snail mail
earliness,lateness
earned run,unearned run
earnestness,frivolity
ease,difficulty
easiness,difficulty
easterner,western|western
easy money,tight money
eating apple,cooking apple
ebb,tide
ebbing,tide
ebbtide,flood tide
eccentricity,concentricity
effectiveness,ineffectiveness
effectivity,ineffectiveness
effector,receptor
effectuality,ineffectiveness
effectualness,ineffectiveness
efficaciousness,inefficacy
efficacy,inefficacy
efficiency,inefficiency
effluence,inflow;influx
efflux,inflow;influx
effortfulness,effortlessness
effortlessness,effortfulness
egocentrism,altruism
egoism,altruism
egress,ingress;immersion
elasticity,inelasticity
elation,depression
electrolytic cell,voltaic cell
electronic mail,snail mail;snail mail;snail mail
elegance,inelegance
elevation,natural depression
eligibility,ineligibility
elitist,egalitarian
email,snail mail;snail mail;snail mail
embarkation,disembarkation
embarkment,disembarkation
embarrassment,disembarrassment
emersion,ingress;immersion
emotional person,unemotional person
emotionalism,unemotionality
emotionality,unemotionality
emotionlessness,emotionality
employ,unemployment
employ,fire
employee,employer
employer,employee
employment,unemployment
emptiness,fullness
emptying,fill|fill
encoding,decode
encouragement,discouragement
end,beginning|beginning
end,begin|begin
ending,beginning|beginning
ending,begin|begin
endogamy,exogamy
endotoxin,exotoxin
enemy,friend
enfranchisement,disenfranchisement
engagement,non-engagement;nonparticipation;non-involvement
enlargement,contraction
enlightenment,unenlightenment
enlisting,discharge
enquiry,answer
entering,exit|drop out
environmentalism,hereditarianism
equalitarian,elitist
equality,inequality
equanimity,discomposure
equilibrium,disequilibrium
equipping,disarming;disarmament
equity,unfairness;inequity
equivalence,nonequivalence
equivalent word,antonym
equivocalness,unambiguity;unequivocalness
erecting,level
eremite,cenobite
errancy,inerrancy
essentiality,inessentiality
essentialness,inessentiality
esteem,disesteem|disrespect
esteem,disrespect;disesteem
esthesia,insensibility
estrus,anestrus
ethical drug,over-the-counter drug;over-the-counter medicine
eucaryote,prokaryote
eudaemon,cacodemon
eudaemonia,ill-being
eudaimonia,ill-being
eudemon,cacodemon
eugenics,dysgenics
eukaryote,prokaryote
euphemism,dysphemism
euphoria,dysphoria
euphory,dysphoria
evasion,payment
even-toed ungulate,odd-toed ungulate
evenness,unevenness;variability|unevenness
evergreen plant,deciduous plant
everydayness,uncommonness
evilness,good;goodness
evolution,devolution
exactitude,inexactness
exactness,inexactness
exaggeration,understatement
exchangeability,unexchangeability
exclusion,inclusion
exile,repatriate
existence,nonbeing;nonexistence
exit,enter|be born
exogamy,endogamy
exon,intron
exotoxin,endotoxin
expansion,contraction
expatriate,repatriate
expectedness,unexpectedness
expedience,inexpedience;inexpediency
expediency,inexpedience;inexpediency
expenditure,income
expensiveness,inexpensiveness
experience,inexperience
expert witness,lay witness
expiry,birth
explicitness,inexplicitness
export,import
export,import|import
exportation,import
exporting,import|import
expose,cover
expounding,contract
expression,misconstruction
extension,flexion
extensor,flexor
extensor muscle,flexor
externality,inwardness
extinguishing,ignite
extra time,regulation time
extraordinariness,ordinariness
extraversion,introversion
extroversion,introversion
fabrication,disassembly
face,avoid|back
facing,avoid|back
factuality,counterfactuality
factualness,counterfactuality
fag,refresh
failure,success|success|achiever
faintheartedness,stoutheartedness
faintness,stoutheartedness
fair-mindedness,unfairness
fair ball,foul ball
fairness,unfairness;inequity|unfairness
faithfulness,infidelity;unfaithfulness
fall,ascent|rise|rise
fall,ascend;rise|increase
fall equinox,vernal equinox
fallibility,infallibility
falls,ascent|rise|rise
falls,ascend;rise|increase
falsehood,truth
falseness,truth|sincerity
falsifying,correct
falsity,truth|truth
fame,infamy|infamy
familiarity,unfamiliarity
fancier,plain
farawayness,nearness
farness,nearness
farsightedness,myopia
fast lane,slow lane
fast reactor,thermal reactor
fastening,unfasten|unfasten
fastness,looseness
fat person,thin person
father,mother;female parent
fatigue,refresh
fatigues,refresh
fatness,leanness
fatso,thin person
fault,merit
fault,absolve
faulting,absolve
fauna,flora
favorableness,unfavorableness
favourableness,unfavorableness
fear,fearlessness
fearfulness,fearlessness|fearlessness
fearlessness,fear|fearfulness
feasibility,infeasibility
feasibleness,infeasibility
feature,lack
fecundity,infertility|fruitlessness
fed,starve
feed,starve
feeder,distributary
feeding,starve
felicitousness,infelicity
felicity,infelicity|unhappiness
fellow member,nonmember
female aristocrat,male aristocrat
female child,male child;boy
female monarch,king;male monarch
female offspring,male offspring
female parent,father;male parent
female person,male
female sibling,male sibling
femaleness,maleness
feminineness,maleness
femininity,masculinity
fertility,infertility
fetch,take away
fidelity,infidelity;unfaithfulness
figure,ground
fill,empty|empty
filling,empty|empty
finality,inconclusiveness
find,lose
finding,lose
findings,lose
finish,beginning|start
finish,begin
finishing,start
finishing,begin
finiteness,infiniteness
finitude,infiniteness
fire,hire
firing,hire
firmness,unsoundness|irresoluteness|unsteadiness
firmness of purpose,irresoluteness
first light,sunset
fitness,unfitness|unfitness
fittingness,unfitness
fix,break|unfasten
fixed-width font,proportional font
fixedness,looseness
fixing,break|unfasten
fixings,break|unfasten
fixity,looseness|mutability;mutableness
fixture,looseness
flash-forward,flashback
flashback,flash-forward
flawlessness,imperfection
fleece,undercharge
flex,straighten|unbend
flexibility,inflexibility|inflexibility|intractability
flexibleness,inflexibility|inflexibility
flexion,extension
flexor,extensor
flexor muscle,extensor
flexure,extension
flightless bird,carinate
float,sink
flood,ebbtide
flood tide,ebbtide
flora,fauna
fluency,disfluency
flunk,passing
flunk,pass
flying bird,ratite
focus,blur|blur|blur
focusing,blur|blur|blur
focussing,blur|blur|blur
foe,friend
fogginess,distinctness;sharpness
fold,unfold|open
follies,wisdom
follower,leader
followers,leader
folly,wisdom
foolishness,wisdom
foot,head
forbear,act
forbearance,impatience
force,pull|push
force out,hire
foregone conclusion,uncertainty
foreground,background;play down
foregrounding,background;play down
foreigner,citizen
foreignness,nativeness
forepart,rear
forester,aft
forgoing,postdate|claim
formalism,imitation
formalities,informality
formality,informality
formalness,informality
forward motion,retreat
foul ball,fair ball
founding,abolish
fraction,multiply
free enterprise,non-market economy
free state,slave state
freeing,confine|lodge|enforce|obstruct|blame|block;freeze
freelancer,salaried
freeze,boil|unfreeze;unblock
freezing,boil|unfreeze;unblock
frequenter,infrequent
fresh water,saltwater
fresher,stale|preserved|salty
freshness,staleness
freshwater,saltwater
friend,foe|stranger
friendliness,unfriendliness|unfriendliness
fright,fearlessness
frigidity,hotness
frigidness,hotness
frivolity,seriousness
frivolousness,seriousness
front burner,back burner
front end,rear
fruitfulness,fruitlessness
fruitlessness,fruitfulness
fuller,empty|thin
fullness,emptiness
function,malfunction
functional disorder,organic disorder
fungibility,unexchangeability
fuse,defuse
futurity,past|pastness
fuzziness,distinctness;sharpness
gain,loss
gain,lose|fall back|reduce
gainfulness,unprofitableness;unprofitability
galvanic cell,electrolytic cell
garb,undress
garment,undress
garner,spread
gather,spread
gathering,disassembly
gathering,spread
gaucherie,urbanity
general agent,special agent
general verdict,special verdict
generalist,specialist
generality,particularity
generic drug,brand-name drug
generic wine,varietal;varietal wine
generosity,stinginess
generousness,stinginess
gentleness,abruptness
genuineness,spuriousness
get,leave|take away|end
get-go,middle
getting,leave|take away|end
gibe,disagree
girl,male child;boy|son;boy
give,take|starve
godlessness,theism|godliness
godliness,ungodliness
good-neighborliness,unneighborliness
good-neighbourliness,unneighborliness
good egg,bad egg
good fortune,misfortune;bad luck
good guy,bad guy
good health,ill health
good humor,ill humor
good humour,ill humor
good luck,misfortune;bad luck
good manners,discourtesy
good nature,ill nature
good part,weak part
good person,bad person
good spirit,cacodemon
good temper,ill humor
good weather,bad weather
goodness,bad;badness|evil;evilness
governed,deregulate
governess,deregulate
grace,unseemliness
gracefulness,awkwardness
graciousness,ungraciousness|malignity;malignancy
gradualness,abruptness
grammatical construction,misconstruction
grand larceny,petit larceny
grand theft,petit larceny
grant,deny
granter,withholder
gratitude,ingratitude
gravitation,levitation
gravity,levity
gravity bomb,smart bomb
greenness,ripeness
grime,clean
ground,figure
ground stroke,volley
grounds,figure
growth,nondevelopment|decrease;decrement
guilt,innocence
guiltiness,innocence
gutlessness,gutsiness
gutsiness,gutlessness
hairiness,hairlessness
hairlessness,hairiness
ham,underact
hamming,underact
hand mower,power mower
handiness,inaccessibility;unavailability
happening,dematerialize;dematerialise
happiness,unhappiness|sadness
hard drug,soft drug
hard water,soft water
hardball,softball
hardening,soften|soften
hardihood,timidity
hardiness,timidity
hardness,softness
hardware,software
harmony,dissonance
harness,unharness
hate,love
hate,love
hatred,love
have,lack|abstain|refuse
hawk,dove
hawkishness,dovishness
head,rear|foot|tail
health,illness
health problem,good health
healthfulness,unhealthfulness
healthiness,ill health
heat,coldness|anestrus
heat,cool|cool
heating,cool|cool
heaven,Hell
heavens,Hell
heaviness,lightness
heed,inattentiveness
heedfulness,unmindfulness;heedlessness
heedlessness,attentiveness|mindfulness;heedfulness
heir apparent,heir presumptive
heir presumptive,heir apparent
hell,Heaven
hereditarianism,environmentalism
hereness,thereness
heresy,orthodoxy
heterocercal fin,homocercal fin
heterodactyl foot,zygodactyl foot
heterodoxy,orthodoxy|orthodoxy
heterogeneity,homogeneity
heterogeneousness,homogeneity
heterozygosity,homozygosity
hide,show
hiding,show
high blood pressure,hypotension
high explosive,low explosive
high frequency,low pitch
high pitch,low pitch
high quality,inferiority;low quality
high relief,low relief
high sea,territorial waters;territorial waters
high season,off-season
high status,low status
high temperature,coldness
high tide,low tide
high water,low tide
higher-up,inferior
highlander,lowland
highlands,lowland
highlight,background;play down
highlighting,background;play down
highness,lowness
highwater,low tide
hindu-arabic numeral,Roman numeral
hindu numeral,Roman numeral
hire,fire
hiss,applaud
hissing,applaud
hit,miss
hitch,unhitch
hitchings,unhitch
hitting,miss
hold,let go of|disagree
holding,let go of|disagree
holiness,unholiness
holism,atomism
holistic theory,atomism
hollowness,solidity|sincerity
home game,away game
homeopathy,allopathy
homocercal fin,heterocercal fin
homoeopathy,allopathy
homogeneity,heterogeneity
homogeneousness,heterogeneity
homozygosity,heterozygosity
honestness,dishonesty
honesty,dishonesty
honk,keep down
honor,dishonor|dishonor
honor,dishonor|disrespect|dishonor
honorableness,dishonorableness
honoring,nonobservance
honoring,dishonor|disrespect|dishonor
honour,dishonor|dishonor
honour,dishonor|disrespect|dishonor
honourableness,dishonorableness
honours,dishonor|dishonor
honours,dishonor|disrespect|dishonor
hook,unhook|undercharge
hooking,unhook|undercharge
hooks,unhook|undercharge
hope,despair
hope,despair
hopefulness,hopelessness
hopelessness,hopefulness
hospitableness,inhospitableness
hospitality,inhospitality
host,parasite
hot war,cold war
hotness,coldness
hubby,wife
humaneness,inhumaneness
humbleness,pride|conceit
humility,conceit|pride
hunger,be full
hurry,delay
hurting,be well
husband,wife
husband,waste
hush,louden|louden
hushing,louden|louden
hydrate,dehydrate
hypercalcaemia,hypocalcemia
hypercalcemia,hypocalcemia
hypercapnia,hypocapnia
hypercarbia,hypocapnia
hyperglycaemia,hypoglycemia
hyperglycemia,hypoglycemia
hyperkalemia,hypokalemia
hypermetropia,myopia
hypermetropy,myopia
hypernatremia,hyponatremia
hyperopia,myopia
hyperparathyroidism,hypoparathyroidism
hyperpigmentation,hypopigmentation
hyperpnea,hypopnea
hypersomnia,insomnia
hypertension,hypotension
hyperthermia,hypothermia
hyperthermy,hypothermia
hyperthyroidism,hypothyroidism
hypertonia,hypotonia;hypotonus;hypotonicity
hypertonicity,hypotonicity|hypotonia;hypotonus;hypotonicity
hypertonus,hypotonia;hypotonus;hypotonicity
hypervolaemia,hypovolemia
hypervolemia,hypovolemia
hypocalcaemia,hypercalcemia
hypocalcemia,hypercalcemia
hypocapnia,hypercapnia
hypoglycaemia,hyperglycemia
hypoglycemia,hyperglycemia
hypokalemia,hyperkalemia
hyponatremia,hypernatremia
hypoparathyroidism,hyperparathyroidism
hypopigmentation,hyperpigmentation
hypopnea,hyperpnea
hypotension,hypertension
hypothermia,hyperthermia
hypothyroidism,hyperthyroidism
hypotonia,hypertonia;hypertonus;hypertonicity
hypotonicity,hypertonicity|hypertonia;hypertonus;hypertonicity
hypotonus,hypertonia;hypertonus;hypertonicity
hypovolaemia,hypervolemia
hypovolemia,hypervolemia
idler,busy
idling,run|work
ill-being,well-being
ill health,good health
ill humor,good humor
ill humour,good humor
ill luck,good fortune;good luck
ill nature,good nature
ill service,service
ill turn,service
illegality,legality
illegibility,legibility
illegitimacy,legitimacy
illiberality,liberality
illicitness,licitness
illiteracy,literacy
illness,wellness;wellness
illogic,logicality;logicalness
illogicality,logicality;logicalness
illogicalness,logicality;logicalness
imbalance,balance|symmetry
imbiber,nondrinker
immateriality,materiality|materiality;corporeality
immatureness,maturity
immaturity,maturity
immediacy,mediacy
immediate payment,credit
immediateness,mediacy
immersion,egress;emersion
immobility,mobility
immobilizing,unfreeze;unblock
immoderateness,moderation
immoderation,moderation
immodesty,modesty
immorality,morality
immortality,mortality
immotility,motility
immovability,movability;movableness
immovableness,movability;movableness
immunity,susceptibility
immunocompetence,immunodeficiency
immunodeficiency,immunocompetence
immutability,mutability;mutableness
immutableness,mutability;mutableness
impalpability,tangibility;palpability
impartiality,partiality
impatience,patience
impenetrability,penetrability;perviousness
imperceptibility,perceptibility
imperfectibility,perfectibility
imperfection,perfection
imperfectness,perfection
impermanence,permanence
impermanency,permanence
impermeability,permeability
impermeableness,permeability
impermissibility,permissibility
imperviousness,penetrability;perviousness
impiety,piety
impiousness,piety
implausibility,plausibility
implausibleness,plausibility
implement,exempt
impoliteness,politeness
import,export|inconsequence
import,export|export
importance,unimportance
importation,export
importing,export|export
impossibility,possibility
impossibleness,possibility
impotence,power|potence;potency
impotency,power|potence;potency
impoverishment,wealth
impracticability,practicability;practicableness
impracticableness,practicability;practicableness
impracticality,practicality
impreciseness,preciseness;precision
imprecision,preciseness;precision
improbability,probability
improbableness,probability
improperness,propriety;properness
impropriety,propriety;properness
improvement,decline
improvidence,providence
imprudence,prudence
impureness,purity
impurity,purity
in-basket,out-basket
in-tray,out-basket
inability,ability|ability
inaccessibility,accessibility;availability
inaccuracy,accuracy
inaction,action;activity;activeness
inactivation,activation
inactiveness,action;activity;activeness|activeness
inactivity,action;activity;activeness|activeness|activity
inadequacy,sufficiency;adequacy|adequacy
inadequateness,adequacy
inadmissibility,admissibility
inadvertence,mindfulness;heedfulness
inadvertency,mindfulness;heedfulness
inadvisability,advisability
inanimateness,animateness
inapplicability,applicability
inappositeness,aptness;appositeness
inappropriateness,appropriateness|appropriateness
inaptitude,aptitude
inaptness,aptness;appositeness
inattention,attention
inattentiveness,attentiveness|attentiveness
inaudibility,audibility
inaudibleness,audibility
inauspiciousness,auspiciousness;propitiousness
incapability,capability|capability;capableness
incapableness,capability|capability;capableness
incapacity,capacity|capacity
incaution,caution
incautiousness,caution
incentive,disincentive
incertitude,certainty
incivility,civility
inclemency,good weather
inclementness,good weather
inclination,disinclination
incline,indispose
inclining,indispose
inclusion,exclusion
incognizance,cognizance
incoherence,coherence
incoherency,coherence
income,outgo
incompatibility,compatibility
incompetence,competence
incompetency,competence
incompleteness,completeness
incomprehensibility,comprehensibility
incomprehension,comprehension
incompressibility,compressibility
inconclusiveness,conclusiveness
incongruity,congruity;congruousness
incongruousness,congruity;congruousness
inconsequence,consequence|logicality;logicalness
inconsiderateness,consideration;thoughtfulness
inconsideration,consideration;thoughtfulness
inconsistency,consistency
inconspicuousness,conspicuousness
inconstancy,constancy
inconvenience,convenience
inconvertibility,convertibility
incoordination,coordination
incorporeality,materiality;corporeality
incorrectness,correctness|correctness;rightness
incorruptibility,corruptibility
incorruption,corruptness
incorruptness,corruptness
increase,decrease|decrease;decrement|decrease|decrease
increase,decrease|decrease
incredibility,credibility
incredibleness,credibility
increment,decrease;decrement|decrease
incurability,curability;curableness
incurableness,curability;curableness
indecency,decency
indecision,decisiveness;decision
indecisiveness,decisiveness;decision
indecorousness,decorum;decorousness
indecorum,decorum;decorousness
indestructibility,destructibility
indication,contraindication
indigestibility,digestibility
indigestibleness,digestibility
indirect discourse,direct discourse
indirect evidence,direct evidence
indirectness,directness
indiscipline,discipline
indiscreetness,judiciousness
indispensability,dispensability;dispensableness
indispensableness,dispensability;dispensableness
indistinctness,distinctness;sharpness
individualism,commonality
individuality,commonality
individuation,commonality
inducement,disincentive
inductee,volunteer
inebriation,soberness
inebriety,soberness
ineffectiveness,effectiveness
ineffectuality,effectiveness
ineffectualness,effectiveness
inefficaciousness,efficacy
inefficacy,efficacy
inefficiency,efficiency
inelasticity,elasticity
inelegance,elegance
ineligibility,eligibility
ineptitude,worth
ineptness,suitability;suitableness
inequality,equality
inequity,fairness;equity
inerrancy,errancy
inertia,activeness
inessentiality,essentiality
inexactitude,exactness
inexactness,exactness
inexpedience,expedience;expediency
inexpediency,expedience;expediency
inexpensiveness,expensiveness
inexperience,experience
inexplicitness,explicitness
infallibility,fallibility
infamy,fame|fame
infeasibility,feasibility
infelicity,felicity
inferiority,superiority;high quality
infernal region,Heaven
inferno,Heaven
infertility,fertility
infidelity,fidelity;faithfulness
infield,outfield
infiniteness,finiteness
infinitude,finiteness
inflation,deflation|deflation
inflationary spiral,deflationary spiral
inflexibility,flexibility|flexibility
inflexibleness,flexibility
inflow,outflow;efflux
influx,outflow;efflux
informality,formality
ingenuousness,disingenuousness
ingratitude,gratitude
ingress,egress;emersion
inhibitor,activator
inhospitableness,hospitableness
inhospitality,hospitality
inhumaneness,humaneness
inhumanity,humaneness
initiate,uninitiate
injudiciousness,judiciousness
injustice,justice
inkiness,white
inmarriage,exogamy
inmate,outpatient
innocence,guilt
inopportuneness,opportuneness
inpatient,outpatient
inquiry,answer
insalubriousness,salubrity;salubriousness
insalubrity,salubrity;salubriousness
insanity,sanity
insecureness,secureness
insecurity,security
insensibility,sensibility
insensitiveness,sensitivity;sensitiveness
insensitivity,sensitivity;sensitiveness
insentience,sentience
insignificance,significance
insincerity,sincerity
insobriety,soberness
insolubility,solvability;solubility|solubility
insolvency,solvency
insomnia,hypersomnia
instability,stability|balance|stability;stableness
insubordination,subordination
insubstantiality,substantiality
insufficiency,sufficiency;adequacy
insulator,conductor
insurability,uninsurability
intangibility,tangibility;palpability
intangibleness,tangibility;palpability
integrating,segregation
integrating,disintegrate|segregate|differentiate
integration,segregation
intelligence,stupidity
intelligibility,unintelligibility
intemperance,temperance
intensity,softness
interchangeability,unexchangeability
interchangeableness,unexchangeability
interdict,permit;allow
interest,uninterestingness
interest,bore
interestingness,uninterestingness
interference,nonintervention;noninterference
intermarriage,endogamy|exogamy
internality,outwardness
international flight,domestic flight
international law,civil law
international waters,territorial waters;territorial waters
internationalism,nationalism
interrogation,answer
intervention,nonintervention;noninterference
intolerance,tolerance
intoxication,soberness
intractability,tractability
intractableness,tractability
intransitiveness,transitivity
intransitivity,transitivity
intron,exon
introversion,ambiversion
introvert,extrovert
inutility,utility;usefulness
invariability,unevenness;variability|variability;variableness
invariableness,variability;variableness
invariance,variability;variableness
investing,divest|divest
invisibility,visibility
invisibleness,visibility
involuntariness,willingness
involution,non-engagement;nonparticipation;non-involvement
involvement,non-engagement;nonparticipation;non-involvement
invulnerability,vulnerability
inwardness,outwardness|outwardness|outwardness
irreality,reality
irregularity,regularity
irrelevance,relevance
irrelevancy,relevance
irresoluteness,resoluteness
irresolution,resoluteness
irresponsibility,responsibility;responsibleness
irresponsibleness,responsibility;responsibleness
irreverence,reverence
irreversibility,reversibility
irreversible process,reversible process
isotropy,anisotropy
issue,recall
issuing,recall
jam,free
james,free
jamming,free
jibe,disagree
join,disjoin|disjoin
joining,disjoin|disjoin
jointure,disunion
joy,sorrow
joy,sadden
joyfulness,sorrow
joyousness,sorrow
judgement in personam,judgment in rem
judgement in rem,judgment in personam
judgment in personam,judgment in rem
judgment in rem,judgment in personam
judgment of conviction,acquittal
judiciousness,injudiciousness
juicer,nondrinker
june 21,winter solstice
justice,injustice
justness,injustice
juvenile person,adult
kainogenesis,palingenesis
katabolism,anabolism
katamorphism,anamorphism
keenness,dullness
keep,discontinue|lose|let|break
keeping,discontinue|lose|let|break
kenogenesis,palingenesis
kick,cheer
kicking,cheer
kickoff,middle
kid,parent
kinaesthesia,kinanesthesia
kinaesthesis,kinanesthesia
kinanesthesia,kinesthesia
kindness,unkindness
kinesthesia,kinanesthesia
kinesthesis,kinanesthesia
kinesthetics,kinanesthesia
king,queen;female monarch
kip,wake
knock,praise
knocking,praise
knot,unravel;unknot
know,ignore
knowingness,incognizance
kvetch,cheer
lace,untwine
lacing,untwine
lack,have
lactate,bottlefeed
lady,Lord;nobleman
laissez-faire economy,non-market economy
laity,clergy
largeness,smallness;littleness|unpretentiousness
lash,unlash
lashings,unlash
lateness,earliness
laugh,cry
launch,abolish
launching,abolish
laurels,dishonor
law of nations,civil law
lawfulness,unlawfulness
laxation,tightening
lay witness,expert witness
layman,clergyman
layperson,clergyman
lead,deficit
lead,follow
leaded gasoline,unleaded gasoline
leaded petrol,unleaded gasoline
leader,follower
leaders,follower
leaner,fat|rich
leanness,fatness
leave,arrive|enter|disinherit
leaving,arrive|enter|disinherit
led,follow
lee side,windward
lees,windward
legal age,minority
legality,illegality
legibility,illegibility
legitimacy,illegitimacy
lender,borrower
lending,borrow
lengthening,shorten|shorten
lent,borrow
lessening,increase
lessening,increase|increase
let,prevent|forbid;disallow
letting,prevent|forbid;disallow
leveling,raise
levitation,gravitation
levity,gravity
levorotation,dextrorotation
lexical ambiguity,monosemy
liabilities,asset
liability,asset
liar,square shooter
liberalist,conservative
liberality,illiberality
liberalness,illiberality
liberator,captor
libertarian,necessitarian
licence,decertify
license,decertify
licitness,illicitness
licking,victory
lie,stand|arise
lied,stand|arise
lifelessness,motion|animateness
lift,lower|fall
lightening,weigh down|darken|darken
lighter,heavy|dark|heavy|heavy|heavy|dark|heavy|heavy
lighting,dark
lighting,extinguish
lightness,heaviness|darkness
likelihood,unlikelihood;unlikeliness
likeliness,unlikelihood;unlikeliness
likeness,unlikeness;dissimilitude
liking,dislike
liking,dislike
limitlessness,finiteness
limpidity,obscurity;unclearness
lingering,rush
link,disconnectedness
link,dissociate|disconnect
links,disconnectedness
links,dissociate|disconnect
listed security,unlisted security
literacy,illiteracy
little girl,male child;boy
littleness,largeness;bigness
live birth,stillbirth
liveborn infant,stillborn infant
liveness,inanimateness
liveness,deaden
loading,unloading
loan,borrow
loaner,borrower
loaning,borrow
location,studio
lock,unlock|disengage|unlock
locking,unlock|disengage|unlock
lodge,dislodge
lodging,dislodge
lodgings,dislodge
loftiness,lowness
logicality,illogicality;illogicalness
logicalness,illogicality;illogicalness
long suit,weak point
longanimity,impatience
longness,shortness|shortness
longsightedness,myopia
look,back
loop,open circuit
loop,uncoil
looping,uncoil
looseness,fixedness|tightness
looseness,stiffen|stiffen
loosening,tightening
loosening,stiffen|stiffen
lord,Lady;noblewoman
loser,winner|achiever|winner
losings,winnings
losings,keep|win|find|profit|win|gain
loss,gain
losses,winnings|gain
loudness,softness
love,hate
love,hate
low explosive,high explosive
low frequency,high pitch
low pitch,high pitch
low quality,superiority;high quality
low relief,high relief
low spirits,high
low status,high status
low temperature,hotness
low tide,high tide
low water,high tide
lower,raise
lower,high|high|high
lower-case letter,uppercase
lower limit,maximum
lowlands,highland
lowliness,high status
lowness,high status|highness
loyalty,disloyalty
lucidity,obscurity;unclearness
lucidness,obscurity;unclearness
luckiness,misfortune;bad luck
lucrativeness,unprofitableness;unprofitability
lug,unstuff
luging,unstuff
lull,agitate
lumper,splitter
lying,stand|arise
magnification,understatement
major surgery,minor surgery
majority,minority|minority
make,unmake|break
making,unmake|break
malacopterygian,spiny-finned fish
malady,wellness;wellness
male aristocrat,female aristocrat
male child,female child;girl
male monarch,queen;female monarch
male offspring,female offspring
male parent,mother;female parent
male person,female
male sibling,female sibling
maleficence,beneficence|beneficence
maleness,femaleness
malevolence,benevolence
malfunction,function
malignance,benignity;benignancy
malignancy,benignity;benignancy
malignity,benevolence|benignity;benignancy
malleability,unmalleability
man,woman|civilian|woman
man-child,female offspring
man of the cloth,layman
march equinox,autumnal equinox
margin account,cash account
marginality,centrality
mark,ignore
market economy,non-market economy
marking,ignore
marks,ignore
married man,wife
married woman,husband
masculinity,femaleness|femininity
mask,unmask
masking,unmask
masochist,sadist
match,disagree
materiality,immateriality|immateriality;incorporeality
mates,disentangle;unsnarl
mating,disentangle;unsnarl
matting,disentangle;unsnarl
maturation,nondevelopment
matureness,immaturity
maturity,immaturity
maximation,minimization
maximisation,minimization
maximization,minimization
meaningfulness,meaninglessness
meaninglessness,meaningfulness
mediacy,immediacy
mediateness,immediacy
medulla,cortex
meeting,diverge
melioration,decline
member,nonmember
men,woman|civilian|woman
mend,break
mendacity,veracity
mending,break
mental ability,incapacity
mental disease,mental health
mental health,mental illness
mental illness,mental health
mercifulness,mercilessness
mercilessness,mercifulness
mercy,mercilessness
merit,demerit
merit system,spoils system
mesh,disengage
meshing,disengage
messiness,tidiness
metier,weak point
midsummer,winter solstice
militarisation,demobilization
militarization,demobilization
military man,civilian
military personnel,civilian
military volunteer,draftee
mind,forget
mindfulness,unmindfulness;heedlessness
minimisation,maximization
minimization,maximization
minor surgery,major surgery
minority,majority|majority
miscarriage,live birth
mischief,beneficence
misconception,conception
misconduct,behave
misconstruction,construction
misfortune,good fortune;good luck
misogynism,philogyny
misogyny,philogyny
miss,attend|attend to|have|hit
mistrust,trust
mistrust,trust;trust
mix,segregate
mixing,segregate
mobilisation,demobilization
mobility,immobility
mobilization,demobilization
moderateness,immoderation
moderation,immoderation|intemperance
modern font,old style
modestness,immodesty
modesty,immodesty
moment,inconsequence
monetisation,demonetization
monetization,demonetization
monism,pluralism
monody,polyphony;polyphonic music
monophonic music,polyphony;polyphonic music
monophony,polyphony;polyphonic music
monosemy,polysemy
monospaced font,proportional font
monotheism,polytheism
morality,immorality
morbidity,wholesomeness
morbidness,wholesomeness
morning,sunset
mortal sin,venial sin
mortality,immortality
mother,father;male parent
motility,immotility
motion,motionlessness
motionlessness,motion
motivator,disincentive
motor mower,hand mower
mount,wane|hop out
mounting,wane|hop out
movability,immovability;immovableness
movableness,immovability;immovableness
move,stay in place|stand still|stay|rest|refrain
muliebrity,masculinity
multiculturalism,nationalism
multidimensional language,one-dimensional language
mundaneness,naivete|extraordinariness
mundanity,naivete|extraordinariness
muscle sense,kinanesthesia
mushroom,toadstool
mutability,immutability;immutableness
mutableness,immutability;immutableness
muzzle,unmuzzle
myopia,hyperopia
nadir,zenith
naiveness,sophistication
naivete,sophistication
naivety,sophistication
nakedness,closeness
narrow-mindedness,broad-mindedness
narrowness,wideness|broad-mindedness
nascence,death
nascency,death
nastiness,niceness
nationalisation,denationalization
nationalism,multiculturalism|internationalism
nationalization,denationalization
nativeness,foreignness
nativity,death
natural depression,natural elevation
natural elevation,natural depression
natural language,artificial language
natural object,artifact
naturalness,unnaturalness
ne plus ultra,imperfection
neap,springtide
neap tide,springtide
nearness,farness
nearsightedness,hyperopia
neatness,untidiness
necessitarian,libertarian
necessity,inessential
need,obviate
negative charge,positive charge
negativeness,positivity;positiveness|positivity;positiveness|positivity;positiveness
negativism,positivity;positiveness
negativity,positivity;positiveness|positivity;positiveness|positivity;positiveness
neglect,attend to
neighborliness,unneighborliness
neighbourliness,unneighborliness
nephew,niece
nether region,Heaven
neurotic depression,psychotic depression
newness,oldness
niceness,impoliteness|nastiness
niece,nephew
night,day
night game,day game
night school,day school
nighttime,day
nix,permit;allow
nobleman,Lady;noblewoman
noblewoman,Lord;nobleman
node,antinode
nominative case,oblique
non-dedicated file server,dedicated file server
non-engagement,engagement;participation;involvement
non-involvement,engagement;participation;involvement
non-market economy,market economy
non-proliferation,proliferation;proliferation
non-volatile storage,volatile storage;volatile storage
nonabsorbency,absorbency
nonage,majority
nonalignment,alignment
nonalinement,alignment
nonattendance,attendance
nonbeing,being
nonbiodegradable pollution,biodegradable pollution
noncitizen,citizen
noncoding dna,exon
noncompliance,obedience;compliance
nonconductor,conductor
nonconformance,conformity;conformism|conformity
nonconformism,conformity;conformism
nonconformity,conformity;conformism|conformity
nondevelopment,development
nondrinker,drinker
nondriver,driver
nonentity,existence
nonequivalence,equivalence
nonexistence,existence
noninterference,intervention;interference
nonintervention,intervention;interference
nonmember,member
nonobservance,observance
nonparticipation,engagement;participation;involvement
nonpartisanship,partiality
nonpayment,payment|payment
nonproliferation,proliferation;proliferation
nonreligious person,religious person
nonremittal,payment
nonsingular matrix,singular matrix
nonsmoker,smoker
nonstarter,achiever
nonuniformity,uniformity
nonvolatile storage,volatile storage;volatile storage
nonworker,worker
normalcy,abnormality
normality,abnormality
northernness,southernness
note,ignore
notice,ignore
nowness,futurity
nurse,bottlefeed
nursing,bottlefeed
obedience,disobedience|disobedience
obeisance,disobedience
object program,source program
oblique angle,right angle
oblique case,nominative
oblique triangle,right triangle
obscureness,clarity
obscurity,clarity|prominence
observance,nonobservance
obtrusiveness,unobtrusiveness
obtuseness,acuteness
obverse,reverse
occupant,nonresident
occupier,nonresident
odd-toed ungulate,even-toed ungulate
oestrus,anestrus
off-season,high season
offence,defense;defence
offense,defense;defence
offerer,on|on
offset,middle
old style,modern
old style font,modern
oldness,youngness|newness
one-dimensional language,multidimensional language
ontogenesis,nondevelopment
ontogeny,nondevelopment
onward motion,retreat
opacity,transparency|clarity
opaqueness,clarity
open chain,closed chain
open circuit,closed circuit
open interval,closed interval
openness,closeness
opportuneness,inopportuneness
opposer,agonist
opposite word,synonym
opprobrium,fame
optimism,pessimism|pessimism
optimist,pessimist
order,disorder|disorderliness;disorder
order,deregulate|disorder
ordering,deregulate|disorder
orderliness,disorderliness;disorder
ordinariness,extraordinariness
organic disorder,functional disorder
orient,disorient
original sin,actual sin
originality,unoriginality
orthodoxy,unorthodoxy|unorthodoxy
otc security,listed security
otherworldliness,worldliness
out-basket,in-basket
out-of-the-box thinking,convergent thinking
out-tray,in-basket
outer garment,undergarment
outfield,infield
outflow,inflow;influx
outgo,income
outlander,citizen
outlay,income
outpatient,inpatient
outset,middle
outwardness,inwardness|inwardness|inwardness
over-the-counter drug,prescription drug;prescription medicine
over-the-counter medicine,prescription drug;prescription medicine
over the counter security,listed security
overachievement,underachievement
overacting,underact
overbid,underbid
overcasting,clear up
overcharge,undercharge
overclothes,underdress
overestimate,underestimate|undervalue;underestimate
overgarment,undergarment
overlook,attend to
overrating,underestimate
overshoot,undershoot
overstatement,understatement
ovulation,anovulation
pack,unpack
package,hardware
package,unbox
packaging,unbox
packing,unpack
pain,pleasure
painfulness,pleasure
pains,pleasure
painstakingness,unconscientiousness
palatability,unpalatability
palatableness,unpalatability
palingenesis,cenogenesis
palpability,intangibility;impalpability
paper loss,paper profit
paper profit,paper loss
parallel operation,serial operation
parallelogram,trapezium
parasite,host
parent,child
partiality,impartiality
participation,non-engagement;nonparticipation;non-involvement
particular proposition,universal;universal proposition
particularity,generality
partisanship,impartiality
passive trust,active trust
passive voice,active voice
past times,future
pastness,presentness
patience,impatience
patness,inopportuneness
pay,default
payment,nonpayment|nonpayment
peace,war
peacenik,hawk
peach,keep quiet
peak,bottom out
peak season,off-season
peel,dress
peeling,dress
peeress,Lord;nobleman
pellucidity,obscurity;unclearness
penalty,reward
penetrability,impenetrability;imperviousness
perceptibility,imperceptibility
perceptiveness,unperceptiveness
perdition,Heaven
perfecter,imperfect
perfectibility,imperfectibility
perfection,imperfection
periapsis,apoapsis;point of apoapsis
perigee,apogee
perihelion,aphelion
perijove,apojove
perilune,aposelene;apolune
periselene,aposelene;apolune
perissodactyl,even-toed ungulate
perissodactyl mammal,even-toed ungulate
peristalsis,anastalsis
permanence,impermanence
permanency,impermanence
permeability,impermeability
permeableness,impermeability
permissibility,impermissibility
permissiveness,unpermissiveness
permit,forbid;disallow|prevent
personal judgement,judgment in rem
personal judgment,judgment in rem
persuasion,dissuasion
persuasiveness,unpersuasiveness
pertinence,inapplicability
pertinency,inapplicability
perviousness,impenetrability;imperviousness
pessimism,optimism|optimism
pessimist,optimist
petit larceny,grand larceny
petty larceny,grand larceny
phanerogamae,Cryptogamia
philogyny,misogyny
physical fitness,unfitness
physicalness,immateriality;incorporeality
piece,disassemble
piety,impiety
pigmentation,depigmentation
pilosity,hairlessness
pin,unpin
pining,unpin
pinning,unpin
piousness,impiety
pit,Heaven
place,divest
plaintiff,defendant
plantigrade mammal,digitigrade mammal
plasticity,unmalleability
plausibility,implausibility
plausibleness,implausibility
play,tightness
pleasance,pain
pleasantness,unpleasantness|unpleasantness
pleasingness,unpleasingness
pleasure,pain
pleasure-pain principle,reality principle
pleasure-unpleasure principle,reality principle
pleasure principle,reality principle
pleurocarp,acrocarp
pleurocarpous moss,acrocarp
plosive,continuant consonant
plosive consonant,continuant consonant
plosive speech sound,continuant consonant
pluck,gutlessness
pluck,undercharge
pluckiness,gutlessness
plume,undercharge
plural form,singular
pluralism,monism
point,unpointedness
point of apoapsis,periapsis;point of periapsis
point of periapsis,apoapsis;point of apoapsis
pointedness,unpointedness
politeness,impoliteness
political correctitude,political incorrectness
political correctness,political incorrectness
political incorrectness,political correctness
pollution,decontamination
polyphonic music,monophony;monophonic music
polyphony,monophony;monophonic music
polysemy,monosemy
polytheism,monotheism
poor people,rich people;rich
poorness,wealth
popularity,unpopularity
populated area,rural area
porosity,solidity
porousness,solidity
positive charge,negative charge
positiveness,negativity;negativeness|negativity;negativeness|unfavorableness|negativity;negativeness
positivism,negativity;negativeness
positivity,negativity;negativeness|negativity;negativeness|unfavorableness|negativity;negativeness
possibility,impossibility
possibleness,impossibility
posteriority,anteriority|priority
postulate,obviate
potence,impotency;impotence
potency,impotency;impotence
potentiality,incapability
poverty,wealth
power,powerlessness;powerlessness|inability
power mower,hand mower
powerfulness,powerlessness;powerlessness
powerlessness,power
practicability,impracticability;impracticableness
practicableness,impracticability;impracticableness
practicality,impracticality
praise,criticize
precariousness,certainty
precedence,posteriority
precedency,posteriority
precipitousness,gradualness
preciseness,impreciseness;imprecision
precision,impreciseness;imprecision
predictability,unpredictability
prefix,suffix
preparation,resolution
prescription drug,over-the-counter drug;over-the-counter medicine
prescription medicine,over-the-counter drug;over-the-counter medicine
prescriptive linguistics,descriptive linguistics
presence,absence|absence
presentness,futurity
preserve,discontinue
preserves,discontinue
pretension,unpretentiousness
pretentiousness,unpretentiousness
prevaricator,square shooter
pride,humility
pridefulness,humility
primary cell,electrolytic cell
priority,posteriority
private enterprise,non-market economy
privatisation,nationalization
privatization,nationalization
pro-lifer,pro-choice
probability,improbability
procaryote,eukaryote
proceeding,discontinue
proceedings,discontinue
proceeds,discontinue
procession,retreat
productiveness,unproductiveness
productivity,unproductiveness
profit,lose
profitability,unprofitableness;unprofitability
profitableness,unfavorableness|unprofitableness;unprofitability
profits,losings
profits,lose
profoundness,shallowness|superficiality
profundity,superficiality|shallowness
progress,retreat
progress,regress|recede
progression,retreat
prokaryote,eukaryote
proliferation,nonproliferation
prominence,obscurity
promotion,demotion
promptness,tardiness
pronation,supination
proper name,common noun
proper noun,common noun
properness,impropriety;improperness
propitiousness,inauspiciousness;unpropitiousness
proportion,disproportion
proportional font,fixed-width font
proprietary drug,generic drug
propriety,impropriety;improperness
prosecution,defense|defense
providence,improvidence
prudence,imprudence
psychopathy,mental health
psychotic depression,neurotic depression
puke,keep down
puking,keep down
pull,push|repel
pulling,push|repel
punctuality,tardiness
purchase,sell
purchasing,sell
pureness,impurity
purge,rehabilitate|keep down
purity,impurity
purposefulness,purposelessness
purposelessness,purposefulness
push,pull
push back,attract
pushing,pull
put,call option
put,divest
put option,call option
putting,divest
qualifying,failing
qualifying,disqualify|disqualify
queen,king;male monarch
queen regnant,king;male monarch
queens,king;male monarch
quenching,ignite
query,answer
question,answer
quickening,deceleration
quickening,decelerate
race,linger
racing,linger
radial asymmetry,radial symmetry
radial symmetry,radial asymmetry
raggedness,smoothness
raiment,undress
rainy season,dry season
raise,descent
raise,lower|level|demote
rally,demobilize
ratite,carinate
ratite bird,carinate
ravel,unravel;unknot
raveling,ravel|unravel;unknot
ravelling,ravel|unravel;unknot
rawness,completeness|experience
razing,raise
readability,illegibility
realism,unreality
reality,unreality|unreality
reality principle,pleasure principle
realness,unreality
recall,forget|issue
recapitulation,cenogenesis
receptor,effector
reconditeness,clarity
record,erase
recording,erase
recto,verso
red ink,gain
redress,wrong
reduced instruction set computer,complex instruction set computing;complex instruction set computer;CISC
reduced instruction set computing,complex instruction set computing;complex instruction set computer;CISC
reducing,blow up|oxidize;oxidise|expand|gain
reduction,increase
reentering angle,salient angle
reentrant angle,salient angle
refrain,act|consume
refuse,accept|accept|lend oneself|allow|admit
regaining,lose
regard,inattentiveness|disesteem|disrespect
regress,progress
regularity,irregularity
regulating,deregulate
regulation time,overtime
reject,accept|accept|approve|admit
rejection,acceptance
relapse,get well
relapsing,get well
relatedness,unrelatedness
release,hold|confine|block;freeze
relegating,promote
relevance,irrelevance
relevancy,irrelevance
reliability,undependability;undependableness;unreliability;unreliableness
reliableness,undependability;undependableness;unreliability;unreliableness
religious person,nonreligious person
relinquishing,hold
remains,change
remembering,forget|forget
remoteness,nearness
renaissance man,specialist
renown,infamy
repair,break
repatriate,expatriate
repulse,attract|attract
repulsion,attraction
repulsive force,attraction
reputability,unrespectability;disreputability
reputation,disrepute
repute,disrepute
requirement,inessential
requisition,derequisition
resister,agonist
resoluteness,irresoluteness
resolution,irresoluteness|preparation
resolve,irresoluteness
respect,disesteem|disrespect
respect,disrespect;disesteem|disrespect
respectability,unrespectability;disreputability
respects,disesteem|disrespect
respects,disrespect;disesteem|disrespect
responsibility,irresponsibility;irresponsibleness
responsibleness,irresponsibility;irresponsibleness
responsiveness,unresponsiveness
rest,be active|change
rest day,workday
restraint,unrestraint
restrictiveness,permissiveness
retailing,wholesale
retard,accelerate
retardation,acceleration
retch,keep down
retreat,advance
retreat,advance
retreated,advance
reverence,irreverence
reversal,affirmation
reversibility,irreversibility
reversible process,irreversible process
reward,penalty
reward,dishonor
rex,queen;female monarch
rich people,poor people;poor
riches,poor people;poor
ricketiness,steadiness
ride,walk
riding,walk
right-angled triangle,oblique triangle
right angle,oblique angle
right triangle,oblique triangle
righteousness,unrighteousness
rightfulness,wrong;wrongfulness
rightness,wrongness|inappropriateness|incorrectness;wrongness
rigidity,flexibility
rigidness,flexibility
ring,open chain
rings,open chain
ripeness,greenness
risc,complex instruction set computing;complex instruction set computer;CISC
rise,fall|descent|fall
rise,fall|sit down|wane|go to bed;turn in|set
rising prices,deflation
rising tide,ebbtide
rising trot,sitting trot
rivalry,cooperation
road game,home game
roll,unwind
roman numeral,Arabic numeral
romantic movement,classicism
romanticism,classicism
root,descendant
roots,descendant
rotor,stator
rotor coil,stator
roughness,smoothness
rounder,square
roundness,angularity
rudeness,courtesy
run,malfunction|idle
rural area,urban area
rushing,linger|delay
rusticity,urbanity
rut,anestrus
sack,hire
sacking,hire
saddle,unsaddle
sadist,masochist
sadness,happiness
safeness,dangerousness
safety,danger
salient angle,reentrant angle
saltwater,fresh water
salubriousness,insalubrity;insalubriousness
salubrity,insalubrity;insalubriousness
sameness,difference
sanction,disapprove
sanctitude,unholiness
sanctity,unholiness
saneness,insanity
sang,keep quiet
sanitariness,unsanitariness
sanity,insanity
sat,stand|arise
satisfaction,dissatisfaction
satisfactoriness,unsatisfactoriness
scarceness,abundance
scarcity,abundance
scent,deodorize;deodourise
school text,trade edition
schoolbook,trade edition
scrag,fat person
scramble,unscramble
screw,unscrew
screwing,unscrew
scrupulousness,unscrupulousness
seal,unseal
sealing,unseal
seasonableness,unseasonableness;untimeliness
seawater,fresh water
secretiveness,openness
secured bond,unsecured bond
secureness,insecureness|looseness
securer,insecure|insecure|insecure
security,insecurity
seemliness,unseemliness
segregate,desegregate
segregation,integration
self-centeredness,altruism
self-concern,altruism
self-consciousness,unselfconsciousness
self-distrust,confidence
self-doubt,confidence
self-fertilisation,cross-fertilization
self-fertilization,cross-fertilization
self-interest,altruism
self-pollination,cross-pollination
selfishness,unselfishness
selflessness,egoism
sell,buy
selling,buy
sense of movement,kinanesthesia
sense of purpose,purposelessness
sense organ,effector
sensibility,insensibility
sensitiveness,insensitivity;insensitiveness
sensitivity,insensitivity;insensitiveness
sensory receptor,effector
sentence,acquittal
sentience,insentience
separation,union
september equinox,vernal equinox
sequential operation,parallel operation
sequestration,integration
serial operation,parallel operation
serious-mindedness,frivolity
seriousness,frivolity
service,disservice
serviceman,civilian
services,disservice
setting,rise
settle,float
settling,float
settlings,float
shallowness,profundity|deepness
shame,honor
sharper,dull|dull|flat
sharpness,dullness|indistinctness;softness|dullness
sheathing,unsheathe
ship,disembark
shipping,disembark
shop,boycott;boycott
shopping,boycott;boycott
shortening,lengthen|expand|lengthen
shortness,longness|longness|tallness
shortsightedness,hyperopia|providence
shout,whisper
shouting,whisper
show,disprove|hide
showing,disprove|hide
showtime,middle
shrink,stretch;expand
shrinking,stretch;expand
shutting,opening
shutting,open|open|admit
sickness,wellness;wellness
significance,insignificance
silence,sound
silence,louden
similarity,dissimilarity
similitude,unlikeness;dissimilitude
simpleness,complexity|difficulty
simplicity,complexity|difficulty
simultaneous operation,serial operation
sincerity,insincerity|frivolity
singular form,plural
singular matrix,nonsingular matrix
sink,source
sink,float
sinking,float
sis,brother
sister,brother
sitter,stander
sitting trot,rising trot
skillfulness,unskillfulness
skim milk,whole milk
skimmed milk,whole milk
skin and bones,fat person
slave state,free state
sleep,wake
sleepiness,wakefulness
sleeplessness,sleepiness
slenderness,thickness
sloppiness,carefulness
slow lane,fast lane
slowing,acceleration
slowing,accelerate
slug,work
slumber,wake
slur,focus
small letter,uppercase
smallness,largeness;bigness
smart bomb,dumb bomb
smoker,nonsmoker
smoother,rough|rough|staccato|rough
smoothness,roughness
snail mail,electronic mail
snap,inelasticity
snarl,disentangle;unsnarl
soak,undercharge
soberness,drunkenness
sobriety,drunkenness
sociability,unsociability
sociableness,unsociability
socialism,capitalism
socialist economy,capitalism
soft-finned fish,spiny-finned fish
soft drug,hard drug
soft spot,good part
soft water,hard water
softball,hardball
softball game,hardball
softness,hardness|fitness|loudness|distinctness;sharpness
software,hardware
software package,hardware
software program,hardware
software system,hardware
soil,clean
soiling,clean
solar apex,antapex
solderer,unsold
solemnity,levity
solidity,porosity|hollowness
solidness,porosity|insubstantiality
solubility,unsolvability;insolubility|insolubility
solvability,unsolvability;insolubility
solvency,insolvency
somnolence,wakefulness
son,daughter;girl
sophistication,naivete
sorrow,joy
sounder,unsound|unsound
soundness,unsoundness|unsoundness|unsoundness
source,sink
source program,object program
souring,sweeten
southernness,northernness
spareness,fatness
spat,boo
special agent,general agent
special verdict,general verdict
specialiser,generalist
specialist,generalist
speciality,weak point
specializer,generalist
specialness,generality
specialty,weak point
spectral color,achromatic color
spectral colour,achromatic color
speed,linger|decelerate|decelerate
speeding,linger|decelerate|decelerate
speedup,deceleration
spell,unspell
spelling,unspell
spelt,unspell
spending,income
spiny-finned fish,soft-finned fish
spiritism,worldliness
spiritualism,worldliness
spirituality,worldliness
split ticket,straight ticket
split up,unite
splitter,lumper
spoils system,merit system
sponginess,incompressibility
sponsor,boycott;boycott
spontaneous abortion,live birth
spotlight,background;play down
spreading,gather|fold
spring equinox,autumnal equinox
springtide,neap tide
spuriousness,genuineness
squandering,conserve
square shooter,liar
squeezability,incompressibility
stabilisation,destabilization;destabilisation
stability,instability;unstableness|instability|inconstancy
stabilization,destabilization;destabilisation
stableness,instability;unstableness
staleness,freshness
stand,sit|yield
stander,sitter
start,middle|finish
start,end|end|end|stop|stop
starting time,middle
state of war,peace
stator,rotor
stator coil,rotor
stay,change|move|depart
stays,change|move|depart
steadiness,unsteadiness|unsteadiness
steeper,gradual
steepness,gradualness
step-down,increase
step-up,decrease
sterility,fertility
stick,dislodge|move
stiffening,loosen|loosen
stifle,stimulate
stigmatism,astigmatism
stillbirth,live birth
stillborn infant,liveborn infant
stillness,motion
stinginess,generosity
stop,continuant consonant
stop,start|continue|start|begin
stop consonant,continuant consonant
stopes,start|continue|start|begin
stopping,start|continue|start|begin
stops,continuant consonant
stops,start|continue|start|begin
stoutheartedness,faintheartedness
straight arrow,liar
straight line,curve
straight shooter,liar
straight ticket,split ticket
straightness,curliness|crookedness|indirectness
strain,relax;unstrain
strangeness,familiarity|nativeness
stranger,acquaintance|acquaintance
stranger,familiar|native
strap,unstrap
stratified language,unstratified language
strength,weakness|weak point|unpersuasiveness|weakness
strengthening,weakening|weakening
strengthening,weaken|weaken
stretching,shrink
strike,miss
string,unstring
strings,unstring
strip,dress
stripes,dress
striping,dress
stripping,dress
strong point,weak point
strong suit,weak point
studio,location
stuff,unstuff
stuffing,unstuff
stupidity,intelligence
suasion,dissuasion
subject case,oblique
submersible warship,surface ship
subordination,insubordination
subsequence,priority
subsequentness,priority
substantiality,insubstantiality
substantialness,insubstantiality
subtraction,addition
succeeder,loser
success,failure|failure|loser
suck,bottlefeed
sucking,bottlefeed
suckling,bottlefeed
sufficiency,insufficiency;inadequacy
suffix,prefix
suitability,unsuitability;unsuitableness
suitableness,unsuitability;unsuitableness
summer solstice,winter solstice
sundown,sunrise
sung,keep quiet
sunniness,uncheerfulness
sunshine,uncheerfulness
sunup,sunset
superficiality,profundity
superiority,inferiority;low quality
supination,pronation
supply,demand
supply,recall
supplying,recall
support,negate
surcharge,undercharge
sure thing,uncertainty
surface mail,air mail
surface ship,submersible
surge,ebb
surprisingness,expectedness
surrender,resist
susceptibility,unsusceptibility
susceptibleness,unsusceptibility
swearing,mistrust
sweetening,sour
sweetness,unpleasantness
swim,sink
symmetricalness,asymmetry
symmetry,asymmetry|disproportion|anisotropy
sympatry,allopatry
syncategorem,categorem;categoreme
syncategoreme,categorem;categoreme
synchroneity,asynchronism;desynchronization;desynchronizing
synchronicity,asynchronism;desynchronization;desynchronizing
synchronisation,asynchronism;desynchronization;desynchronizing
synchronising,desynchronize;desynchronise
synchronism,asynchronism;desynchronization;desynchronizing
synchronization,asynchronism;desynchronization;desynchronizing
synchronizing,asynchronism;desynchronization;desynchronizing
synchronizing,desynchronize;desynchronise
synchronous operation,asynchronous operation
synchrony,asynchronism;desynchronization;desynchronizing
synergist,antagonist
synonym,antonym
synthesis,analysis
synthetic thinking,analysis
tack,disassemble
tacking,disassemble
tackle,unharness
tact,tactlessness
tactfulness,tactlessness
tactlessness,tactfulness
tail,head
tails,head
taint,disinfect
take,give|refuse|obviate|abstain|disclaim
takings,give|refuse|obviate|abstain|disclaim
talk,keep quiet
talking,keep quiet
talks,keep quiet
tallness,shortness
tally,disagree
tameness,wildness
tamer,wild|wild
tangibility,intangibility;impalpability
tangibleness,intangibility;impalpability
tangle,unravel;unknot|disentangle;unsnarl
tape,erase
taper file,blunt file
taping,erase
tardiness,punctuality
target program,source program
tastefulness,tastelessness
tastelessness,tastefulness
tattle,keep quiet
tautness,looseness
technophile,technophobe
technophobe,technophile
teemingness,scarcity
temperance,intemperance
temporalty,clergy
tenuity,thickness
territorial waters,high sea
terseness,verboseness
text,trade edition
text edition,trade edition
the true,falsity
theism,atheism
thereness,hereness
thermal reactor,fast reactor
thickness,thinness|thinness
thin person,fat person
think,forget
thinner,thick|fat|thick|full
thinness,thickness|fatness|thickness
thinning,thicken|thicken|gain
thought,forget
thoughtfulness,inconsideration;thoughtlessness|unthoughtfulness
thoughtlessness,consideration;thoughtfulness|thoughtfulness
throne,dethrone
thyrotoxicosis,hypothyroidism
tide,ebb
tidiness,untidiness|untidiness
tidings,ebb
tie,untie|disconnect
tight money,easy money
tightening,loosening
tightness,distribution|looseness
time off,work time
time to come,past
timeliness,unseasonableness;untimeliness|inopportuneness
timidity,boldness
timorousness,boldness
tipsiness,soberness
tire,refresh|interest
toadstool,mushroom
tobacco user,nonsmoker
togs,undress
tolerance,unpermissiveness|intolerance
tonality,atonality
tone,atonicity
tongue,artificial language
tonicity,atonicity
tonus,atonicity
top of the inning,bottom
toper,nondrinker
tough luck,good fortune;good luck
tractability,intractability
tractableness,intractability
trade book,text edition
trade edition,text edition
tragedy,comedy
transitiveness,intransitivity
transitivity,intransitivity
transparence,opacity
transparency,opacity
transport,disenchant
trapezium,parallelogram
travel,stay in place
traveling,stay in place
travelling,stay in place
tribalisation,detribalization;detribalisation
tribalization,detribalization;detribalisation
triumph,defeat
true statement,falsehood
trueness,falsity|disloyalty
trust,distrust
trust,mistrust
trustfulness,distrust
trustiness,untrustworthiness;untrustiness
trustingness,distrust
trustworthiness,untrustworthiness;untrustiness
truth,falsity|falsehood|inaccuracy
truthfulness,untruthfulness
tune,untune
tuning,untune
turn,unbend
turning,unbend
twine,untwine|unwind|untwist
twist,unbend|untwist
tying,untie|disconnect
type,antitype
typewriter font,proportional font
typicality,atypicality
ugliness,beauty
unacceptability,acceptability
unacceptableness,acceptability
unadaptability,adaptability
unaffectedness,affectedness
unalterability,alterability
unambiguity,ambiguity;equivocalness
unappetisingness,appetizingness
unappetizingness,appetizingness
unapproachability,approachability
unattractiveness,attractiveness
unavailability,accessibility;availability
unbalance,balance
unbalance,balance
unbecomingness,becomingness
unbelief,belief
unbounded interval,closed interval
unboundedness,finiteness
unbreakableness,breakableness
unceremoniousness,ceremoniousness
uncertainness,certainty
uncertainty,certainty|certainty
unchangeability,changeableness
unchangeableness,changeableness
unchangingness,changeableness
uncheerfulness,cheerfulness|cheerfulness
uncle,aunt
uncleanliness,cleanliness
uncleanness,cleanness
unclearness,clearness
uncloudedness,opacity
uncomfortableness,comfort
uncommonness,commonness
uncommunicativeness,communicativeness
unconcern,concern
uncongeniality,congeniality
unconnectedness,connectedness
unconscientiousness,conscientiousness|conscientiousness
unconsciousness,consciousness
unconventionality,conventionality|conventionality
uncovering,cover
uncreativeness,creativeness
undependability,dependability;dependableness;reliability;reliableness
undependableness,dependability;dependableness;reliability;reliableness
underachievement,overachievement
undercharge,overcharge
underestimate,overvalue;overestimate|overestimate
undergarment,overgarment
underrating,overestimate
understandability,incomprehensibility
understatement,overstatement
undesirability,desirability
undiscipline,discipline
undoing,make|wrap
undress,dress
undulatory theory,corpuscular theory;corpuscular theory of light
unearned run,earned run
unemotional person,emotional person
unemotionality,emotionality
unemployment,employment
unenlightenment,enlightenment
unequivocalness,ambiguity;equivocalness
unevenness,evenness;invariability|evenness
unexchangeability,exchangeability
unexpectedness,expectedness
unfairness,fairness|fairness;equity
unfaithfulness,fidelity;faithfulness
unfamiliarity,familiarity
unfastening,fasten|fasten
unfavorableness,favorableness
unfavourableness,favorableness
unfeasibility,feasibility
unfitness,fitness|ability|fitness
unfolding,fold
unfriendliness,friendliness|friendliness
ungodliness,godliness
ungraciousness,graciousness
ungratefulness,gratitude
unhappiness,happiness|happiness
unhealthfulness,healthfulness
unhealthiness,good health
unholiness,holiness
unification,separation|disunion
uniformity,nonuniformity
uniformness,nonuniformity
unimportance,importance
uninsurability,insurability
unintelligibility,intelligibility
uninterestingness,interestingness
uniting,disunion
uniting,divide|disunify
universal agent,special agent
universal proposition,particular;particular proposition
unjustness,justice
unkindness,kindness
unlawfulness,lawfulness
unleaded gasoline,leaded gasoline
unleaded petrol,leaded gasoline
unlikelihood,likelihood;likeliness
unlikeliness,likelihood;likeliness
unlikeness,likeness;similitude
unlisted security,listed security
unloading,loading
unmalleability,malleability
unmasking,mask
unmercifulness,mercifulness
unmindfulness,mindfulness;heedfulness
unnaturalness,naturalness
unneighborliness,neighborliness
unobtrusiveness,obtrusiveness
unoriginality,originality
unorthodoxy,orthodoxy|orthodoxy
unpalatability,palatability
unpalatableness,palatability
unperceptiveness,perceptiveness
unpermissiveness,permissiveness
unpersuasiveness,persuasiveness
unpleasantness,pleasantness|pleasantness
unpleasingness,pleasingness
unpointedness,pointedness
unpopularity,popularity
unpredictability,predictability
unpretentiousness,pretentiousness
unproductiveness,productiveness
unprofitability,profitableness;profitability
unprofitableness,profitableness;profitability
unpropitiousness,auspiciousness;propitiousness
unreality,reality|reality
unregularity,regularity
unrelatedness,relatedness
unreliability,dependability;dependableness;reliability;reliableness
unreliableness,dependability;dependableness;reliability;reliableness
unrespectability,respectability;reputability
unresponsiveness,responsiveness
unrestraint,restraint
unrighteousness,righteousness
unsanitariness,sanitariness
unsatisfactoriness,satisfactoriness
unscrupulousness,scrupulousness
unseasonableness,seasonableness;timeliness
unsecured bond,secured bond
unseemliness,seemliness
unselfconsciousness,self-consciousness
unselfishness,selfishness
unsimilarity,similarity
unskillfulness,skillfulness
unsnarling,entangle;snarl
unsociability,sociability
unsociableness,sociability
unsolvability,solvability;solubility
unsoundness,soundness|soundness
unstableness,stability;stableness
unsteadiness,steadiness|steadiness
unstratified language,stratified language
unsuccessful person,achiever
unsuitability,suitability;suitableness
unsuitableness,suitability;suitableness
unsusceptibility,susceptibility
untangling,ravel;knot
unthoughtfulness,thoughtfulness
untidiness,tidiness|tidiness
untimeliness,seasonableness;timeliness|opportuneness
untrustiness,trustworthiness;trustiness
untrustworthiness,trustworthiness;trustiness
untruth,truth
untruthfulness,truthfulness
untying,tie
untypicality,typicality
unusefulness,utility;usefulness
unusualness,usualness
unvariedness,variedness
unveiling,veil
unwariness,wariness
unwellness,wellness;wellness
unwholesomeness,wholesomeness
unwillingness,willingness
unwiseness,wisdom
unworthiness,worthiness|appropriateness
upgrade,descent
upgrade,downgrade|demote
uplift,depress
uplifting,depress
upper-case letter,lowercase
upper limit,minimum
uprising,sit down|set|fall|go to bed;turn in
upstager,downstage
uptick,downtick
uptime,downtime
urban area,rural area
urbanity,rusticity
usefulness,inutility;uselessness
uselessness,utility;usefulness
usualness,unusualness
utopia,dystopia
valgus,varus
value,disrespect;disesteem
values,disrespect;disesteem
vanishing,appear|appear
vanity,humility
vantage,disadvantage
variability,invariability;invariableness|evenness;invariability
variableness,invariability;invariableness
variance,invariability;invariableness
variedness,unvariedness
varietal,generic;generic wine
varietal wine,generic;generic wine
varus,valgus
veering,back
vegetation,fauna
veil,unveil
veiling,unveil
venial sin,mortal sin
veracity,mendacity
verboseness,terseness
verbosity,terseness
verity,falsity
vermiculation,anastalsis
vernal equinox,autumnal equinox
verso,recto|obverse
vest,divest
veto,permit;allow
victor,loser
victory,defeat
virtue,demerit
visibility,invisibility
visibleness,invisibility
vitalness,dispensability;dispensableness
vocalizing,devoice
voice,devoice
voicing,devoice
voiding,validate|validate
volatile storage,non-volatile storage
volley,ground stroke
voltaic cell,electrolytic cell
volume,softness
vomit,keep down
vomiting,keep down
vowel,consonant
vowel sound,consonant
vulnerability,invulnerability
wake,sleep|fall asleep|cause to sleep
wakefulness,sleepiness
wakening,cause to sleep|fall asleep
walk,ride
wane,wax|wax
war,peace
war,make peace
war hawk,dove
wariness,unwariness
warmer,cool|cool|cool
wasting,conserve
waterlessness,wetness
wave theory,corpuscular theory;corpuscular theory of light
wave theory of light,corpuscular theory;corpuscular theory of light
waviness,straightness
wax,wane|wane
weak part,good part
weak point,strong point
weak spot,good part
weakness,strength|strength
wealth,poverty
wealthiness,poverty
wear,refresh
weave,unweave
weaving,unweave
wedge,dislodge
weed,cultivated plant
weeds,cultivated plant
weight,unburden
weightiness,lightness
weighting,unburden
weightlessness,heaviness
welcomer,unwelcome
welfare,ill-being
well-being,ill-being
wellbeing,ill-being
wellness,illness
wester,east
westerner,eastern|eastern
wet-bulb thermometer,dry-bulb thermometer
wet-nurse,bottlefeed
wet fly,dry fly
wetness,dryness
wetter,dry|dry|dry|dry
wetting,dry
whisper,shout
whiteness,black
whiteness,blacken
whitening,blacken
whiting,blacken
whole milk,skim milk
wholesomeness,unwholesomeness
wideness,narrowness
wideness,narrow|take in
widening,narrowing|narrowing
widening,narrow|take in
wife,husband
wilder,tame|tame
wildness,tameness
will,disinherit
willingness,unwillingness
win,losings
win,lose|lose|fall back|fail
wind,unwind
winner,loser|loser|loser
winnings,losings
winter solstice,summer solstice
wire,unwire
wiring,unwire
wisdom,folly|unsoundness
wiseness,unsoundness|folly
wish,begrudge
wishing,begrudge
withholder,granter
woman,man|man
work,idle|malfunction
work day,rest day
work time,time off
workday,rest day
worker,nonworker
working day,rest day
workings,idle|malfunction
works,idle|malfunction
worldliness,naivete|otherworldliness
worry,reassure
worthiness,unworthiness
worthlessness,worth
wrap,unwrap|unwind
wrapping,unwrap|unwind
wrongfulness,right;rightfulness
wrongness,appropriateness|rightness|correctness;rightness
xerotes,wetness
yang,yin
yes,no
yesteryear,future
yield,stand|survive
yin,yang
yoke,unyoke
youngness,oldness
youth,aged
zealot,nonpartisan
zenith,nadir
zip,unzip
zipper,unzip
zoology,flora
zygodactyl foot,heterodactyl foot
abbreviate,expand
abduct,adduct
abide by,disrespect
abolish,establish
abridge,expand
absolve,blame
absorb,emit
abstain,consume
accede,dissent
accelerate,decelerate|decelerate
accept,reject|refuse|refuse
accommodate,disoblige
acetify,sweeten|alkalize
acidify,sweeten|alkalize
acidulate,sweeten
acknowledge,deny
acquiesce,dissent
acquire,lose
acquit,convict
activate,inactivate
add together,subtract
adjust,skew
admire,look down on
admit,deny|reject|exclude
aestivate,hibernate;hibernate
affirm,negate
aggrade,degrade
aggravate,better
agitate,calm
agree,disagree|disagree
align,skew
aline,skew
alkalify,acidify
alkalise,acidify
alkalize,acidify
allow,prevent|forbid;disallow|deny
allow in,reject
ameliorate,worsen|worsen
amend,worsen
amplify,understate
anaesthetise,bring to
anaesthetize,bring to
analyse,synthesize
analyze,synthesize
anathemise,bless
anathemize,bless
anesthetise,bring to
anesthetize,bring to
annul,validate
ante up,default
antecede,postdate
antedate,postdate|postdate
appear,disappear|disappear
applaud,boo
apply,defy|exempt
appreciate,depreciate|depreciate
apprise,depreciate|depreciate
apprize,depreciate|depreciate
approbate,reprobate
approve,disapprove|disapprove
arise,sit down|fall|go to bed;turn in
arouse,fall asleep|sedate;de-energize;de-energise|cause to sleep
arrange,disarrange
arrive,leave
arrogate,forfeit
ascend,descend|set
ask,obviate
assail,defend
assemble,disassemble
assimilate,dissimilate|dissimilate|dissimilate
assoil,convict
assure,worry
attach,detach|detach
attaint,honor
attend,miss
attend to,neglect
attract,repel|repel
avoid,confront|validate
avouch,disavow
avow,disavow
awaken,cause to sleep|fall asleep
babble out,keep quiet
back up,unclog
basify,acidify
be active,rest
be born,die
be full,starve
be quiet,open up
be sick,keep down
be well,suffer
bear away,bring
bear in mind,forget
bear off,bring
bear on,discontinue
beat back,attract
beautify,uglify
bedamn,bless
beef up,weaken
begrime,clean
begrudge,wish
behave,misbehave
believe,disbelieve
belittle,flatter
belt along,linger
belt up,open up
bemire,clean
bequeath,disinherit
beshrew,bless
bestride,hop out
betray,undeceive
blab,keep quiet
blab out,keep quiet
blacken,whiten
blandish,disparage
blank out,remember
bless,curse|desecrate
blow out,ignite
blow up,reduce|deflate
borrow,lend
bottlefeed,breastfeed
bottom out,top out
bounce back,get worse
branch out,specialize
break apart,assemble|unify
break down,synthesize
break even,profit
break up,assemble
breastfeed,bottlefeed
breathe in,exhale
breathe out,inhale
brighten,darken|overcast
bring,take away
bring around,anesthetize
bring back,anesthetize
bring down,raise
bring forward,back
bring home the bacon,fail
bring off,fail
bring round,anesthetize
bring to,anesthetize
bring together,disjoin
bring up,lower
broaden,specialize
bucket along,linger
build up,disarm
buoy up,weigh down
bury,remember
button up,open up
buy at,boycott;boycott
buy the farm,be born
calcify,decalcify
call back,forget
call for,obviate
calm down,agitate
cannonball along,linger
carry away,bring
carry off,fail|bring
carry on,discontinue
carry to term,miscarry
carve up,unite
cash in one's chips,be born
cast down,elate
cast off,cast on
cast on,cast off
catch some z's,wake
cause to sleep,awaken
centralise,decentralize;decentralise;deconcentrate
centralize,decentralize;decentralise;deconcentrate
certify,decertify
charge up,calm
check in,check out
check out,check in
cheer up,complain
chirk up,complain
choke off,unclog
choke up,unstuff
chuck up the sponge,enter
clam up,open up
clarify,obfuscate
classify,declassify
clear up,obfuscate|overcast
climb on,hop out
clock in,clock out;punch out
clock off,clock in;punch in
clock on,clock out;punch out
clock out,clock in;punch in
clog up,unclog
close down,open
clothe,undress
clutter up,unclutter
cognise,ignore
cognize,ignore
collide with,miss
colligate,dissociate
colly,clean
colonise,decolonize;decolonise
colonize,decolonize;decolonise
color in,discolor
colorise,discolor
colorize,discolor
colour in,discolor
colourise,discolor
colourize,discolor
come after,precede
come alive,fall asleep
come along,disappear|regress
come away,attach
come before,succeed
come down,ascend;rise
come in,exit|go out
come off,attach
come on,regress|go off
come through,succumb|fail
come up,go|fall|go off|set
commence,end|end
commit,divest
commove,calm
communicate,excommunicate
compensate,wrong
complain,cheer
complicate,simplify
comport,misbehave
conceal,show
concur,disagree
confine,free
confirm,negate
conform,deviate
conform to,violate
confront,avoid
confute,prove
congest,unclog
conjoin,disjoin
connect,disconnect|dissociate|unplug
consume,abstain
contaminate,decontaminate
continue,discontinue|discontinue
contract in,contract out
contract out,contract in
contradict,affirm
contraindicate,indicate
convalesce,deteriorate
converge,diverge|diverge|diverge
convey,take away
cool down,heat|heat
cork up,uncork
correspond,disagree
corroborate,negate
couple on,uncouple
couple up,uncouple
crawl in,get up;turn out
criminalise,legalize;decriminalize;decriminalise
criminalize,legalize;decriminalize;decriminalise
criticise,praise
criticize,praise
curdle,homogenize
dampen,stimulate
darken,lighten|brighten
dawdle,rush
de-energise,energize;energise
de-energize,energize;energise
de-escalate,escalate
de-iodinate,iodinate
de-ionate,ionate
deactivate,activate
deaden,enliven
debark,embark
decalcify,calcify
deceive,undeceive
decelerate,accelerate|accelerate
decentralise,centralize;concentrate
decentralize,centralize;concentrate
decertify,certify
decipher,encode
deck out,underdress;dress down
deck up,underdress;dress down
declassify,classify
decode,encode
decolonise,colonize;colonise
decolonize,colonize;colonise
decompress,compress|pressurize;pressurise|tense
deconcentrate,centralize;concentrate
deconsecrate,consecrate
decontaminate,contaminate
decouple,couple|associate
decriminalise,outlaw;outlaw;criminalize;criminalise
decriminalize,outlaw;outlaw;criminalize;criminalise
decrypt,encode
dedifferentiate,differentiate
deduct,add
default on,pay up
defend,attack|prosecute
deflate,inflate|inflate|inflate
deform,unbend
defuse,fuse
defy,lend oneself
degauss,magnetize;magnetise
deglycerolise,glycerolize
deglycerolize,glycerolize
degrade,aggrade
dehumanise,humanize
dehumanize,humanize
dehumidify,humidify
dehydrate,hydrate
dehydrogenate,hydrogenate
deject,elate
delete,record
deliver the goods,fail
demagnetise,magnetize;magnetise
demagnetize,magnetize;magnetise
dematerialise,materialize;materialise
dematerialize,materialize;materialise
demilitarise,militarize;militarise|arm
demilitarize,militarize;militarise|arm
demob,mobilize;mobilise
demobilise,mobilize|mobilize;mobilise
demobilize,mobilize|mobilize;mobilise
demonstrate,disprove
demoralise,elate
demoralize,elate
demote,promote
demulsify,emulsify|emulsify
demystify,mystify
demythologise,mythologize
demythologize,mythologize
denationalise,nationalize;nationalise
denationalize,nationalize;nationalise
denaturalise,naturalize|naturalize
denaturalize,naturalize|naturalize
denazify,nazify
denitrify,nitrify
deny,admit|allow
deodorise,odorize;odourise
deodorize,odorize;odourise
deodourise,odorize;odourise
deoxidise,oxidize;oxidise
deoxidize,oxidize;oxidise
depart,come|conform|stay
depersonalise,personalize;personalise
depersonalize,personalize;personalise
deport,repatriate
depreciate,appreciate|appreciate
depress,elate
depressurise,pressurize;pressurise
depressurize,pressurize;pressurise
deprive,enrich
derecognise,certify
derecognize,certify
deregulate,regulate
derequisition,requisition
derestrict,restrict
desalinate,salinate
desalinise,salinate
desalinize,salinate
desalt,salinate
descend,ascend;rise
desecrate,consecrate
desegregate,segregate
desensitise,sensitize;sensitise|sensitize
desensitize,sensitize;sensitise|sensitize
desist,consume
destabilise,stabilize;stabilize|stabilize;stabilise
destabilize,stabilize;stabilize|stabilize;stabilise
destalinise,stalinize
destalinize,stalinize
desynchronise,synchronize;synchronise
desynchronize,synchronize;synchronise
detach,attach|attach
detain,free|rush
deter,persuade
deteriorate,recuperate
detest,love
dethrone,enthrone
detransitivise,transitivize
detransitivize,transitivize
devaluate,appreciate
devalue,appreciate
devitalise,vitalize
devitalize,vitalize
devoice,voice
devolve,recuperate
differ,equal|agree
differentiate,integrate|dedifferentiate
dilate,contract
diminish,increase
dine in,eat out
dine out,eat in
disable,enable
disaccord,agree
disagree,agree|agree
disallow,permit;allow
disappear,appear|appear
disapprove,approve|approve
disarm,arm
disarrange,arrange
disassemble,assemble
disavow,avow
disbelieve,believe
disburden,burden
discase,dress
disclaim,claim|claim
discolor,color
discontinue,continue|continue
discourage,encourage
disembark,embark
disenable,enable
disenchant,enchant
disenfranchise,enfranchise
disengage,engage|obstruct|engage
disentangle,entangle;snarl
disfranchise,enfranchise
disgorge,keep down
dishearten,hearten
disincarnate,incarnate
disincline,dispose
disinfect,infect
disinherit,bequeath
disintegrate,integrate
disinvest,invest|invest
disjoin,join|join
dislodge,lodge
dismantle,raise|assemble
dismiss,hire
disobey,obey
disoblige,oblige
disorganise,organize;organise
disorganize,organize;organise
disorient,orient
disorientate,orient
disown,bequeath
disparage,flatter
dispirit,elate
displace,hire
displease,please
dispose,indispose|disqualify
disprove,prove
disqualify,qualify|qualify
disrobe,dress
dissatisfy,satisfy
dissect,synthesize
dissever,unite
dissimilate,assimilate|assimilate|assimilate
dissociate,associate
dissuade,persuade
distort,untwist
distribute,gather
disunify,unify
diverge,converge|converge|converge|conform
diversify,specialize
divest,invest|invest
dope off,wake up
download,upload
downplay,overstate|foreground;play up
doze off,wake up
draw a blank,remember
draw back,advance
draw in,repel|pull out
draw off,deposit
dress down,dress up;overdress
dress up,underdress;dress down
drift off,wake up
drop by the wayside,enter
drop dead,be born
drop off,wake up|gain
drop out,enter
drowse off,wake up
dry out,wet
dry up,hydrate
dulcify,sour
dulcorate,sour
dummy up,open up
eat in,eat out
eat out,eat in
ebb away,tide
ebb down,tide
ebb off,tide
ebb out,tide
economise,waste
economize,waste
edulcorate,sour
elate,depress
elevate,demote|lower
eliminate,necessitate
elucidate,obfuscate
embark,disembark
embellish,uglify
embolden,dishearten
emigrate,immigrate
emit,absorb
emulsify,demulsify|demulsify
enable,disable
enchant,disenchant
enclothe,undress
encode,decode
encourage,discourage
endure,enjoy
energise,sedate;de-energize;de-energise
energize,sedate;de-energize;de-energise
enforce,exempt
enfranchise,disenfranchise
engage,fire|disengage|disengage
enjoy,suffer
enlace,untwine
enlarge,reduce|contract
enlist,discharge
enliven,deaden
enrapture,disenchant
enrich,deprive|impoverish
entangle,disentangle;unsnarl
enter,exit|drop out
enthral,disenchant
enthrall,disenchant
enthrone,divest|dethrone
entwine,untwine
equilibrate,unbalance
equilibrise,unbalance
equilibrize,unbalance
erase,record
escalate,de-escalate
establish,abolish|disprove
estivate,hibernate;hibernate
exacerbate,better
exaggerate,understate
exasperate,better
except,include
excite,stifle|calm
exclude,include|admit|include
excommunicate,communicate
exculpate,convict
exhale,inhale
exonerate,convict
expand,contract|contract
expatiate,contract
expire,be born|inhale
explode,implode
exposit,contract
expound,contract
express joy,cry
express mirth,cry
exsiccate,hydrate
extinguish,ignite
face up,avoid
fag out,refresh
fail,succeed|manage|pass|pass
fall asleep,wake up
fall back,gain
fall behind,gain
fall by the wayside,enter
fall short of,satisfy
falsify,correct
famish,be full|feed
fancify,uglify
fancy up,underdress;dress down
fasten,unfasten|unfasten
fig out,underdress;dress down
fig up,underdress;dress down
file in,file out
file out,file in
fill up,empty|empty
fit out,undress
flake out,wake up
flatten,sharpen
flatter,disparage
flatter,contrasty|natural
flesh out,contract
flush it,pass
focalise,blur|blur
focalize,blur|blur
fold up,unfold
follow,precede|predate|precede
forbid,permit;allow
force back,attract
foredate,postdate
forego,postdate|claim
foreshorten,expand
forget,remember|remember|mind
forgo,postdate|claim
formalise,invalidate
formalize,invalidate
fortify,weaken|disarm
freshen,tire
fulfil,fall short of
fulfill,fall short of
furbish up,break
gain ground,fall back
gazump,undercharge
generalise,specify
generalize,specify
get ahead,fall back
get along,regress
get down,raise|elate|end
get dressed,undress
get going,stop
get in,exit|pull out
get into,exit
get off,get on|hop on
get on,get off|hop out|regress
get out,enter|pull in
get over,get worse
get rid of,establish
get up,sit down|go to bed;turn in|lower|underdress;dress down
get well,get worse
get worse,get well
gird,disarm
give-up the ghost,be born
give notice,hire
give off,absorb
give out,absorb
give suck,bottlefeed
give the axe,hire
give the sack,hire
give up,claim|enter|continue|resist
gladden,sadden|sadden
glycerolise,deglycerolize
glycerolize,deglycerolize
go against,conform to|keep
go along,discontinue
go away,come|arrive|appear
go down,ascend;rise|float|rise
go for,refuse
go forth,arrive
go in,exit
go into,exit
go off,go on|explode
go on,discontinue|recede|go off
go out,enter|come in
go to,miss
go to bed,get up;turn out
go to sleep,get up;turn out
go under,float|rise
go up,fall|descend
go wrong,succeed
govern,deregulate
gratify,dissatisfy
gussy up,underdress;dress down
habilitate,undress
hallow,desecrate
ham it up,underact
hand-wash,machine wash
handwash,machine wash
happen,dematerialize;dematerialise
harden,soften|soften
hasten,linger
hearten,dishearten
heat up,cool|cool
hibernate,estivate
hie,linger
hit the hay,get up;turn out
hit the sack,get up;turn out
hold on,lose
hold out,surrender
hold up,rush
hole up,estivate
homogenise,curdle;curdle|curdle
homogenize,curdle;curdle|curdle
hop on,hop out
hop out,hop on
hot up,cool
humanise,dehumanize
humanize,dehumanize
humidify,dehumidify
hush up,louden
hydrogenate,dehydrogenate
hyperbolise,understate
hyperbolize,understate
ignite,extinguish
ignore,notice|know
illegalise,legalize;decriminalize;decriminalise
illegalize,legalize;decriminalize;decriminalise
immigrate,emigrate
immobilise,unfreeze;unblock
immobilize,unfreeze;unblock
impede,free
impinge on,miss
implode,explode
impoverish,enrich|enrich
imprecate,bless
improve,worsen|worsen
inactivate,mobilize|activate
incapacitate,enable
include,exclude|exclude|exclude
indicate,contraindicate|contraindicate
indispose,dispose|qualify
individualise,depersonalize;depersonalise
individualize,depersonalize;depersonalise
infect,disinfect
inflate,deflate|deflate|deflate
infract,keep
ingest,abstain
inhale,exhale
inspan,outspan
inspire,exhale
inspissate,thin|thin
integrate,disintegrate|segregate|differentiate
intensify,de-escalate
interlace,untwine
intertwine,untwine
interweave,unweave
intoxicate,depress
intransitivise,transitivize
intransitivize,transitivize
intromit,reject
invalidate,validate|validate|validate
invest,divest|divest
invigorate,deaden
involve,obviate
iodinate,de-iodinate
ionate,de-ionate
irritate,soothe
jump on,hop out
justify,blame
keep down,vomit
keep mum,open up
keep one's mouth shut,talk
keep out,admit
keep quiet,talk
keep track,lose track
kick downstairs,promote
kick the bucket,be born
kick upstairs,demote
kip down,get up;turn out
lay claim,forfeit
lay off,continue
laze,work
lead astray,undeceive
lead off,end
leave off,include
leave office,take office
leave out,include|attend to
legalise,outlaw;outlaw;criminalize;criminalise
legalize,outlaw;outlaw;criminalize;criminalise
legitimatise,outlaw;outlaw;criminalize;criminalise
legitimatize,outlaw;outlaw;criminalize;criminalise
legitimise,outlaw;outlaw;criminalize;criminalise
legitimize,outlaw;outlaw;criminalize;criminalise
lend,borrow
lend oneself,defy
lengthen,shorten|shorten
lessen,increase|increase
let down,raise
let go,hold
let go of,hold
let in,exclude|reject
let out,take in
let the cat out of the bag,keep quiet
liberate,confine
lie down,arise
lift up,depress
light up,overcast
lighten,weigh down|darken|darken
lighten up,weigh down|darken|darken
line up,skew
linger,rush
link up,disconnect|dissociate
literalise,spiritualize
literalize,spiritualize
live in,live out
live out,live in
live up to,fall short of
liven,deaden
liven up,deaden
locomote,stay in place
log-in,log out
log in,log out
log off,log in
log on,log out
log out,log in
log z's,wake
look down on,admire
look up to,look down on
loosen,stiffen|stiffen
loosen up,stuff|tense|tense;strain
lose,keep|win|find|profit|win|gain
lose track,keep track
lose weight,gain
louden,quieten|quieten
lucubrate,contract
machine-wash,handwash
machine wash,handwash
magnetise,demagnetize;demagnetise
magnetize,demagnetize;demagnetise
magnify,understate|reduce
make clean,dirty
make full,empty
make headway,fall back
make it,succumb|fail
make peace,war
make relaxed,tense;strain
manage,fail
march on,recede
mark down,mark up
mark up,mark down
materialise,dematerialize;dematerialise
materialize,dematerialize;dematerialise
maximise,minimize;minimise
maximize,minimize;minimise
melanise,whiten
melanize,whiten
meliorate,worsen|worsen
melt off,gain
merge,disunify
militarise,demilitarize;demilitarise
militarize,demilitarize;demilitarise
minify,increase
minimise,overstate|maximize;maximise
minimize,maximize;maximise|overstate
misbehave,behave
miscarry,succeed|carry to term
misdemean,behave
misfunction,function
mobilise,demobilize|demobilize;demobilise
mobilize,demobilize|demobilize;demobilise
moisturise,dehumidify
moisturize,dehumidify
mount up,hop out
move back,advance
move in,pull out|move out
move into,exit
move on,recede
move out,move in
move up,fall
muster in,discharge
muster out,enlist
mystify,demystify
mythicise,demythologize
mythicize,demythologize
mythologise,demythologize
mythologize,demythologize
narrow down,diversify;diversify
nationalise,denationalize;denationalise
nationalize,denationalize;denationalise
naturalise,denaturalize|denaturalize
naturalize,denaturalize|denaturalize
nazify,denazify
necessitate,obviate
negate,affirm
negociate,fail
nigrify,whiten
nitrify,denitrify
nod off,wake up
nullify,validate|validate
obey,disobey
obfuscate,clarify
objectify,personalize;personalise
oblige,disoblige
observe,disrespect|break
obstruct,free
obturate,free
obviate,necessitate
occidentalise,orientalize;orientalise
occidentalize,orientalize;orientalise
occlude,free
odorize,deodorize;deodourise
odourise,deodorize;deodourise
offend,keep
offsaddle,saddle
omit,include|attend to
open up,close|close|close|close up
operate,malfunction|disengage
organise,disorganize;disorganise
organize,disorganize;disorganise
orientalise,occidentalize;occidentalise
orientalize,occidentalize;occidentalise
orientate,disorient
outbid,underbid
outspan,inspan
outwear,refresh
overact,underact
overclothe,underdress
overdraw,understate
overdress,underdress|underdress;dress down
overexpose,underexpose|underexpose
overleap,attend to
overpay,underpay
overplay,underact
overrate,underestimate
overspend,underspend|underspend
overstate,understate
overstock,understock
overvalue,undervalue;underestimate
oxidate,deoxidize;deoxidise
oxidise,deoxidize;deoxidise
oxidize,deoxidize;deoxidise
pack together,decompress
participate,drop out
particularise,generalize
particularize,generalize
pass away,be born
pass on,recede
pass up,accept
patronise,boycott;boycott
patronize,boycott;boycott
pay cash,charge
pay up,default
pelt along,linger
perish,be born
perk up,sedate;de-energize;de-energise
perplex,simplify
personalise,depersonalize;depersonalise
personalize,depersonalize;depersonalise
persuade,dissuade
phase in,phase out
phase out,phase in
pick apart,praise
pick at,flatter
pick up,depress
pipe down,louden
play down,foreground;play up
play up,background;play down
pleach,unbraid
plug in,unplug
plug into,unplug
pop in,pop out
pop off,be born
pop out,pop in
postdate,predate|predate
precede,postdate|succeed|follow
predate,postdate|postdate
pressurise,depressurize;depressurise
pressurize,depressurize;depressurise
pretermit,attend to
prettify,uglify
prevent,let
prink,underdress;dress down
prise,disrespect;disesteem
proceed,discontinue
prohibit,permit;allow
promote,demote
proscribe,permit;allow
prosecute,defend
prove,disprove
pull ahead,fall back
pull away,advance
pull back,advance
pull down,raise
pull in,repel|pull out
pull off,fail
pull out,pull in
pull round,succumb
pull through,succumb
pull together,spread
punch in,clock out;punch out
punch out,clock in;punch in
put off,hearten
put out,bring to
put together,disassemble
put under,bring to
put up,level
qualify,disqualify|disqualify
quash,validate
quench,ignite
quetch,cheer
quicken,decelerate
quiesce,louden
quiet down,louden
quieten,louden|agitate|louden
quit,continue|take office|stay|enter
rase,raise
ravel out,ravel
ravish,disenchant
raze,raise
reassure,worry
recede,advance|gain
receive,say farewell
recollect,forget
recover,deteriorate
recreate,dishearten
rectify,falsify
recuperate,deteriorate
reduce,blow up|oxidize;oxidise|expand|gain
refresh,tire
refreshen,tire
regain,lose
regorge,keep down
regularise,deregulate
regularize,deregulate
regulate,deregulate
regurgitate,keep down
rehabilitate,purge
rejuvenate,age
relate,dissociate
relax,tense|stiffen|tense;strain
relegate,promote
relent,stand
relieve,enforce
relinquish,hold
rely,mistrust
remain,change
remain firm,yield
remember,forget|forget
repel,attract|attract
represent,prosecute
require,obviate
resent,wish
resign,take office
resist,lend oneself|surrender
restore,break
restrict,derestrict
retire,advance|get up;turn out
retrieve,forget
retrogress,progress
revalue,depreciate
rid of,necessitate
rig out,underdress;dress down
rob,undercharge
roll up,unfurl
roughen,smooth
rouse,calm|cause to sleep
run into,miss
rush along,linger
sack out,get up;turn out
sadden,gladden|gladden
salinate,desalinate
sanctify,desecrate
satisfy,fall short of|dissatisfy
say farewell,welcome
scale down,scale up|blow up
scale up,scale down
send away,hire
sensibilise,desensitize
sensibilize,desensitize
sensify,desensitize
sensitise,desensitize;desensitise|desensitize
sensitize,desensitize|desensitize;desensitise
set about,end
set down,embark
set out,end
set up,abolish|disassemble|level|disarrange
shape up,regress
sharpen,dull|blur|soften|flatten
sheathe,unsheathe
shew,disprove
shop at,boycott;boycott
shorten,lengthen|expand|lengthen
shut down,open
shut one's mouth,talk
shut out,admit
sign in,check out
simplify,complicate
sing,keep quiet
siss,brother
sit,stand|arise
sit down,arise|stand
sleep in,live out
sleep out,live in
slenderize,gain
slim down,gain
slip off,slip on
slip on,slip off
slow down,accelerate|accelerate|tense
slow up,accelerate
smoothen,roughen
snuff it,be born
snuff out,ignite
soften,sharpen|stand|harden|harden
soothe,irritate
sound off,cheer
specialise,generalize|diversify;diversify
specialize,diversify;diversify|generalize
specify,generalize
speed up,decelerate|decelerate
spew,keep down
spill the beans,keep quiet
spiritualise,literalize
spiritualize,literalize
spread out,contract|fold
spue,keep down
squander,conserve
stabilise,destabilize|destabilize;destabilise
stabilize,destabilize;destabilise|destabilize
stagnate,work
stalinise,destalinize
stalinize,destalinize
stand firm,surrender
stand still,move
stand up,sit down|sit
start out,end
start up,stop
starve,be full|feed
stay in place,travel
stay put,move
step down,take office|escalate
step on it,linger
step up,de-escalate
stick around,move
stiffen,loosen|loosen
stimulate,stifle|sedate;de-energize;de-energise
straighten,bend
straighten out,entangle;snarl
strengthen,weaken|weaken
strip down,dress
substantiate,negate
subtract,add
succeed,fail|precede
succumb,survive
suckle,bottlefeed
suffer,enjoy|be well
suggest,contraindicate
summerise,winterize
summerize,winterize
survive,succumb
sustain,negate
swear,mistrust
sweeten,sour
switch off,switch on
switch on,switch off
sync,desynchronize;desynchronise
synchronise,desynchronize;desynchronise
synchronize,desynchronize;desynchronise
synthesise,analyze
synthesize,analyze
tack together,disassemble
take apart,assemble|synthesize
take away,bring|add
take down,raise|raise
take hold,let go of
take in,emit|abstain|let out
take issue,agree
take leave,stay
take off,add
take office,leave office
take out,pack|add|deposit|include
take to heart,neglect
talk into,talk out of
talk out of,talk into
tear down,raise
tense up,relax|relax;unstrain
terminate,begin|begin|hire
thicken,thin|thin
think of,forget
throw in,enter
throw in the towel,enter
throw overboard,claim
throw up,keep down
tick over,run
tie in,dissociate
tire out,refresh
tog,undress
tog out,underdress;dress down
tog up,underdress;dress down
top out,bottom out
touch on,break
tranquilize,agitate|stimulate
tranquillise,agitate|stimulate
tranquillize,agitate|stimulate
transgress,keep
transitivise,detransitivize
transitivize,detransitivize
trick out,underdress;dress down
trick up,underdress;dress down
tune up,untune
turn a loss,profit
turn a profit,lose
turn away,admit
turn down,accept|admit
turn in,get up;turn out
turn off,switch on
turn on,switch off|calm
turn out,switch on|go to bed;turn in
turn up,unfold
uglify,beautify
unbar,bar
unbelt,belt
unbend,bend|bend|tense
unbind,bind
unblock,block;freeze
unbolt,bolt
unbox,box
unbrace,tie
unbraid,braid
unbridle,bridle
unbuckle,buckle
unburden,burden
unbutton,button
uncase,dress
unchain,chain
unchurch,communicate
unclasp,clasp
unclip,clip
unclog,clog
unclothe,dress
unclutter,clutter
uncoil,coil
uncompress,compress
uncork,cork
uncouple,couple
uncover,cover
uncrate,crate
uncross,cross
undeceive,deceive
underact,overact
underbid,outbid|overbid
underdress,overdress|dress up;overdress
underexpose,overexpose|overexpose
underpay,overpay
underplay,overact
underrate,overestimate
undershoot,overshoot
underspend,overspend|overspend
understate,overstate
understock,overstock
undervalue,overvalue;overestimate|appreciate
undo,make|wrap
undock,dock|dock
unfasten,fasten|fasten
unfold,fold
unfreeze,block;freeze
unfurl,roll up
unhallow,consecrate
unharness,harness
unhitch,hitch
unhook,hook
unify,disunify|divide
unite,divide|disunify
unknot,ravel;knot
unlace,tie
unlash,lash
unlax,tense;strain
unlock,lock|lock
unloose,confine
unloosen,confine
unmake,make
unmask,mask
unmuzzle,muzzle
unpack,pack
unpick,ravel;knot
unpin,pin
unplug,plug in
unravel,ravel;knot|ravel
unroll,wind|roll up
unsaddle,saddle
unscramble,scramble|ravel;knot
unscrew,screw
unseal,seal
unsheathe,sheathe
unsnarl,entangle;snarl
unsolder,sold
unspell,spell
unstaple,staple
unstrain,tense;strain
unstrap,strap
unstring,string
unstuff,stuff
untangle,ravel;knot
untie,tie
untune,tune
untwine,twine
untwist,twist
unveil,veil
unweave,weave
unwind,wind|tense|tense;strain
unwire,wire
unwrap,wrap
unyoke,yoke
unzip,zip up
upchuck,keep down
uphold,discontinue
upload,download
uprise,sit down|set|fall|go to bed;turn in
validate,invalidate|invalidate|invalidate
vanish,appear|appear
vary,conform
veer,back
vex,reassure
violate,conform to|keep
vitalise,devitalize
vitalize,devitalize
vitiate,validate
vocalise,devoice
vocalize,devoice
vomit up,keep down
waive,claim
wake up,cause to sleep|fall asleep
waken,cause to sleep|fall asleep
weaken,strengthen|strengthen|escalate
wear down,refresh
wear out,refresh
wear upon,refresh
weep,laugh
weigh down,lighten
weigh on,lighten
weight down,unburden
westernise,orientalize;orientalise
westernize,orientalize;orientalise
whiten,blacken
widen,narrow|take in
wind off,wind
winterise,summerize
winterize,summerize
wish well,begrudge
withdraw,advance|engage|deposit
withstand,surrender
worsen,better|better
wrap up,unwrap|unfurl
zip up,unzip
flawed,perfect
orthodox,unorthodox
true,false
daily,nightly
distribution,concentration
valid,invalid
expand,contract
practical,impractical
privilege,disadvantage
mammoth,tiny
unrelated,related
overnight,daytime
other,same
square,circle
hollow,solid
difficult,easy
luxury,poverty
stimulate,inhibit
proceed,halt
fertile,infertile
empirical,theoretical
pretty,ugly
clinical,emotional
lucky,unlucky
tail,head
privacy,publicity
undergraduate,graduate
encourage,discourage
insecure,secure
professional,amateur
rapid,slow
worthless,valuable
compressed,expanded
prose,poetry
watch,ignore
beast,beauty
pro,con
silent,noisy
inflammatory,anti-inflammatory
remain,leave
wrong,right
whisper,shout
sentimental,unemotional
fascism,democracy
super,inferior
uncle,aunt
exit,entry
matter,antimatter
prominence,obscurity
demise,birth
secular,religious
departure,arrival
bear,deer
figure,ground
conspicuous,inconspicuous
boom,whisper
cloudy,clear
unreasonable,reasonable
forward,backward
wide,narrow
relent,persist
disappoint,satisfy
durable,fragile
loaded,empty
big,small
avoid,seek
invent,destroy
falsehood,truth
learn,forget
out,in
naked,clothed
sink,float
quarrel,peace
antidote,poison
genuine,fake
furious,calm
trust,distrust
vague,specific
grandmother,grandfather
ignore,pay attention
foul,fair
south,north
laugh,cry
indistinguishable,distinguishable
red,blue
disable,enable
visible,invisible
restore,destroy
unconscious,conscious
prosecution,defense
daylight,nighttime
appearance,disappearance
lessen,increase
wealthy,poor
bisexual,monosexual
anal,oral
merit,demerit
authorized,unauthorized
undesirable,desirable
unequal,equal
inflation,deflation
unfold,fold
express,suppress
northwestern,southeastern
majority,minority
applied,theoretical
explosive,stable
spare,occupied
seasoned,unseasoned
distribute,collect
celestial,terrestrial
robust,fragile
dysfunction,function
knockout,revival
spiral,straight
mainland,island
penalty,reward
colored,colorless
defunct,operational
arithmetic,algebra
faulty,flawless
legislative,executive
distance,proximity
cut,heal
postpone,advance
record,erase
disregard,consider
borrow,lend
previous,next
reliable,unreliable
regress,progress
exacerbate,alleviate
dangerous,safe
blessed,cursed
opposite,similar
west,east
unemployment,employment
cow,bull
first,last
possibility,impossibility
foreground,background
illustrious,unknown
barbaric,civilized
longtime,short time
indifferent,passionate
unlimited,limited
breach,comply
frontal,rear
only,many
limited,unlimited
dotted,solid
contingent,inevitable
straight,curved
summer,winter
unlikely,likely
old,new
earthly,celestial
observational,theoretical
centrist,extremist
view,blindness
medial,lateral
extraordinary,ordinary
abolish,establish
cry,laugh
undo,do
cheer,jeer
force,gentleness
hooked,unhooked
mistaken,correct
eldest,youngest
fried,raw
classify,disorganize
loosen,tighten
broaden,narrow
approval,disapproval
eastern,western
polar,equatorial
unbelievable,believable
temporal,eternal
link,unlink
detain,release
outgoing,introverted
barren,fertile
white,black
intuitive,counterintuitive
outlaw,law-abiding citizen
illegal,legal
concept,reality
authorize,prohibit
intelligent,unintelligent
undue,due
contrast,similarity
absent,present
convergence,divergence
shy,outgoing
mixed,pure
head,tail
contemporary,traditional
shameful,honorable
supreme,inferior
procedural,conceptual
ancestor,descendant
segregation,integration
give,take
marginal,central
bent,straight
tomorrow,yesterday
lower,upper
permanent,temporary
lend,borrow
civil,uncivilized
fictitious,real
dormant,active
employment,unemployment
complexity,simplicity
defy,comply
conventional,unconventional
expected,unexpected
automated,manual
bra,panties
include,exclude
pride,humility
outcome,input
obey,disobey
destroy,create
deduct,add
lesbian,straight
unlucky,lucky
specialize,generalize
unable,able
superhuman,human
inverse,direct
least,most
irrational,rational
stale,fresh
exclusive,inclusive
sturdy,fragile
literary,illiterate
regular,irregular
align,misalign
impossible,possible
martial,civilian
frustrated,satisfied
fake,real
veto,approve
approximate,exact
gradual,sudden
impractical,practical
smile,frown
legitimate,illegitimate
limp,stiff
improbable,probable
commence,conclude
put,take
cover,uncover
lightweight,heavyweight
acceptance,rejection
permission,prohibition
manned,unmanned
numerous,few
divest,invest
tropical,polar
likely,unlikely
worsen,improve
decode,encode
excessive,insufficient
defend,attack
southeastern,northwestern
predictive,reactive
divergence,convergence
intensive,relaxed
abandon,keep
fore,aft
criticize,praise
used,new
childbirth,death
hope,despair
extant,extinct
complex,simple
tacit,explicit
nighttime,daytime
premature,mature
comic,tragic
personal,impersonal
weak,strong
invisible,visible
taxable,nontaxable
leading,following
lord,servant
advance,retreat
intense,mild
definite,indefinite
rectangular,circular
mortal,immortal
inward,outward
excess,deficiency
folly,wisdom
question,answer
violate,comply
digital,analog
intensify,diminish
like,dislike
short,long
mean,kind
jam,jelly
all,none
disinfect,contaminate
longitudinal,latitudinal
redundant,essential
simplify,complicate
external,internal
interesting,boring
muscular,frail
stalk,root
establish,dismantle
displeasure,pleasure
appear,disappear
convenient,inconvenient
cease,continue
insignificant,significant
borrower,lender
imaginative,practical
slow,fast
united,divided
park,home
float,sink
solitary,social
frog,toad
rear,front
naughty,nice
eccentric,conventional
sinister,benevolent
hit,miss
tragedy,comedy
conservative,liberal
same,different
idle,busy
end,beginning
proactive,reactive
counterfeit,genuine
plateau,valley
collect,disperse
problem,solution
unavailable,available
visceral,cerebral
dramatic,subtle
risky,safe
revolutionary,traditional
central,peripheral
varied,uniform
unmanned,manned
disadvantaged,advantaged
infrared,ultraviolet
weakness,strength
epidemic,endemic
slowing,speeding
bare,covered
contradict,agree
draw,erase
squat,stand
garner,squander
strike,spare
show,hide
loss,gain
ambiguous,clear
leftist,rightist
upstream,downstream
infinite,finite
desirable,undesirable
pure,impure
opacity,transparency
inland,coastal
harmful,beneficial
notice,ignore
brave,cowardly
ongoing,completed
advantage,disadvantage
contiguous,disjointed
main,secondary
pleasure,pain
noise,silence
wise,foolish
convoluted,straightforward
refuse,accept
solder,desolder
transmitter,receiver
petty,significant
numerical,non-numerical
instability,stability
install,uninstall
simplistic,complex
lodge,shelter
employ,unemploy
decline,increase
top,bottom
compatible,incompatible
geographic,non-geographic
preliminary,final
fugitive,law-abiding citizen
joy,sorrow
calm,agitated
need,have
background,foreground
forfeit,claim
concrete,abstract
widespread,limited
quantitative,qualitative
clear,cloudy
kind,cruel
melody,discord
obsolete,modern
competition,cooperation
able,unable
endless,finite
inaction,action
indicate,conceal
legalize,criminalize
reciprocal,direct
southern,northern
rising,falling
recession,boom
payment,receipt
official,unofficial
safety,danger
column,row
authoritarian,libertarian
wreck,preserve
constant,variable
explicit,implicit
sob,laugh
freeze,melt
proponent,opponent
defective,functional
immoral,moral
various,uniform
bald,hairy
contract,expand
mature,immature
separate,together
refined,crude
strengthen,weaken
prohibition,permission
narrowing,widening
heterosexual,homosexual
reverse,forward
coloured,monochrome
speedy,lethargic
invalid,valid
inappropriate,appropriate
regulated,unregulated
kick,catch
suitable,unsuitable
cruelty,kindness
aboriginal,non-aboriginal
terrible,wonderful
mother,father
massive,tiny
inquiry,response
unspecified,specified
absurd,sensible
birth,death
static,dynamic
female,male
agricultural,industrial
accustomed,unaccustomed
verbal,nonverbal
conception,birth
next,previous
immortality,mortality
transient,permanent
moist,dry
heated,cooled
independent,dependent
evasion,confrontation
observe,ignore
fact,fiction
insertion,removal
borrowing,lending
surgical,non-surgical
contraction,expansion
liberal,conservative
murky,clear
arise,settle
traitor,loyalist
distrust,trust
disbelief,belief
gritty,smooth
psychological,physical
favorite,least favorite
confirm,deny
major,minor
granddaughter,grandfather
descend,ascend
recommend,discourage
absorb,release
swift,sluggish
satisfy,dissatisfy
enlarge,shrink
software,hardware
total,partial
bomb,disarm
present,past
emit,absorb
descriptive,nondescriptive
generic,specific
distant,near
glossy,matte
tender,tough
devil,angel
clandestine,overt
liquid,solid
patient,impatient
attract,repel
resilient,fragile
segregated,integrated
adequate,inadequate
inspiration,despair
sticky,slippery
chronic,acute
covered,exposed
auxiliary,primary
preserve,destroy
hard,soft
antagonist,protagonist
cause,effect
unpredictable,predictable
agree,disagree
intermittent,continuous
sterile,contaminated
intangible,tangible
harvest,planting
mono,stereo
incidental,essential
fix,break
hypothetical,realistic
disappear,appear
validate,invalidate
transparent,opaque
height,depth
sickness,health
traditional,modern
clumsy,graceful
upside,downside
ordinary,extraordinary
immunity,susceptibility
unarmed,armed
inconsistent,consistent
measurable,immeasurable
confident,insecure
senior,junior
enter,exit
reliant,independent
experienced,inexperienced
remove,add
wholesale,retail
fancy,plain
blame,praise
oversized,undersized
mixture,pure
shallow,deep
equip,disarm
finished,unfinished
field,city
steady,unsteady
complain,praise
superficial,deep
lifeless,lively
cool,warm
constructive,destructive
transparency,opacity
diminish,increase
lasting,temporary
written,spoken
assemble,disassemble
sane,insane
day,night
past,future
deflation,inflation
divide,multiply
everything,nothing
downhill,uphill
halt,proceed
catch,release
mark,unmark
awkward,graceful
pass,fail
medical,non-medical
attach,detach
tight,loose
mend,break
fat,thin
rough,smooth
none,all
unprepared,prepared
normal,abnormal
relieve,aggravate
fresh,stale
monarch,commoner
corrupt,honest
elaborate,simple
require,exempt
complicated,simple
direct,indirect
physical,mental
troublesome,easygoing
build,destroy
fall,rise
weakened,strengthened
damned,blessed
detached,attached
nonviolent,violent
bulk,individual
rugged,smooth
foot,hand
extended,contracted
substantive,insubstantial
international,domestic
inexpensive,expensive
reduce,increase
sober,drunk
important,unimportant
imperfect,perfect
patriot,traitor
hatred,love
underdog,favorite
retreat,advance
equal,unequal
darkness,lightness
occasional,frequent
unpaid,paid
minimal,maximal
foster,hinder
near,far
son,daughter
tired,energetic
chilly,warm
lively,dull
king,queen
liking,disliking
soil,sky
religious,secular
antique,modern
viewing,ignoring
servicing,neglecting
insane,sane
civilian,military
crude,refined
landscape,portrait
agreement,disagreement
volatile,stable
obese,skinny
open,closed
yesterday,tomorrow
scatter,gather
wish,regret
involved,uninvolved
adult,child
reward,punishment
deprive,provide
grant,deny
giant,dwarf
dusty,clean
everyday,occasional
improvement,deterioration
enlarged,shrunk
curious,indifferent
winner,loser
regain,lose
unfocused,focused
logical,illogical
instrumental,vocal
union,division
unhealthy,healthy
supernatural,natural
comparable,incomparable
cold,warm
rich,poor
soft,hard
parallel,perpendicular
stiff,flexible
inadequate,adequate
concentrated,diluted
conceal,reveal
boy,girl
sanity,insanity
resolution,problem
keen,apathetic
hot,cool
creditor,debtor
genius,fool
brittle,durable
cockpit,cabin
laughter,tears
broken,fixed
unwelcome,welcome
incompetent,competent
root,tip
feature,bug
catalyst,inhibitor
crooked,straight
elder,younger
immature,mature
avert,embrace
prepared,unprepared
heroic,cowardly
debtor,creditor
graduate,undergraduate
translucent,opaque
unite,divide
recent,ancient
cowardly,brave
flawless,flawed
authentic,fake
approve,disapprove
multiply,divide
default,customized
improper,proper
prefix,suffix
broke,wealthy
dumb,smart
icy,warm
net,gross
economic,uneconomic
inhuman,human
minimum,maximum
unorthodox,orthodox
marry,divorce
method,chaos
legendary,ordinary
extra,lacking
underlying,overt
accurate,inaccurate
clarity,confusion
lineman,receiver
casual,formal
pain,pleasure
widening,narrowing
defendant,plaintiff
blessing,curse
spiritual,materialistic
certainty,uncertainty
frank,evasive
objective,subjective
disconnect,connect
stern,lenient
miserable,joyful
moderate,extreme
worldwide,local
treacherous,trustworthy
foe,friend
insensitive,sensitive
charming,unappealing
downside,upside
anterior,posterior
gay,straight
divorce,marriage
small,large
documentary,fiction
goods,bads
deep,shallow
achievable,unachievable
bottom,top
erect,flat
complete,incomplete
inability,ability
fluorescent,incandescent
most,least
sounding,silent
polluted,clean
dwarf,giant
sophisticated,simple
loud,quiet
inner,outer
escalate,deescalate
woman,man
peace,war
aversion,attraction
parent,child
pay,receive
bright,dim
monumental,insignificant
publicity,privacy
quick,slow
inconsistency,consistency
operative,inoperative
sudden,gradual
subtle,obvious
thin,thick
viable,unviable
indefinite,definite
ineligible,eligible
national,international
pollution,cleanliness
unfortunate,fortunate
annoyed,pleased
torture,comfort
online,offline
pop,classical
density,sparsity
exotic,common
historic,modern
material,immaterial
unfair,fair
imbalance,balance
upright,inverted
weighted,unweighted
impossibility,possibility
shutdown,startup
hire,fire
disclaimer,endorsement
diffuse,concentrated
nude,clothed
firm,soft
multiple,single
loan,repayment
lead,follow
newborn,elderly
power,weakness
flee,pursue
fear,courage
premiere,finale
linger,leave
steep,flat
planetary,stellar
abundance,scarcity
disclaim,claim
retrospect,prospect
object,subject
niece,nephew
repair,damage
lighting,darkness
bourgeois,proletarian
enrich,impoverish
perceive,ignore
data,information
originate,terminate
flexible,rigid
fantastic,terrible
confusion,clarity
triangular,circular
formal,informal
maximal,minimal
engage,disengage
striped,solid
assail,defend
evolution,devolution
synthetic,natural
excavation,filling
comfortable,uncomfortable
intricate,simple
have,lack
settle,disrupt
boil,freeze
commit,withdraw
sponsor,beneficiary
downstairs,upstairs
tremendous,insignificant
debit,credit
aggregate,disperse
bogus,authentic
adjective,noun
stuff,empty
con,pro
immune,susceptible
optional,mandatory
useful,useless
heating,cooling
subordinate,superior
general,specific
host,guest
intrinsic,extrinsic
disapproval,approval
acceptable,unacceptable
truthful,deceptive
full,empty
secondary,primary
evil,good
affirmative,negative
closing,opening
unlawful,lawful
irregular,regular
plus,minus
analytic,synthetic
exclusion,inclusion
ambitious,unambitious
analysis,synthesis
condemn,praise
stack,unstack
farther,closer
believable,unbelievable
manual,automatic
crazy,sane
appreciation,criticism
incomplete,complete
unaffected,affected
silence,noise
oppose,support
muddy,clean
former,latter
alternative,mainstream
oral,written
upcoming,past
inactive,active
easy,hard
warm,cool
victorious,defeated
disadvantage,advantage
guy,girl
server,client
primitive,advanced
explain,confuse
unmarked,marked
competitive,cooperative
unlike,like
obscurity,prominence
subtract,add
recreational,professional
figured,plain
ship,dock
canned,fresh
available,unavailable
creator,destroyer
few,many
glut,famine
covert,overt
timid,bold
sunset,sunrise
enable,disable
certain,uncertain
mountainous,flat
remember,forget
credit,debit
polite,rude
back,front
sad,happy
sunlight,moonlight
nonpartisan,partisan
huge,tiny
discrete,continuous
troubled,peaceful
corporate,individual
accompany,leave alone
file,delete
aged,fresh
inevitable,avoidable
offset,aligned
ill,healthy
vertical,horizontal
disagree,agree
fifth,first
ethical,unethical
walk,run
supplementary,complementary
sell,buy
surrogate,primary
malfunction,function
ready,unprepared
decent,indecent
grey,colorful
length,width
operate,shut down
answer,question
overt,covert
east,west
widen,narrow
periphery,center
knock,answer
follower,leader
stability,instability
waste,conserve
unloaded,loaded
lay,stand
snowy,sunny
represent,misrepresent
differ,similar
thick,thin
order,chaos
loser,winner
disobedience,obedience
experimental,traditional
juvenile,mature
revoke,grant
insanity,sanity
belief,doubt
dependent,independent
elevation,depression
disappointed,satisfied
friendly,unfriendly
damn,bless
withdrawal,deposit
distress,comfort
conform,rebel
illicit,licit
interior,exterior
girl,boy
right,wrong
farewell,greeting
descendant,ancestor
action,inaction
hearing,deafness
weep,laugh
dissent,consent
future,past
extreme,moderate
efficient,inefficient
powdered,solid
curly,straight
willingness,reluctance
keep,discard
whites,blacks
north,south
expansion,contraction
orderly,chaotic
wicked,virtuous
downstream,upstream
secret,public
foreigner,native
commonplace,rare
married,single
narrow,wide
involve,exclude
quit,continue
propel,halt
youthful,elderly
sour,sweet
hidden,visible
archaic,modern
renowned,unknown
forget,remember
decorative,plain
service,disservice
posterior,anterior
shady,sunny
judicial,extrajudicial
subconscious,conscious
utopian,dystopian
affirm,deny
asleep,awake
helpless,capable
mention,ignore
disappearance,appearance
rejection,acceptance
bad,good
studio,location
fuzzy,smooth
bulky,compact
familiar,unfamiliar
dissatisfaction,satisfaction
meaningful,meaningless
positive,negative
flat,curved
potential,actual
defeat,victory
armed,unarmed
partisan,bipartisan
acquaintance,stranger
unmarried,married
misconception,understanding
aquatic,terrestrial
tilted,straight
vocal,silent
mundane,extraordinary
satisfaction,dissatisfaction
conscious,unconscious
unwillingness,willingness
find,lose
shout,whisper
tolerance,intolerance
incapable,capable
ample,scarce
acidic,alkaline
continue,stop
rebellious,compliant
high,low
acceleration,deceleration
militant,peaceful
participate,withdraw
identical,different
hardware,software
superior,inferior
specific,general
income,expense
dry,wet
neutral,biased
psychic,non-psychic
ridicule,praise
worry,relax
sensitive,insensitive
handsome,ugly
depart,arrive
launch,land
curl,straight
employer,employee
release,retain
single,married
abhor,adore
destructive,constructive
minor,major
invest,withdraw
tiny,giant
defensive,offensive
strong,weak
basic,advanced
tart,sweet
exceed,fall short
lock,unlock
improve,deteriorate
benefit,disadvantage
lack,abundance
global,local
gather,scatter
found,lost
sweet,sour
garbage,cleanliness
freedom,oppression
medieval,modern
male,female
intake,output
automatic,manual
northwest,southeast
domestic,wild
common,rare
left,right
allow,forbid
impartial,biased
unusual,usual
sunrise,sunset
opening,closing
survive,perish
exclude,include
gentle,rough
opponent,ally
protect,harm
beginning,end
charge,discharge
extend,contract
unnecessary,necessary
dull,bright
federal,state
deficiency,surplus
angular,rounded
justice,injustice
integration,differentiation
liabilities,assets
interrogation,explanation
hairy,bald
sorrow,joy
hell,heaven
focused,distracted
unregulated,regulated
depression,elation
noisy,quiet
boring,interesting
knowledge,ignorance
remote,nearby
unreliable,reliable
brother,sister
amusing,boring
poetry,prose
desperate,content
delete,save
romantic,platonic
prospective,retrospective
comparative,superlative
level,uneven
peaceful,violent
northeastern,southwestern
attack,defend
consistent,inconsistent
tack,blunt
homegrown,imported
relational,isolated
strength,weakness
concentration,distraction
downfall,uprise
maximum,minimum
applaud,boo
standard,nonstandard
sham,genuine
disperse,gather
gray,colorful
dishonest,honest
medium,large
anarchy,order
naive,experienced
activity,inactivity
ruin,preserve
collateral,direct
kid,adult
tread,untread
purchase,sell
increased,decreased
intermediate,beginner
maximize,minimize
spherical,flat
acknowledge,ignore
friend,enemy
lender,borrower
derogatory,complimentary
disrespect,respect
unfinished,completed
persuade,dissuade
supplemental,primary
dependence,independence
exaggeration,understatement
retire,begin work
except,include
mortality,immortality
wisdom,foolishness
deficit,surplus
biological,non-biological
nothing,everything
look,ignore
black,white
obscure,clear
elderly,youthful
popular,unpopular
tie,untie
fill,empty
lawful,unlawful
clean,dirty
angry,happy
differentiate,integrate
comfort,discomfort
sleeping,awake
vested,unvested
significant,insignificant
beautiful,ugly
creative,uncreative
poop,clean
ideal,realistic
municipal,private
pleased,displeased
legal,illegal
accumulate,dissipate
fortune,misfortune
assets,liabilities
beneficial,harmful
stupid,smart
synthesis,analysis
loose,tight
hunter,prey
lose,win
pathological,healthy
encode,decode
presents,absence
functional,dysfunctional
revolution,status quo
sustain,deplete
conditional,unconditional
buying,selling
outfield,infield
median,extreme
pessimistic,optimistic
unintentional,intentional
inside,outside
negate,affirm
uneasy,comfortable
praise,criticize
cerebral,physical
prosecute,defend
regression,progression
imply,explicit
profit,loss
primary,secondary
composite,simple
peripheral,central
impair,improve
tricky,straightforward
respect,disrespect
feed,starve
mistrust,trust
smart,dumb
leave,arrive
silly,serious
unethical,ethical
sleepy,awake
predecessor,successor
assure,doubt
skepticism,belief
wet,dry
bull,cow
skinny,fat
intimidate,reassure
consume,produce
drunk,sober
check,uncheck
favorable,unfavorable
frozen,melted
excellent,poor
responsible,irresponsible
academic,non-academic
intentional,accidental
erase,write
punishable,forgivable
fragmented,whole
depressed,elated
compact,spacious
awful,wonderful
perfect,imperfect
promote,demote
package,unpack
frown,smile
pastoral,urban
line,curve
disarm,arm
read,write
intersect,separate
soften,harden
many,few
unrestricted,restricted
preferable,undesirable
marvelous,terrible
bump,smooth
masculine,feminine
thermal,cooling
conspiracy,truth
dismantle,assemble
lax,strict
stick,release
plaintiff,defendant
active,passive
parasite,host
final,initial
implement,remove
unsure,certain
youth,elderly
resistant,susceptible
whole,partial
foreign,domestic
adoptive,biological
busy,idle
grow,shrink
sufficient,insufficient
light,heavy
double,single
outer,inner
series,parallel
exterior,interior
daytime,nighttime
offense,defense
rejoice,mourn
deceased,alive
successor,predecessor
premium,basic
receiver,sender
ascend,descend
qualitative,quantitative
expenditure,income
unhappy,happy
suspect,confirm
speed,slowness
alternate,primary
rigid,flexible
unclear,clear
injustice,justice
enlist,discharge
unreal,real
work,relax
impoverished,wealthy
excited,calm
sit,stand
function,malfunction
liberate,imprison
waive,enforce
affected,unaffected
fictional,real
valley,mountain
slim,fat
hole,solid
safe,dangerous
ground,sky
prevention,promotion
nasal,oral
localized,widespread
center,edge
increase,decrease
inefficient,efficient
demand,supply
virgin,experienced
miraculous,ordinary
ignorant,knowledgeable
come,go
exceptional,ordinary
uniform,varied
astronomical,terrestrial
perennial,annual
tedious,enjoyable
further,closer
radical,conservative
bitter,sweet
latter,former
organic,inorganic
sender,receiver
plain,fancy
absolute,relative
amateur,professional
merger,split
noticeable,unnoticeable
native,foreign
curse,blessing
moot,debatable
eliminate,create
paste,cut
cement,sand
realistic,fantastic
abrupt,gradual
export,import
backward,forward
perpendicular,parallel
tough,easy
suck,blow
wee,large
understatement,exaggeration
begin,end
deposit,withdrawal
focus,distract
slight,significant
less,more
rational,irrational
neoliberal,conservative
concurrent,sequential
famous,unknown
irresponsible,responsible
feminine,masculine
ultimate,initial
visual,auditory
intact,broken
idiot,genius
odd,even
manageable,unmanageable
successful,unsuccessful
dawn,dusk
disapprove,approve
insult,compliment
progressive,regressive
redeem,condemn
known,unknown
adolescent,elderly
underground,aboveground
operational,non-operational
interim,permanent
individual,group
notable,unremarkable
binary,analog
security,risk
coarse,fine
oust,install
probable,improbable
mechanical,organic
protagonist,antagonist
cooling,heating
recall,forget
disorderly,orderly
stout,slim
happiness,sadness
meat,vegetables
import,export
creamy,watery
encrypt,decrypt
stand,sit
arrival,departure
natural,artificial
plural,singular
bold,timid
harass,comfort
negligence,diligence
wasteful,efficient
wellness,illness
simplicity,complexity
recorded,live
separation,union
awake,asleep
monarchy,democracy
success,failure
infield,outfield
husband,wife
incorrect,correct
dual,single
reduction,increase
move,stay
tails,heads
sacred,profane
hopeful,despairing
opaque,transparent
chaos,order
downgrade,upgrade
smooth,rough
competence,incompetence
rivalry,cooperation
surrender,resist
annoy,please
bodily,spiritual
balance,imbalance
agent,client
overall,specific
advanced,basic
interrupt,continue
sleep,awake
drive,park
simultaneous,consecutive
delay,advance
infantry,cavalry
erroneous,correct
dirty,clean
empty,full
autonomous,dependent
men,women
strengthening,weakening
persistent,fleeting
volcanic,non-volcanic
cooperate,compete
microscopic,macroscopic
resent,cherish
heavy,light
alien,human
oval,round
offence,defence
student,teacher
long,short
predictable,unpredictable
limitless,limited
climb,descend
rare,common
alter,preserve
output,input
mad,sane
lovely,unpleasant
mindfulness,mindlessness
solid,liquid
living,dead
distinct,indistinct
better,worse
blunt,sharp
humility,pride
mathematical,non-mathematical
get,give
run,walk
discomfort,comfort
lady,gentleman
unknown,known
captive,free
refreshing,stale
glad,sad
fertility,infertility
young,mature
principal,subordinate
trivial,significant
scarce,abundant
quiet,loud
outside,inside
colonial,modern
deny,confirm
consistency,inconsistency
private,public
attend,absent
withstand,succumb
tragic,comic
optimistic,pessimistic
rounded,sharp
complicate,simplify
overseas,domestic
reformed,corrupt
actual,potential
standby,active
emphasize,downplay
disembark,embark
bury,unearth
terminate,initiate
adulthood,childhood
wonderful,terrible
location,displacement
mediocre,exceptional
southeast,northwest
danger,safety
ashamed,proud
mild,severe
delicate,sturdy
contradictory,complementary
saline,freshwater
unauthorized,authorized
start,finish
emotional,unemotional
ask,answer
note,silence
maritime,terrestrial
relative,absolute
employee,employer
vast,limited
partner,opponent
sound,silence
rural,urban
plentiful,scarce
drop,pick up
convict,acquit
variant,standard
unacceptable,acceptable
hind,front
funny,serious
verge,center
northeast,southwest
vest,coat
jerk,gentleman
announce,conceal
comedy,tragedy
deter,encourage
instantaneous,delayed
anger,joy
unified,divided
faint,loud
military,civilian
minimize,maximize
sack,pack
severe,mild
false,true
homosexual,heterosexual
eternal,temporary
initial,final
linear,nonlinear
alert,drowsy
maintain,deteriorate
domain,range
simulated,real
hold,release
connect,disconnect
relevant,irrelevant
intended,unintended
extinct,alive
rely,distrust
cooperative,uncooperative
ally,enemy
foolish,wise
extension,contraction
cheap,expensive
conceptual,practical
heavenly,hellish
fearless,fearful
dispute,agreement
finite,infinite
lazy,active
marked,unmarked
upgrade,downgrade
gigantic,tiny
capable,incapable
unconditional,conditional
surreal,realistic
gross,delicious
predatory,preyful
invasion,retreat
landing,taking off
shortage,surplus
exhaustive,brief
entire,partial
obedience,disobedience
incompetence,competence
victory,defeat
sharp,dull
overweight,underweight
welcome,unwelcome
rainy,sunny
nominal,real
inferior,superior
dismissive,attentive
economy,recession
dislike,like
acquire,lose
protective,neglectful
depreciation,appreciation
periodic,aperiodic
abstract,concrete
necessity,luxury
indecent,decent
related,unrelated
closed,open
subsidy,tax
cavity,healthy tooth
claim,deny
nephew,niece
terrestrial,aquatic
swim,walk
misfortune,fortune
frivolous,serious
forbid,allow
western,eastern
orthodoxy,heterodoxy
aunt,uncle
unconstitutional,constitutional
grandfather,grandson
sew,unravel
incoming,outgoing
uphill,downhill
outward,inward
pedestrian,driver
round,square
difficulty,ease
novel,classic
retired,employed
vegetable,meat
new,old
blend,stand out
last,first
fold,unfold
extremist,moderate
confidential,public
retrieve,discard
proud,humble
ladies,gentlemen
compound,simple
original,copy
humid,dry
topical,nontopical
homeless,housed
uncomfortable,comfortable
nonprofit,for-profit
lift,drop
antitrust,pro-trust
premier,inferior
satisfactory,unsatisfactory
crisp,soggy
lavish,frugal
futures,pasts
inclusive,exclusive
infect,cure
asset,liability
insert,remove
wooden,metallic
worst,best
sluggish,energetic
brown,white
tighten,loosen
expensive,cheap
sister,brother
capitalist,socialist
affluent,impoverished
war,peace
ceiling,floor
illness,health
speculative,factual
poetic,prosaic
uncertainty,certainty
collective,individual
analog,digital
defense,offense
accept,reject
dim,bright
cash,credit
more,less
ethnic,non-ethnic
virtual,real
wealth,poverty
dense,sparse
wife,husband
dusk,dawn
stable,unstable
correct,incorrect
sinful,virtuous
communal,individualistic
physiological,psychological
unrealistic,realistic
colossal,tiny
injure,heal
think,forget
spectral,nonspectral
isolated,connected
ugly,beautiful
unsuccessful,successful
kickoff,endgame
powerless,powerful
minus,plus
stationary,moving
subdued,vibrant
spurious,authentic
atomic,molecular
harsh,gentle
buy,sell
restricted,unrestricted
child,adult
diluted,concentrated
insecurity,security
commercial,residential
manage,struggle
discredit,credit
urban,rural
involuntary,voluntary
fit,unfit
defence,attack
decipher,encrypt
reject,accept
visionary,practical
accelerate,decelerate
forbidden,allowed
retail,wholesale
serious,funny
boo,cheer
signal,noise
goofy,serious
wedge,flat
junior,senior
illegitimate,legitimate
fail,succeed
raw,cooked
exact,approximate
dead,alive
systemic,nonsystemic
omit,include
block,unblock
please,thank you
equality,inequality
analogy,discrepancy
integrate,differentiate
leader,follower
rise,fall
connected,disconnected
stay,leave
effective,ineffective
stadium,field
proper,improper
side,center
vanish,appear
totalitarian,democratic
magnetic,nonmagnetic
susceptibility,resistance
unification,separation
real,fake
vice,virtue
death,life
penal,rewarding
let,prevent
intolerance,tolerance
catchy,forgettable
night,day
failure,success
enjoy,dislike
outdoor,indoor
revive,expire
dreadful,delightful
noble,ignoble
citizen,foreigner
inclined,level
gloomy,cheerful
competent,incompetent
mercy,cruelty
part,whole
worldly,spiritual
average,exceptional
brutal,gentle
dysfunctional,functional
broad,narrow
half,full
follow,lead
monstrous,tiny
conclusion,introduction
worn,new
existential,nonexistent
bankrupt,solvent
act,react
arrive,depart
appropriate,inappropriate
ornament,plain
informative,misleading
elusive,obvious
diagonal,straight
selfish,altruistic
rim,center
nasty,nice
poisonous,nonpoisonous
unwilling,willing
mutual,individual
paranormal,normal
green,red
nice,mean
innocence,guilt
live,die
cooperation,competition
stop,go
prevent,cause
annual,perennial
blindness,sight
disruptive,harmonious
typical,atypical
negative,positive
innocent,guilty
curiosity,apathy
split,join
socialism,capitalism
heaven,hell
daughter,son
secure,insecure
hopeless,hopeful
forthcoming,reticent
rush,relax
theoretical,practical
simple,complex
doubt,certainty
compulsory,optional
essential,nonessential
close,far
unnatural,natural
analogous,dissimilar
unconventional,conventional
denial,acceptance
insufficient,sufficient
succumb,resist
acute,chronic
dark,light
fire,water
worried,relaxed
triple,single
fiction,nonfiction
sick,healthy
abnormal,normal
marriage,divorce
muff,sharp
decrypt,encrypt
teenage,elderly
swear,praise
spending,saving
despise,admire
elevate,depress
symptom,cure
constitutional,unconstitutional
shiny,dull
lie,truth
strange,familiar
rest,work
reasonable,unreasonable
draft,final
relax,stress
pleasant,unpleasant
acid,base
special,ordinary
irrelevant,relevant
law,crime
implicit,explicit
humble,arrogant
magical,mundane
unpopular,popular
incompatible,compatible
truth,lie
succeed,fail
strip,solid
historical,contemporary
unintended,intended
vary,remain constant
winter,summer
ability,inability
everybody,nobody
mythical,realistic
source,destination
statutory,non-statutory
floor,ceiling
capitalism,socialism
starve,feast
mountain,valley
bored,interested
blank,filled
withdraw,deposit
problematic,unproblematic
aerial,grounded
costly,cheap
spread,gather
row,column
face,back
deliberate,impulsive
divine,profane
supply,demand
slender,plump
socialist,capitalist
mode,median
rusty,shiny
scarcity,abundance
sadness,happiness
mineral,animal
discharge,charge
indigenous,non-indigenous
difference,similarity
endemic,widespread
analytical,intuitive
irreversible,reversible
violent,peaceful
moral,immoral
skew,straight
immortal,mortal
deduction,induction
childhood,adulthood
sanction,penalty
reversible,irreversible
affordable,expensive
little,big
internal,external
obligatory,optional
anxious,calm
admit,deny
presence,absence
retard,advance
ultraviolet,infrared
replication,original
much,little
salty,sweet
profound,superficial
wretched,blessed
discourage,encourage
progress,regress
generate,consume
minute,hour
nervous,calm
remarkable,unremarkable
endure,quit
void,full
plastic,glass
rotten,fresh
undertake,abandon
pray,blaspheme
criminal,law-abiding citizen
packed,empty
retrospective,prospective
ascent,descent
take,give
tense,relaxed
fearful,brave
slack,tight
partial,complete
attached,detached
surplus,deficit
unfamiliar,familiar
guilty,innocent
healthy,unhealthy
abundant,scarce
voluntary,involuntary
far,near
reluctant,eager
commencement,termination
evening,morning
normative,deviant
reduced,increased
consent,dissent
chill,heat
childish,mature
surface,depth
unveil,conceal
luxurious,basic
blue,red
human,animal
boycott,support
poor,rich
unofficial,official
different,similar
recover,deteriorate
motion,stillness
ridiculous,sensible
minority,majority
expire,renew
know,ignore
set,unset
hawk,dove
specified,unspecified
second,first
query,response
cheerful,gloomy
bust,boom
honest,dishonest
compassionate,cruel
suffer,enjoy
passive,active
heat,cool
vulnerable,invulnerable
incur,credit
pale,vibrant
incredible,unbelievable
virtuous,sinful
push,pull
early,late
coastal,inland
paid,unpaid
enough,insufficient
uncommon,common
morning,evening
issue,solution
origin,destination
multinational,local
useless,useful
spacious,cramped
vulgar,refined
powerful,weak
poverty,wealth
match,mismatch
lean,fat
services,disservices
perpetual,temporary
valuable,worthless
good,bad
reassure,worry
terminal,initial
fortunate,unfortunate
offensive,defensive
lyric,instrumental
even,odd
raise,lower
bears,cubs
worthy,unworthy
grandson,grandmother
precise,vague
dress,undress
call,hang up
health,disease
corresponding,noncorresponding
sizeable,insignificant
transgress,comply
unfit,fit
confront,avoid
expose,conceal
frequent,infrequent
savage,civilized
barrel,cylinder
standing,sitting
growth,decline
embryonic,mature
rocky,smooth
unlock,lock
disorder,order
break,fix
complainant,defendant
stranger,familiar
lights,shadows
outdated,modern
offend,appease
prosperous,impoverished
prolonged,short-lived
extensive,limited
anti,pro
fragile,durable
due,overdue
unused,used
ease,difficulty
dove,hawk
circumference,diameter
tame,wild
cubic,spherical
sizable,insignificant
preparation,improvisation
free,expensive
hide,reveal
lateral,medial
add,subtract
artificial,natural
galactic,terrestrial
integrated,segregated
embark,disembark
brief,lengthy
prominent,obscure
adjacent,distant
supporter,opponent
conserve,waste
disparate,similar
beg,end
untrue,true
detach,attach
hideous,beautiful
large,small
arrogant,humble
core,periphery
nationalist,internationalist
descent,ascent
unemployed,employed
change,stay the same
marine,terrestrial
playful,serious
mental,physical
tangible,intangible
man,woman
inconvenient,convenient
skyrocket,plummet
metaphysical,physical
immense,tiny
someone,no one
mandatory,optional
bound,free
cosmic,terrestrial
graduating,enrolling
father,mother
yellow,blue
base,peak
upstairs,downstairs
brethren,sistren
bless,curse
fate,free will
adverse,favorable
despair,hope
painful,pleasurable
clever,stupid
enormous,tiny
addition,subtraction
fine,coarse
analogue,digital
mobile,stationary
disagreement,agreement
bilateral,unilateral
hostile,friendly
liability,asset
prohibit,allow
modern,traditional
usual,unusual
amplify,diminish
stupidity,intelligence
intellectual,unintellectual
lifelong,temporary
harmless,harmful
sorry,forgiven
fluid,solid
off,on
necessary,unnecessary
justify,condemn
local,foreign
wake,sleep
assembly,disassembly
hate,love
imported,domestic
eligible,ineligible
credible,incredible
imprison,free
applicable,inapplicable
gain,loss
ending,beginning
venerable,disreputable
yield,resist
uphold,undermine
great,terrible
dubious,certain
weird,normal
required,optional
temporary,permanent
uncertain,certain
latent,manifest
unfavorable,favorable
decentralized,centralized
outset,conclusion
inspire,discourage
subjective,objective
meet,part
fault,merit
damp,dry
solution,problem
grand,petty
heresy,orthodoxy
unstable,stable
enlightenment,ignorance
mourn,celebrate
sure,unsure
tall,short
doubtful,certain
confused,clear-minded
apply,remove
late,early
dismiss,appoint
teen,adult
love,hate
similar,different
weaken,strengthen
believe,doubt
southwestern,northeastern
island,mainland
triumph,defeat
rude,polite
possible,impossible
selective,indiscriminate
joint,individual
context,content
public,private
adjust,maintain
ineffective,effective
vacant,occupied
ripe,unripe
challenging,simple
particular,general
detriment,benefit
copy,original
enforce,repeal
customary,unusual
urge,resist
error,correct
blur,sharp
grotesque,beautiful
fruitful,unfruitful
cosmetic,natural
inaccurate,accurate
hazardous,safe
guilt,innocence
middle,ends
wild,tame
make,destroy
paternal,maternal
shut,open
intelligence,ignorance
permit,prohibit
decrease,increase
universal,specific
chaotic,orderly
consumer,producer
vital,nonessential
northern,southern
imitate,originate
makeshift,permanent
horizontal,vertical
bipartisan,partisan
enemy,friend
disconnected,connected
messy,neat
aware,unaware
nobody,everybody
literal,figurative
unaware,aware
low,high
unpleasant,pleasant
sovereign,subservient
disability,ability
infertility,fertility
bounce,stick
uncover,cover
inequality,equality
refrain,indulge
contingency,certainty
mind,body
imaginary,real
front,back
win,lose
suffix,prefix
indirect,direct
meaningless,meaningful
inert,active
veil,reveal
feasible,infeasible
centralized,decentralized
willing,unwilling
cloud,sky
finish,start
resist,surrender
unexpected,expected
stretch,shrink
deficient,abundant
nuclear,renewable
approach,retreat
support,oppose
shorten,lengthen
equipped,unequipped
routine,spontaneous
informal,formal
considerable,insignificant
contrary,similar
circular,square
inexperienced,experienced
philosophical,practical
pull,push
ancient,modern
miniature,giant
oxidation,reduction
immediate,delayed
inclusion,exclusion
dominant,submissive
elementary,advanced
fast,slow
happy,unhappy
strict,lenient
lousy,excellent
can,cannot
goodness,evil
absence,presence
weakening,strengthening
brilliant,dull
lengthy,brief
impede,facilitate
comprehensive,limited
diverse,uniform
confusing,clear
peculiar,normal
arm,leg
prefrontal,posterior
virtue,vice
place,displace
exempt,liable
upper,lower
fair,unfair
unsafe,safe
section,whole
unique,common
miss,hit
unworthy,worthy
alive,dead
madness,sanity
indoor,outdoor
inaccessible,accessible
intimate,distant
singular,plural
shrink,expand
vicious,gentle
accessible,inaccessible
bravery,cowardice
bondage,freedom
abandon,adopt
abandon,defend
abandon,occupy
abandon,seek
abandon,advocate
abandon,favor
abandon,prosecute
abandon,support
abandon,assert
abandon,haunt
abandon,protect
abandon,undertake
abandon,cherish
abandon,hold
abandon,pursue
abandon,uphold
abandon,claim
abandon,keep
abandon,retain
abandon,vindicate
abandon,court
abandon,maintain
abase,advance
abase,elevate
abase,honor
abase,raise
abase,aggrandize
abase,exalt
abase,promote
abase,uplift
abase,dignify
abash,animate
abash,cheer
abash,encourage
abash,rally
abash,buoy
abash,embolden
abash,inspirit
abash,uphold
abate,aggravate
abate,enhance
abate,foment
abate,rage
abate,amplify
abate,enlarge
abate,increase
abate,raise
abate,continue
abate,extend
abate,magnify
abate,revive
abate,develop
abet,baffle
abet,deter
abet,dissuade
abet,hinder
abet,confound
abet,disapprove
abet,expose
abet,impede
abet,counteract
abet,disconcert
abet,frustrate
abet,obstruct
abet,denounce
abet,discourage
abhor,admire
abhor,crave
abhor,esteem
abhor,love
abhor,approve
abhor,desire
abhor,like
abhor,relish
abhor,covet
abhor,enjoy
abide,abandon
abide,forfeit
abide,migrate
abide,reject
abide,avoid
abide,forfend
abide,move
abide,resist
abide,depart
abide,journey
abide,proceed
abide,shun
abolish,authorize
abolish,establish
abolish,reinstate
abolish,revive
abolish,cherish
abolish,institute
abolish,renew
abolish,set up
abolish,confirm
abolish,introduce
abolish,repair
abolish,support
abolish,continue
abolish,legalize
abolish,restore
abolish,sustain
abolish,enact
abolish,promote
abomination,affection
abomination,blessing
abomination,enjoyment
abomination,joy
abomination,appreciation
abomination,delight
abomination,esteem
abomination,satisfaction
abomination,approval
abomination,desire
abomination,gratification
abomination,treat
abomination,benefit
absolute,accountable
absolute,constitutional
absolute,gentle
absolute,lowly
absolute,responsible
absolute,complaisant
absolute,contingent
absolute,humble
absolute,meek
absolute,submissive
absolute,compliant
absolute,docile
absolute,lenient
absolute,mild
absolute,yielding
absolute,conditional
absolute,ductile
absolute,limited
absolve,accuse
absolve,charge
absolve,condemn
absolve,impeach
absolve,obligate
absolve,bind
absolve,compel
absolve,convict
absolve,inculpate
absolve,oblige
absorb,cast out
absorb,dissipate
absorb,emit
absorb,put forth
absorb,shoot forth
absorb,disgorge
absorb,distract
absorb,exude
absorb,radiate
absorb,throw off
absorb,disperse
absorb,eject
absorb,give up
absorb,send out
absorb,vomit
abstinence,drunkenness
abstinence,greed
abstinence,reveling
abstinence,sensuality
abstinence,excess
abstinence,intemperance
abstinence,revelry
abstinence,wantonness
abstinence,gluttony
abstinence,intoxication
abstinence,self-indulgence
abstract,add
abstract,complete
abstract,fill up
abstract,restore
abstract,unite
abstract,combine
abstract,conjoin
abstract,increase
abstract,strengthen
abstracted,alert
abstracted,on hand
abstracted,ready
abstracted,wide-awake
abstracted,attentive
abstracted,prompt
abstracted,thoughtful
absurd,certain
absurd,incontrovertible
absurd,rational
absurd,substantial
absurd,consistent
absurd,indisputable
absurd,reasonable
absurd,true
absurd,demonstrable
absurd,indubitable
absurd,sagacious
absurd,undeniable
absurd,demonstrated
absurd,infallible
absurd,sensible
absurd,unquestionable
absurd,established
absurd,logical
absurd,sound
absurd,wise
absurd,incontestable
abuse,applaud
abuse,conserve
abuse,favor
abuse,protect
abuse,sustain
abuse,benefit
abuse,consider
abuse,laud
abuse,regard
abuse,tend
abuse,care for
abuse,eulogize
abuse,panegyrize
abuse,respect
abuse,uphold
abuse,cherish
abuse,extol
abuse,praise
abuse,shield
abuse,vindicate
accessory,adversary
accessory,chief
accessory,foe
accessory,leader
accessory,principal
accessory,antagonist
accessory,commander
accessory,hinderer
accessory,opponent
accessory,rival
accessory,betrayer
accessory,enemy
accessory,instigator
accessory,opposer
accident,appointment
accident,decree
accident,intention
accident,ordainment
accident,preparation
accident,calculation
accident,fate
accident,law
accident,ordinance
accident,provision
accident,certainty
accident,foreordination
accident,necessity
accident,plan
accident,purpose
acquaintance,ignorance
acquaintance,ignoring
acquaintance,inexperience
acquaintance,unfamiliarity
acrimony,amiability
acrimony,gentleness
acrimony,kindness
acrimony,smoothness
acrimony,courtesy
acrimony,good nature
acrimony,mildness
acrimony,sweetness
act,cessation
act,immobility
act,inertia
act,quiet
act,suffering
act,deliberation
act,inaction
act,passion
act,[A]repose
act,suspension
act,endurance
act,inactivity
act,quiescence
act,rest
act,[A] In philosophic sense
active,dull
active,inactive
active,lazy
active,slow
active,heavy
active,indolent
active,quiescent
active,sluggish
active,idle
active,inert
active,quiet
active,stupid
acumen,bluntness
acumen,dulness
acumen,obtuseness
acumen,stupidity
add,abstract
add,diminish
add,lessen
add,remove
add,withdraw
add,deduct
add,dissever
add,reduce
add,subtract
addicted,averse
addicted,disinclined
addicted,indisposed
addicted,unaccustomed
address,avoid
address,elude
address,overlook
address,pass by
address,cut
address,ignore
address,pass
address,shun
address,awkwardness
address,clumsiness
address,ill-breeding
address,stupidity
address,boorishness
address,fatuity
address,ill manners
address,unmannerliness
address,clownishness
address,folly
address,rudeness
address,unwisdom
adequate,disqualified
adequate,inferior
adequate,unequal
adequate,unsatisfactory
adequate,useless
adequate,inadequate
adequate,insufficient
adequate,unfit
adequate,unsuitable
adequate,worthless
adequate,incompetent
adequate,poor
adequate,unqualified
adherent,adversary
adherent,betrayer
adherent,enemy
adherent,opponent
adherent,traitor
adherent,antagonist
adherent,deserter
adherent,hater
adherent,renegade
adhesive,free
adhesive,inadhesive
adhesive,loose
adhesive,separable
adjacent,detached
adjacent,disconnected
adjacent,disjoined
adjacent,distant
adjacent,remote
adjacent,separate
admire,abhor
admire,contemn
admire,detest
admire,execrate
admire,ridicule
admire,abominate
admire,despise
admire,dislike
admire,hate
admire,scorn
adorn,deface
adorn,deform
adorn,disfigure
adorn,mar
adorn,spoil
affront,conciliate
affront,content
affront,gratify
affront,honor
affront,please
agent,chief
agent,inventor
agent,originator
agent,principal
agree,contend
agree,demur
agree,disagree
agree,oppose
agree,contradict
agree,deny
agree,dispute
agree,protest
agree,decline
agree,differ
agree,dissent
agree,refuse
aim,aimlessness
aim,heedlessness
aim,negligence
aim,purposelessness
aim,avoidance
aim,neglect
aim,oversight
aim,thoughtlessness
aim,carelessness
airy,clumsy
airy,heavy
airy,ponderous
airy,sluggish
airy,wooden
airy,dull
airy,inert
airy,slow
airy,stony
alarm,assurance
alarm,calmness
alarm,confidence
alarm,repose
alarm,security
alert,drowsy
alert,dull
alert,heavy
alert,inactive
alert,slow
alert,sluggish
alert,stupid
alien,akin
alien,apropos
alien,germane
alien,proper
alien,appropriate
alien,essential
alien,pertinent
alien,relevant
alien,citizen
alien,fellow-countryman
alien,native-born inhabitant
alien,countryman
alien,native
alien,naturalized person
alike,different
alike,dissimilar
alike,distinct
alike,heterogeneous
alike,unlike
alive,dead
alive,defunct
alive,dull
alive,lifeless
alive,deceased
alive,dispirited
alive,inanimate
alive,spiritless
allay,agitate
allay,excite
allay,kindle
allay,rouse
allay,stir up
allay,arouse
allay,fan
allay,provoke
allay,stir
allegiance,disaffection
allegiance,disloyalty
allegiance,rebellion
allegiance,sedition
allegiance,treason
allegory,chronicle
allegory,fact
allegory,history
allegory,narrative
allegory,record
alleviate,aggravate
alleviate,embitter
alleviate,heighten
alleviate,intensify
alleviate,make worse
alleviate,augment
alleviate,enhance
alleviate,increase
alleviate,magnify
alliance,antagonism
alliance,disunion
alliance,enmity
alliance,schism
alliance,separation
alliance,discord
alliance,divorce
alliance,hostility
alliance,secession
alliance,war
allot,appropriate
allot,deny
allot,resume
allot,seize
allot,confiscate
allot,refuse
allot,retain
allot,withhold
allow,deny
allow,disapprove
allow,protest
allow,reject
allow,withstand
allow,disallow
allow,forbid
allow,refuse
allow,resist
allow,See also synonyms for PROHIBIT
allure,chill
allure,damp
allure,deter
allure,dissuade
allure,drive away
allure,repel
allure,warn
also,but
also,nevertheless
also,on the contrary
also,yet
also,in spite of
also,notwithstanding
also,on the other hand
alternative,compulsion
alternative,necessity
amass,disperse
amass,divide
amass,portion
amass,spend
amass,waste
amass,dissipate
amass,parcel
amass,scatter
amass,squander
amazement,anticipation
amazement,composure
amazement,expectation
amazement,preparation
amazement,steadiness
amazement,calmness
amazement,coolness
amazement,indifference
amazement,self-possession
amazement,stoicism
ambition,carelessness
ambition,contentment
ambition,humility
ambition,indifference
ambition,satisfaction
amend,aggravate
amend,debase
amend,harm
amend,mar
amend,tarnish
amend,blemish
amend,depress
amend,impair
amend,spoil
amend,vitiate
amend,corrupt
amend,deteriorate
amend,injure
amiable,acrimonious
amiable,crusty
amiable,hateful
amiable,ill-tempered
amiable,surly
amiable,churlish
amiable,disagreeable
amiable,ill-conditioned
amiable,morose
amiable,unamiable
amiable,crabbed
amiable,dogged
amiable,ill-humored
amiable,sour
amiable,unlovely
amiable,cruel
amiable,gruff
amiable,ill-natured
amiable,sullen
amid,afar from
amid,away from
amid,beyond
amid,far from
amid,outside
amid,without
amplify,abbreviate
amplify,amputate
amplify,condense
amplify,cut down
amplify,reduce
amplify,summarize
amplify,abridge
amplify,"""boil down"
amplify,"""curtail"
amplify,epitomize
amplify,retrench
amplify,sum up
analogy,disagreement
analogy,disproportion
analogy,dissimilarity
analogy,incongruity
analogy,unlikeness
anger,amiability
anger,leniency
anger,mildness
anger,peacefulness
anger,charity
anger,lenity
anger,patience
anger,self-control
anger,forbearance
anger,long-suffering
anger,peace
anger,self-restraint
anger,gentleness
anger,love
anger,peaceableness
animal,angel
animal,man
animal,mind
animal,soul
animal,substance (material)
animal,inanimate object
animal,matter
animal,mineral
animal,spirit
animal,vegetable
announce,bury
announce,cover (up)
announce,hush
announce,keep secret
announce,suppress
announce,conceal
announce,hide
announce,keep back
announce,secrete
announce,withhold
anticipate,despair of
anticipate,doubt
anticipate,dread
anticipate,fear
anticipate,recall
anticipate,recollect
anticipate,remember
anticipate,distrust
anticipation,astonishment
anticipation,despair
anticipation,dread
anticipation,fear
anticipation,surprise
anticipation,consummation
anticipation,doubt
anticipation,enjoyment
anticipation,realization
anticipation,wonder
antipathy,affinity
antipathy,attraction
antipathy,fellow-feeling
antipathy,kindliness
antipathy,sympathy
antipathy,agreement
antipathy,congeniality
antipathy,harmony
antipathy,regard
antique,fashionable
antique,fresh
antique,modern
antique,modish
antique,new
antique,recent
antique,stylish
anxiety,apathy
anxiety,calmness
anxiety,confidence
anxiety,light-heartedness
anxiety,satisfaction
anxiety,assurance
anxiety,carelessness
anxiety,ease
anxiety,nonchalance
anxiety,tranquillity
apathy,agitation
apathy,disturbance
apathy,feeling
apathy,sensibility
apathy,sympathy
apathy,alarm
apathy,eagerness
apathy,frenzy
apathy,sensitiveness
apathy,turbulence
apathy,anxiety
apathy,emotion
apathy,fury
apathy,storm
apathy,vehemence
apathy,care
apathy,excitement
apathy,passion
apathy,susceptibility
apathy,violence
apathy,distress
apiece,accumulatively
apiece,confusedly
apiece,indiscriminately
apiece,together
apiece,unitedly
apiece,collectively
apiece,_en masse_
apiece,synthetically
apology,accusation
apology,charge
apology,condemnation
apology,injury
apology,offense
apology,censure
apology,complaint
apology,imputation
apology,insult
apology,wrong
apparent,doubtful
apparent,dubious
apparent,improbable
apparent,unimaginable
apparent,unlikely
appear,be
appear,be certain
appear,real
appear,_or_ true
appear,be the fact
appear,exist
appendage,main body
appendage,original
appendage,total
appendage,whole
appetite,antipathy
appetite,disgust
appetite,distaste
appetite,indifference
appetite,repugnance
appetite,aversion
appetite,dislike
appetite,hatred
appetite,loathing
appetite,repulsion
appetite,detestation
appetite,disrelish
appetite,Compare ANTIPATHY
apportion,cling to
apportion,consolidate
apportion,gather together
apportion,receive
apportion,collect
apportion,divide arbitrarily
apportion,keep together
apportion,retain
approximation,difference
approximation,distance
approximation,error
approximation,remoteness
approximation,unlikeness
approximation,variation
arraign,acquit
arraign,discharge
arraign,exonerate
arraign,overlook
arraign,release
arraign,condone
arraign,excuse
arraign,forgive
arraign,pardon
arraign,set free
arrest,discharge
arrest,dismiss
arrest,free
arrest,liberate
arrest,release
arrest,set free
artifice,artlessness
artifice,frankness
artifice,ingenuousness
artifice,openness
artifice,sincerity
artifice,candor
artifice,guilelessness
artifice,innocence
artifice,simplicity
artifice,truth
artifice,fairness
artifice,honesty
ask,claim
ask,deny
ask,enforce
ask,exact
ask,extort
ask,insist
ask,refuse
ask,reject
ask,command
associate,antagonist
associate,foe
associate,hinderer
associate,opponent
associate,opposer
associate,rival
associate,stranger
associate,enemy
association,disintegration
association,independence
association,isolation
association,separation
association,solitude
assurance,bashfulness
assurance,consternation
assurance,distrust
assurance,hesitancy
assurance,shyness
assurance,confusion
assurance,dismay
assurance,doubt
assurance,misgiving
assurance,timidity
astute,blind
astute,idiotic
astute,shallow
astute,stolid
astute,undiscerning
astute,dull
astute,imbecile
astute,short-sighted
astute,stupid
astute,unintelligent
attachment,alienation
attachment,aversion
attachment,distance
attachment,estrangement
attachment,repugnance
attachment,animosity
attachment,coolness
attachment,divorce
attachment,indifference
attachment,separation
attachment,antipathy
attachment,dislike
attachment,enmity
attachment,opposition
attachment,severance
attack,aid
attack,cover
attack,protect
attack,shelter
attack,support
attack,uphold
attack,befriend
attack,defend
attack,resist
attack,shield
attack,sustain
attack,withstand
attack,defense
attack,repulsion
attack,resistance
attack,retreat
attack,submission
attack,surrender
attain,abandon
attain,fail
attain,forfeit
attain,give up
attain,let go
attain,lose
attain,miss
attribute,deny
attribute,disconnect
attribute,dissociate
attribute,separate
attribute,sever
attribute,sunder
attribute,being
attribute,essence
attribute,nature
attribute,substance
augur,assure
augur,demonstrate
augur,establish
augur,make sure
augur,settle
augur,calculate
augur,determine
augur,insure
augur,prove
augur,warrant
authentic,apocryphal
authentic,counterfeit
authentic,exploded
authentic,false
authentic,spurious
authentic,baseless
authentic,disputed
authentic,fabulous
authentic,fictitious
authentic,unauthorized
auxiliary,antagonist
auxiliary,hinderer
auxiliary,opponent
auxiliary,opposer
avaricious,bountiful
avaricious,free
avaricious,generous
avaricious,liberal
avaricious,munificent
avaricious,prodigal
avaricious,wasteful
avow,contradict
avow,deny
avow,disavow
avow,disclaim
avow,disown
avow,ignore
avow,repudiate
awful,base
awful,contemptible
awful,inferior
awful,paltry
awful,beggarly
awful,despicable
awful,lowly
awful,undignified
awful,commonplace
awful,humble
awful,mean
awful,vulgar
awkward,adroit
awkward,clever
awkward,dexterous
awkward,handy
awkward,skilful
axiom,absurdity
axiom,contradiction
axiom,demonstration
axiom,nonsense
axiom,paradox
axiom,sophism
barbarous,civilized
barbarous,cultured
barbarous,elegant
barbarous,humane
barbarous,polite
barbarous,tender
barbarous,courtly
barbarous,delicate
barbarous,graceful
barbarous,nice
barbarous,refined
barbarous,urbane
barrier,admittance
barrier,opening
barrier,road
barrier,transit
barrier,entrance
barrier,passage
barrier,thoroughfare
barrier,way
battle,armistice
battle,concord
battle,peace
battle,suspension of hostilities
battle,truce
beat,fail
beat,fall
beat,get the worst of
beat,go down
beat,go under
beat,surrender
beat,Almost all antonyms in this class are passive
beat,and can be formed
beat,indefinitely from the conquering words by the use of the auxiliary _be_;
beat,as
beat,be beaten
beat,be defeated
beat,be conquered
beat,etc
beautiful,awkward
beautiful,frightful
beautiful,grotesque
beautiful,repulsive
beautiful,uncouth
beautiful,clumsy
beautiful,ghastly
beautiful,hideous
beautiful,shocking
beautiful,ungainly
beautiful,deformed
beautiful,grim
beautiful,horrid
beautiful,ugly
beautiful,unlovely
beautiful,disgusting
beautiful,grisly
beautiful,odious
beautiful,unattractive
beautiful,unpleasant
because,altho
because,however
because,nevertheless
because,notwithstanding
because,yet
because,Compare synonyms for BUT; NOTWITHSTANDING
becoming,awkward
becoming,ill-fitting
becoming,indecent
becoming,unbecoming
becoming,unseemly
becoming,ill-becoming
becoming,improper
becoming,indecorous
becoming,unfit
becoming,unsuitable
beginning,See synonyms for END
benevolence,barbarity
benevolence,greediness
benevolence,ill-will
benevolence,malignity
benevolence,self-seeking
benevolence,brutality
benevolence,harshness
benevolence,inhumanity
benevolence,niggardliness
benevolence,stinginess
benevolence,churlishness
benevolence,illiberality
benevolence,malevolence
benevolence,selfishness
benevolence,unkindness
bind,free
bind,loose
bind,set free
bind,unbind
bind,unfasten
bind,unloose
bind,untie
bitter,dulcet
bitter,honeyed
bitter,luscious
bitter,nectared
bitter,saccharine
bitter,sweet
bleach,blacken
bleach,color
bleach,darken
bleach,dye
bleach,soil
bleach,stain
bluff,bland
bluff,genial
bluff,polished
bluff,polite
bluff,refined
bluff,reserved
bluff,urbane
bluff,courteous
body,intellect
body,intelligence
body,mind
body,soul
body,spirit
both,each
both,either
both,every
both,neither
both,none
both,no one
both,not any
boundary,center
boundary,citadel
boundary,estate
boundary,inside
boundary,interior
boundary,land
boundary,region
boundary,territory
brave,afraid
brave,cringing
brave,fearful
brave,pusillanimous
brave,timid
brave,cowardly
brave,faint-hearted
brave,frightened
brave,shrinking
brave,timorous
break,attach
break,bind
break,fasten
break,join
break,mend
break,secure
break,solder
break,unite
break,weld
brutish,elevated
brutish,exalted
brutish,great
brutish,intellectual
brutish,noble
brutish,enlightened
brutish,grand
brutish,humane
brutish,intelligent
brutish,refined
burn,cool
burn,extinguish
burn,put out
burn,smother
burn,stifle
burn,subdue
call,be silent
call,be still
call,hark
call,hearken
call,hush
call,list
call,listen
calm,agitated
calm,excited
calm,frenzied
calm,passionate
calm,ruffled
calm,violent
calm,boisterous
calm,fierce
calm,furious
calm,raging
calm,stormy
calm,wild
calm,disturbed
calm,frantic
calm,heated
calm,roused
calm,turbulent
calm,wrathful
cancel,approve
cancel,enact
cancel,establish
cancel,perpetuate
cancel,reenact
cancel,uphold
cancel,confirm
cancel,enforce
cancel,maintain
cancel,record
cancel,sustain
cancel,write
candid,adroit
candid,cunning
candid,diplomatic
candid,intriguing
candid,sharp
candid,subtle
candid,artful
candid,deceitful
candid,foxy
candid,knowing
candid,shrewd
candid,tricky
candid,crafty
candid,designing
candid,insincere
candid,maneuvering
candid,sly
candid,wily
care,carelessness
care,inattention
care,negligence
care,oversight
care,remissness
care,disregard
care,indifference
care,omission
care,recklessness
care,slight
care,heedlessness
care,neglect
caress,See synonyms for AFFRONT
carry,drop
carry,fall under
carry,give up
carry,let go
carry,shake off
carry,throw down
carry,throw off
catastrophe,benefit
catastrophe,boon
catastrophe,favor
catastrophe,pleasure
catastrophe,prosperity
catastrophe,blessing
catastrophe,comfort
catastrophe,help
catastrophe,privilege
catastrophe,success
catch,fail of
catch,give up
catch,lose
catch,release
catch,throw aside
catch,fall short of
catch,let go
catch,miss
catch,restore
catch,throw away
cause,consequence
cause,development
cause,end
cause,fruit
cause,outcome
cause,product
cause,creation
cause,effect
cause,event
cause,issue
cause,outgrowth
cause,result
cease,begin
cease,inaugurate
cease,originate
cease,set going
cease,set on foot
cease,commence
cease,initiate
cease,set about
cease,set in operation
cease,start
cease,enter upon
cease,institute
celebrate,contemn
celebrate,dishonor
celebrate,forget
celebrate,neglect
celebrate,profane
celebrate,despise
celebrate,disregard
celebrate,ignore
celebrate,overlook
celebrate,violate
center,bound
center,boundary
center,circumference
center,perimeter
center,rim
chagrin,delight
chagrin,exultation
chagrin,glory
chagrin,rejoicing
chagrin,triumph
change,abide
change,continue
change,hold
change,persist
change,retain
change,bide
change,endure
change,keep
change,remain
change,stay
change,constancy
change,fixedness
change,invariability
change,steadiness
change,continuance
change,fixity
change,permanence
change,unchangeableness
change,firmness
change,identity
change,persistence
change,uniformity
cherish,See synonyms for ABANDON; CHASTEN
choose,cast away
choose,decline
choose,dismiss
choose,refuse
choose,repudiate
choose,cast out
choose,disclaim
choose,leave
choose,reject
choose,throw aside
circumlocution,brevity
circumlocution,compression
circumlocution,condensation
circumlocution,plainness
circumlocution,succinctness
circumlocution,compactness
circumlocution,conciseness
circumlocution,directness
circumlocution,shortness
circumlocution,terseness
cleanse,befoul
cleanse,bespatter
cleanse,debase
cleanse,deprave
cleanse,soil
cleanse,stain
cleanse,taint
cleanse,besmear
cleanse,contaminate
cleanse,defile
cleanse,pollute
cleanse,spoil
cleanse,sully
cleanse,vitiate
cleanse,besmirch
cleanse,corrupt
clear,ambiguous
clear,dim
clear,foggy
clear,mysterious
clear,opaque
clear,unintelligible
clear,cloudy
clear,dubious
clear,indistinct
clear,obscure
clear,turbid
clear,vague
clever,awkward
clever,clumsy
clever,foolish
clever,ignorant
clever,slow
clever,thick-headed
clever,bungling
clever,dull
clever,idiotic
clever,senseless
clever,stupid
clever,witless
collision,agreement
collision,coincidence
collision,concord
collision,conformity
collision,unison
collision,amity
collision,concert
collision,concurrence
collision,harmony
collision,unity
comfortable,cheerless
comfortable,discontented
comfortable,distressed
comfortable,forlorn
comfortable,uncomfortable
comfortable,disagreeable
comfortable,dissatisfied
comfortable,dreary
comfortable,miserable
comfortable,wretched
company,dispersion
company,loneliness
company,privacy
company,retirement
company,seclusion
company,solitude
compel,See synonyms for HINDER
complain,applaud
complain,approve
complain,commend
complain,eulogize
complain,laud
complain,praise
complex,clear
complex,homogeneous
complex,plain
complex,uncombined
complex,uniform
complex,direct
complex,obvious
complex,simple
complex,uncompounded
complex,unraveled
condemn,absolve
condemn,applaud
condemn,exonerate
condemn,pardon
condemn,acquit
condemn,approve
condemn,justify
condemn,praise
confess,cloak
confess,deny
confess,disown
confess,hide
confess,screen
confess,conceal
confess,disavow
confess,dissemble
confess,mask
confess,secrete
confess,cover
confess,disguise
confess,dissimulate
confess,repudiate
confess,veil
confirm,abrogate
confirm,cancel
confirm,overthrow
confirm,shatter
confirm,upset
confirm,annul
confirm,destroy
confirm,shake
confirm,unsettle
confirm,weaken
congratulate,condole with
congratulate,console
conquer,capitulate
conquer,fail
conquer,fly
conquer,lose
conquer,retire
conquer,submit
conquer,surrender
conquer,cede
conquer,fall
conquer,forfeit
conquer,resign
conquer,retreat
conquer,succumb
conquer,yield
conscious,cold
conscious,dead
conscious,deaf
conscious,ignorant
conscious,insensible
conscious,unaware
conscious,unconscious
console,annoy
console,distress
console,disturb
console,grieve
console,hurt
console,sadden
console,trouble
console,wound
convey,cling to
convey,hold
convey,keep
convey,possess
convey,preserve
convey,retain
convoke,adjourn
convoke,disband
convoke,dismiss
convoke,dissolve
convoke,scatter
convoke,break up
convoke,discharge
convoke,disperse
convoke,prorogue
convoke,separate
criminal,innocent
criminal,lawful
criminal,meritorious
criminal,right
criminal,just
criminal,legal
criminal,moral
criminal,virtuous
daily,nightly
daily,nocturnal
danger,defense
danger,immunity
danger,protection
danger,safeguard
danger,safety
danger,security
danger,shelter
dark,bright
dark,crystalline
dark,glowing
dark,lucid
dark,shining
dark,brilliant
dark,dazzling
dark,illumined
dark,luminous
dark,transparent
dark,clear
dark,gleaming
dark,light
dark,radiant
dark,white
dark,Compare synonyms for LIGHT
deception,candor
deception,frankness
deception,honesty
deception,simplicity
deception,truth
deception,fair dealing
deception,guilelessness
deception,openness
deception,sincerity
deception,veracity
defense,abandonment
defense,betrayal
defense,capitulation
defense,desertion
defense,flight
defense,surrender
defile,clean
defile,cleanse
defile,disinfect
defile,hallow
defile,purify
defile,sanctify
defile,wash
delicious,acrid
delicious,loathsome
delicious,nauseous
delicious,repulsive
delicious,unpalatable
delicious,unsavory
delicious,bitter
delightful,depressing
delightful,hateful
delightful,miserable
delightful,painful
delightful,woful
delightful,disappointing
delightful,horrible
delightful,mournful
delightful,saddening
delightful,wretched
delightful,distressing
delightful,melancholy
delusion,actuality
delusion,certainty
delusion,fact
delusion,reality
delusion,truth
delusion,verity
demolish,build
demolish,construct
demolish,create
demolish,make
demolish,repair
demolish,restore
desire,See synonyms for ANTIPATHY
despair,anticipation
despair,confidence
despair,encouragement
despair,expectation
despair,hopefulness
despair,assurance
despair,courage
despair,expectancy
despair,hope
despair,trust
despair,cheer
despair,elation
die,be born
die,come into being
die,flourish
die,rise again
die,begin
die,come to life
die,grow
die,rise from the dead
die,be immortal
die,exist
die,live
die,survive
difference,agreement
difference,harmony
difference,likeness
difference,sameness
difference,uniformity
difference,consonance
difference,identity
difference,resemblance
difference,similarity
difference,unity
difficult,easy
difficult,facile
difficult,light
difficult,pleasant
difficult,slight
difficult,trifling
difficult,trivial
discover,See synonyms for HIDE
disease,health
disease,robustness
disease,soundness
disease,strength
disease,sturdiness
disease,vigor
disparage,See synonyms for PRAISE
displace,adjust
displace,assort
displace,dispose
displace,order
displace,put in order
displace,set in order
displace,array
displace,classify
displace,group
displace,place
displace,put in place
displace,sort
do,baffle
do,defeat
do,fail
do,mar
do,miss
do,ruin
do,come short
do,destroy
do,frustrate
do,miscarry
do,neglect
do,spoil
docile,determined
docile,inflexible
docile,opinionated
docile,self-willed
docile,wilful
docile,dogged
docile,intractable
docile,resolute
docile,stubborn
docile,unyielding
docile,firm
docile,obstinate
doubt,believe
doubt,depend on
doubt,depend upon
doubt,rely on
doubt,rely upon
doubt,trust
doubt,confide in
doubt,assurance
doubt,certainty
doubt,conviction
doubt,determination
doubt,resolution
doubt,belief
doubt,confidence
doubt,decision
doubt,persuasion
doubt,resolve
draw,alienate
draw,estrange
draw,rebuff
draw,reject
draw,repel
draw,repulse
draw,See synonyms for DRIVE
dream,certainty
dream,fact
dream,reality
dream,realization
dream,substance
dream,verity
dress,bareness
dress,dishabille
dress,exposure
dress,nakedness
dress,nudity
dress,undress
dress,disarray
drive,See synonyms for DRAW
duplicate,archetype
duplicate,model
duplicate,original
duplicate,pattern
duplicate,prototype
eager,apathetic
eager,cool
eager,indifferent
eager,regardless
eager,unconcerned
eager,calm
eager,dispassionate
eager,negligent
eager,stolid
eager,uninterested
eager,careless
eager,frigid
eager,phlegmatic
eager,stony
eager,unmindful
eager,cold
eager,heedless
eager,purposeless
eager,stupid
eager,unmoved
ease,annoyance
ease,difficulty
ease,irritation
ease,trouble
ease,vexation
ease,awkwardness
ease,discomfort
ease,perplexity
ease,uneasiness
ease,worry
ease,constraint
ease,disquiet
education,ignorance
education,illiteracy
education,Compare synonyms for IGNORANT
effrontery,bashfulness
effrontery,diffidence
effrontery,sensitiveness
effrontery,shyness
effrontery,coyness
effrontery,modesty
effrontery,shrinking
effrontery,timidity
egotism,bashfulness
egotism,humility
egotism,self-forgetfulness
egotism,unobtrusiveness
egotism,deference
egotism,modesty
egotism,shyness
egotism,unostentatiousness
egotism,diffidence
egotism,self-distrust
end,See synonyms for BEGIN
end,See synonyms for BEGINNING
endeavor,abandon
endeavor,give up
endeavor,omit
endeavor,throw away
endeavor,dismiss
endeavor,let go
endeavor,overlook
endeavor,throw over
endeavor,drop
endeavor,neglect
endeavor,pass by
endeavor,throw up
endure,break
endure,despair
endure,fail
endure,fall
endure,give out
endure,sink
endure,surrender
endure,break down
endure,droop
endure,faint
endure,falter
endure,give up
endure,succumb
endure,yield
enemy,abettor
enemy,accessory
enemy,accomplice
enemy,ally
enemy,friend
enemy,helper
enemy,supporter
enmity,agreement
enmity,amity
enmity,friendship
enmity,kindliness
enmity,regard
enmity,alliance
enmity,concord
enmity,harmony
enmity,kindness
enmity,sympathy
entertain,annoy
entertain,bore
entertain,busy
entertain,disquiet
entertain,distract
entertain,disturb
entertain,tire
entertain,weary
entertainment,ennui
entertainment,fatigue
entertainment,labor
entertainment,lassitude
entertainment,toil
entertainment,weariness
entertainment,work
enthusiasm,calculation
enthusiasm,caution
enthusiasm,deadness
enthusiasm,indifference
enthusiasm,policy
enthusiasm,timidity
enthusiasm,calmness
enthusiasm,coldness
enthusiasm,dulness
enthusiasm,lukewarmness
enthusiasm,prudence
enthusiasm,wariness
entrance,departure
entrance,ejection
entrance,exit
entrance,refusal
entrance,withdrawal
entrance,egress
entrance,exclusion
entrance,expulsion
entrance,rejection
envious,contented
envious,friendly
envious,kindly
envious,satisfied
envious,trustful
envious,well-disposed
equivocal,certain
equivocal,evident
equivocal,lucid
equivocal,perspicuous
equivocal,unequivocal
equivocal,clear
equivocal,indisputable
equivocal,manifest
equivocal,plain
equivocal,unquestionable
equivocal,distinct
equivocal,indubitable
equivocal,obvious
equivocal,unambiguous
equivocal,unquestioned
esteem,abhorrence
esteem,aversion
esteem,dislike
esteem,loathing
esteem,antipathy
esteem,contempt
esteem,hatred
esteem,repugnance
evident,concealed
evident,impalpable
evident,latent
evident,secret
evident,unknown
evident,covert
evident,impenetrable
evident,obscure
evident,undiscovered
evident,unseen
evident,dark
evident,imperceptible
evident,occult
evident,unimagined
evident,unthought-of
evident,hidden
evident,invisible
excess,dearth
excess,destitution
excess,frugality
excess,lack
excess,scantiness
excess,defect
excess,economy
excess,inadequacy
excess,need
excess,shortcoming
excess,deficiency
excess,failure
excess,insufficiency
excess,poverty
excess,want
exercise,idleness
exercise,inaction
exercise,inactivity
exercise,relaxation
exercise,rest
expense,gain
expense,proceeds
expense,profit
expense,receipt
expense,return
expense,income
expense,product
expense,profits
expense,receipts
expense,returns
explicit,ambiguous
explicit,implicit
explicit,indefinite
explicit,uncertain
explicit,doubtful
explicit,implied
explicit,indeterminate
explicit,vague
extemporaneous,elaborated
extemporaneous,premeditated
extemporaneous,prepared
extemporaneous,read
extemporaneous,recited
extemporaneous,studied
extemporaneous,written
exterminate,augment
exterminate,build up
exterminate,develop
exterminate,increase
exterminate,populate
exterminate,replenish
exterminate,beget
exterminate,cherish
exterminate,foster
exterminate,plant
exterminate,propagate
exterminate,settle
exterminate,breed
exterminate,colonize
faint,bright
faint,clear
faint,daring
faint,fresh
faint,resolute
faint,sturdy
faint,brilliant
faint,conspicuous
faint,energetic
faint,hearty
faint,strong
faint,vigorous
faith,denial
faith,dissent
faith,doubt
faith,infidelity
faith,rejection
faith,suspicion
faith,disbelief
faith,distrust
faith,incredulity
faith,misgiving
faith,skepticism
faith,unbelief
faithful,capricious
faithful,false
faithful,unfaithful
faithful,untrustworthy
faithful,faithless
faithful,fickle
faithful,untrue
faithful,wavering
fame,contempt
fame,discredit
fame,dishonor
fame,humiliation
fame,infamy
fame,obscurity
fame,contumely
fame,disgrace
fame,disrepute
fame,ignominy
fame,oblivion
fame,shame
fanaticism,cynicism
fanaticism,free-thinking
fanaticism,indifference
fanaticism,latitudinarianism
fanciful,accurate
fanciful,commonplace
fanciful,prosaic
fanciful,regular
fanciful,sound
fanciful,calculable
fanciful,literal
fanciful,real
fanciful,sensible
fanciful,sure
fanciful,calculated
fanciful,ordinary
fanciful,reasonable
fanciful,solid
fanciful,true
fancy,actuality
fancy,certainty
fancy,fact
fancy,reality
fancy,truth
fancy,verity
fear,See synonyms for FORTITUDE
feminine,See synonyms for MASCULINE
fiction,certainty
fiction,fact
fiction,history
fiction,literalness
fiction,reality
fiction,truth
fiction,verity
fierce,affectionate
fierce,gentle
fierce,kind
fierce,patient
fierce,submissive
fierce,tame
fierce,docile
fierce,harmless
fierce,mild
fierce,peaceful
fierce,sweet
fierce,tender
fine,big
fine,clumsy
fine,great
fine,huge
fine,large
fine,stout
fine,blunt
fine,coarse
fine,heavy
fine,immense
fine,rude
fine,thick
fluctuate,abide
fluctuate,adhere
fluctuate,hold fast
fluctuate,persist
fluctuate,stand fast
fluctuate,stay
fluctuate,stick
formidable,contemptible
formidable,feeble
formidable,harmless
formidable,helpless
formidable,powerless
formidable,weak
formidable,despicable
fortunate,broken
fortunate,fallen
fortunate,miserable
fortunate,unhappy
fortunate,woful
fortunate,crushed
fortunate,ill-starred
fortunate,unfortunate
fortunate,unlucky
fortunate,wretched
fraud,fairness
fraud,good faith
fraud,honesty
fraud,integrity
fraud,truth
fraud,uprightness
friendly,adverse
friendly,belligerent
friendly,distant
friendly,ill-disposed
friendly,unfriendly
friendly,alienated
friendly,cold
friendly,estranged
friendly,indifferent
friendly,unkind
friendly,antagonistic
friendly,contentious
friendly,frigid
friendly,inimical
friendly,warlike
friendly,bellicose
friendly,disaffected
friendly,hostile
friendship,See synonyms for BATTLE; ENMITY; FEUD; HATRED
frugality,abundance
frugality,bounty
frugality,liberality
frugality,opulence
frugality,waste
frugality,affluence
frugality,extravagance
frugality,luxury
frugality,riches
frugality,wealth
garrulous,laconic
garrulous,reserved
garrulous,reticent
garrulous,silent
garrulous,speechless
garrulous,taciturn
general,exceptional
general,infrequent
general,rare
general,singular
general,uncommon
general,unknown
general,unusual
generous,avaricious
generous,greedy
generous,mean
generous,niggardly
generous,penurious
generous,rapacious
generous,close
generous,ignoble
generous,miserly
generous,parsimonious
generous,petty
generous,stingy
generous,covetous
generous,illiberal
genius,dulness
genius,folly
genius,imbecility
genius,obtuseness
genius,senselessness
genius,stupidity
get,See synonyms for ABANDON
gift,compensation
gift,earnings
gift,guerdon
gift,penalty
gift,remuneration
gift,wages
govern,be in subjection
govern,be subject
govern,comply
govern,obey
govern,submit
govern,yield
graceful,See synonyms for AWKWARD
grief,See synonyms for HAPPINESS
happiness,See synonyms for GRIEF
happy,Compare synonyms for GRIEF
harmony,antagonism
harmony,contest
harmony,discord
harmony,hostility
harmony,schism
harmony,battle
harmony,controversy
harmony,disproportion
harmony,incongruity
harmony,separation
harmony,conflict
harmony,difference
harmony,dissension
harmony,inconsistency
harmony,variance
harmony,contention
harmony,disagreement
harmony,disunion
harmony,opposition
harmony,warfare
hatred,See synonyms for FRIENDSHIP; LOVE
hazard,assurance
hazard,necessity
hazard,protection
hazard,safety
hazard,surety
hazard,certainty
hazard,plan
hazard,safeguard
hazard,security
healthy,delicate
healthy,failing
healthy,ill
healthy,unsound
healthy,worn
healthy,diseased
healthy,fainting
healthy,sick
healthy,wasted
healthy,worn down
healthy,emaciated
healthy,fragile
healthy,unhealthy
healthy,weak
healthy,worn out
healthy,exhausted
healthy,frail
help,counteract
help,discourage
help,oppose
help,resist
help,thwart
help,withstand
heterogeneous,alike
heterogeneous,homogeneous
heterogeneous,identical
heterogeneous,like
heterogeneous,pure
heterogeneous,same
heterogeneous,similar
heterogeneous,uniform
hide,admit
hide,disclose
hide,exhume
hide,manifest
hide,show
hide,advertise
hide,discover
hide,expose
hide,promulgate
hide,tell
hide,avow
hide,disinter
hide,lay bare
hide,publish
hide,uncover
hide,betray
hide,divulge
hide,lay open
hide,raise
hide,unmask
hide,confess
hide,exhibit
hide,make known
hide,reveal
hide,unveil
high,base
high,degraded
high,dwarfed
high,inferior
high,low
high,mean
high,short
high,stunted
high,deep
high,depressed
hinder,See synonyms for QUICKEN
history,See synonyms for FICTION
holy,abominable
holy,cursed
holy,polluted
holy,unconsecrated
holy,unholy
holy,wicked
holy,common
holy,impure
holy,secular
holy,unhallowed
holy,unsanctified
holy,worldly
honest,deceitful
honest,faithless
honest,hypocritical
honest,perfidious
honest,unfaithful
honest,dishonest
honest,false
honest,lying
honest,traitorous
honest,unscrupulous
honest,disingenuous
honest,fraudulent
honest,mendacious
honest,treacherous
honest,untrue
horizontal,broken
horizontal,inclined
horizontal,rolling
horizontal,rugged
horizontal,sloping
horizontal,hilly
horizontal,irregular
horizontal,rough
horizontal,slanting
horizontal,uneven
humane,See synonyms for BARBAROUS
hypocrisy,candor
hypocrisy,genuineness
hypocrisy,ingenuousness
hypocrisy,sincerity
hypocrisy,truth
hypocrisy,frankness
hypocrisy,honesty
hypocrisy,openness
hypocrisy,transparency
hypocrisy,truthfulness
hypocrite,The antonyms of _hypocrite_ are to be found only in phrases embodying
hypocrite,the adjectives candid
hypocrite,honest
hypocrite,ingenuous
hypocrite,sincere
hypocrite,true
hypocrite,etc
hypothesis,certainty
hypothesis,demonstration
hypothesis,discovery
hypothesis,evidence
hypothesis,fact
hypothesis,proof
idea,actuality
idea,fact
idea,reality
idea,substance
ideal,accomplishment
ideal,action
ideal,doing
ideal,fact
ideal,practise
ideal,achievement
ideal,attainment
ideal,embodiment
ideal,incarnation
ideal,reality
ideal,act
ideal,development
ideal,execution
ideal,performance
ideal,realization
idiocy,acuteness
idiocy,brilliancy
idiocy,common sense
idiocy,sagacity
idiocy,soundness
idiocy,astuteness
idiocy,capacity
idiocy,intelligence
idiocy,sense
idiocy,wisdom
idle,active
idle,busy
idle,diligent
idle,employed
idle,industrious
idle,occupied
idle,working
ignorant,educated
ignorant,learned
ignorant,sage
ignorant,skilled
ignorant,trained
ignorant,well-informed
ignorant,wise
ignorant,instructed
immediately,after a while
immediately,by and by
immediately,hereafter
immediately,in the future
immediately,some time
imminent,chimerical
imminent,doubtful
imminent,problematical
imminent,unexpected
imminent,unlikely
imminent,contingent
imminent,improbable
impediment,advantage
impediment,aid
impediment,assistance
impediment,benefit
impediment,help
impediment,relief
impediment,succor
impudence,bashfulness
impudence,diffidence
impudence,lowliness
impudence,modesty
impudence,coyness
impudence,humility
impudence,meekness
impudence,submissiveness
incongruous,accordant
incongruous,agreeing
incongruous,compatible
incongruous,consistent
incongruous,harmonious
incongruous,suitable
industrious,See synonyms for IDLE
industry,changeableness
industry,idleness
industry,inconstancy
industry,neglect
industry,remissness
industry,fickleness
industry,inattention
industry,indolence
industry,negligence
industry,sloth
infinite,bounded
infinite,finite
infinite,measurable
infinite,restricted
infinite,small
infinite,brief
infinite,limited
infinite,moderate
infinite,shallow
infinite,transient
infinite,circumscribed
infinite,little
infinite,narrow
infinite,short
infinite,transitory
infinite,evanescent
influence,deter
influence,dissuade
influence,impede
influence,prevent
influence,restrain
influence,retard
influence,discourage
influence,hinder
influence,inhibit
inherent,accidental
inherent,extrinsic
inherent,outward
inherent,superficial
inherent,supplemental
inherent,casual
inherent,fortuitous
inherent,subsidiary
inherent,superfluous
inherent,transient
inherent,external
inherent,incidental
inherent,superadded
inherent,superimposed
inherent,unconnected
injury,advantage
injury,benefit
injury,boon
injury,improvement
injury,service
injury,amelioration
injury,blessing
injury,help
injury,remedy
injury,utility
injustice,equity
injustice,faithfulness
injustice,impartiality
injustice,lawfulness
injustice,righteousness
injustice,fairness
injustice,honesty
injustice,integrity
injustice,rectitude
injustice,uprightness
injustice,fair play
injustice,honor
injustice,justice
injustice,right
innocent,Compare synonyms for CRIMINAL
inquisitive,apathetic
inquisitive,heedless
inquisitive,indifferent
inquisitive,unconcerned
inquisitive,uninterested
inquisitive,careless
inquisitive,inattentive
insanity,clearness
insanity,good sense
insanity,lucidity
insanity,rationality
insanity,sanity
interpose,avoid
interpose,keep aloof
interpose,keep out
interpose,retire
interpose,stand back
interpose,hold aloof
interpose,keep away
interpose,let alone
interpose,stand aside
interpose,stand off
interpose,hold off
interpose,keep clear
interpose,let be
interpose,stand away
interpose,withdraw
involve,disconnect
involve,distinguish
involve,explicate
involve,extricate
involve,remove
involve,separate
involve,disentangle
justice,dishonesty
justice,inequity
justice,partiality
justice,unlawfulness
justice,untruth
justice,favoritism
justice,injustice
justice,unfairness
justice,unreasonableness
justice,wrong
knowledge,ignorance
knowledge,inexperience
knowledge,misconception
knowledge,rudeness
knowledge,illiteracy
knowledge,misapprehension
knowledge,misunderstanding
knowledge,unfamiliarity
large,brief
large,limited
large,minute
large,scanty
large,small
large,diminutive
large,little
large,narrow
large,short
large,tiny
large,inconsiderable
large,mean
large,paltry
large,slender
large,trifling
large,infinitesimal
large,microscopic
large,petty
large,slight
large,trivial
large,insignificant
liberty,captivity
liberty,imprisonment
liberty,oppression
liberty,slavery
liberty,compulsion
liberty,necessity
liberty,serfdom
liberty,superstition
liberty,constraint
liberty,obligation
liberty,servitude
liberty,thraldom
light,blackness
light,darkness
light,dusk
light,gloominess
light,shade
light,dark
light,dimness
light,gloom
light,obscurity
light,shadow
likely,doubtful
likely,improbable
likely,questionable
likely,unreasonable
likely,dubious
likely,incredible
likely,unlikely
listen,be deaf to
listen,ignore
listen,neglect
listen,scorn
listen,slight
love,See synonyms for ANTIPATHY; ENMITY; HATRED
make,See synonyms for ABOLISH; BREAK; DEMOLISH
marriage,bachelorhood
marriage,celibacy
marriage,divorce
marriage,maidenhood
marriage,virginity
marriage,widowhood
masculine,See synonyms for FEMININE
meddlesome,modest
meddlesome,reserved
meddlesome,retiring
meddlesome,shy
meddlesome,unassuming
meddlesome,unobtrusive
memory,forgetfulness
memory,oblivion
memory,obliviousness
memory,oversight
memory,unconsciousness
mercy,cruelty
mercy,implacability
mercy,punishment
mercy,rigor
mercy,sternness
mercy,hardness
mercy,justice
mercy,revenge
mercy,severity
mercy,vengeance
mercy,harshness
mercy,penalty
mind,body
mind,brawn
mind,brute force
mind,material substance
mind,matter
minute,See synonyms for LARGE
misfortune,blessing
misfortune,consolation
misfortune,gratification
misfortune,pleasure
misfortune,success
misfortune,boon
misfortune,good fortune
misfortune,happiness
misfortune,prosperity
misfortune,triumph
misfortune,comfort
misfortune,good luck
misfortune,joy
misfortune,relief
modesty,abandon
modesty,confidence
modesty,haughtiness
modesty,pertness
modesty,arrogance
modesty,egotism
modesty,impudence
modesty,sauciness
modesty,assumption
modesty,forwardness
modesty,indiscretion
modesty,self-conceit
modesty,assurance
modesty,frankness
modesty,loquaciousness
modesty,self-sufficiency
modesty,boldness
modesty,freedom
modesty,loquacity
modesty,sociability
modesty,conceit
morose,amiable
morose,complaisant
morose,gentle
morose,kind
morose,pleasant
morose,benignant
morose,friendly
morose,good-natured
morose,loving
morose,sympathetic
morose,bland
morose,genial
morose,indulgent
morose,mild
morose,tender
motion,immobility
motion,quiescence
motion,quiet
motion,repose
motion,rest
motion,stillness
mourn,be joyful
mourn,exult
mourn,joy
mourn,make merry
mourn,rejoice
mourn,triumph
mutual,detached
mutual,distinct
mutual,separated
mutual,unconnected
mutual,unrequited
mutual,disconnected
mutual,disunited
mutual,severed
mutual,unreciprocated
mutual,unshared
mutual,dissociated
mutual,separate
mutual,sundered
mysterious,See synonyms for CLEAR
native,acquired
native,alien
native,artificial
native,assumed
native,foreign
native,unnatural
neat,dirty
neat,negligent
neat,slouchy
neat,uncared for
neat,disorderly
neat,rough
neat,slovenly
neat,unkempt
neat,dowdy
neat,rude
neat,soiled
neat,untidy
necessary,casual
necessary,needless
necessary,optional
necessary,useless
necessary,contingent
necessary,non-essential
necessary,unnecessary
necessary,worthless
necessity,choice
necessity,doubt
necessity,dubiousness
necessity,freedom
necessity,possibility
necessity,contingency
necessity,doubtfulness
necessity,fortuity
necessity,option
necessity,uncertainty
neglect,See synonyms for CARE
new,See synonyms for OLD
nimble,clumsy
nimble,dull
nimble,heavy
nimble,inactive
nimble,inert
nimble,slow
nimble,sluggish
nimble,unready
nimble,dilatory
normal,abnormal
normal,irregular
normal,peculiar
normal,singular
normal,unprecedented
normal,exceptional
normal,monstrous
normal,rare
normal,uncommon
normal,unusual
oath,benediction
oath,benison
oath,blessing
obscure,See synonyms for CLEAR
obsolete,See synonyms for NEW
obstinate,amenable
obstinate,dutiful
obstinate,pliable
obstinate,tractable
obstinate,complaisant
obstinate,gentle
obstinate,pliant
obstinate,undecided
obstinate,compliant
obstinate,irresolute
obstinate,submissive
obstinate,wavering
obstinate,docile
obstinate,obedient
obstinate,teachable
obstinate,yielding
obstruct,accelerate
obstruct,aid
obstruct,facilitate
obstruct,free
obstruct,open
obstruct,promote
obstruct,advance
obstruct,clear
obstruct,forward
obstruct,further
obstruct,pave the way for
old,Compare synonyms for NEW; YOUTHFUL
operation,failure
operation,ineffectiveness
operation,inutility
operation,powerlessness
operation,uselessness
operation,inaction
operation,inefficiency
order,allowance
order,consent
order,leave
order,liberty
order,license
order,permission
order,permit
ostentation,diffidence
ostentation,quietness
ostentation,retirement
ostentation,timidity
ostentation,modesty
ostentation,reserve
ostentation,shrinking
ostentation,unobtrusiveness
pain,comfort
pain,delight
pain,ease
pain,enjoyment
pain,peace
pain,rapture
pain,relief
pain,solace
pardon,castigate
pardon,chastise
pardon,convict
pardon,doom
pardon,recompense
pardon,sentence
pardon,chasten
pardon,condemn
pardon,correct
pardon,punish
pardon,scourge
pardon,visit
pardon,penalty
pardon,punishment
pardon,retaliation
pardon,retribution
pardon,vengeance
particle,aggregate
particle,entirety
particle,mass
particle,quantity
particle,sum
particle,sum total
particle,total
particle,whole
patience,See synonyms for ANGER
perceive,fail of
perceive,ignore
perceive,lose
perceive,misapprehend
perceive,misconceive
perceive,miss
perceive,overlook
perfect,bad
perfect,defective
perfect,imperfect
perfect,meager
perfect,scant
perfect,blemished
perfect,deficient
perfect,incomplete
perfect,perverted
perfect,short
perfect,corrupt
perfect,deformed
perfect,inferior
perfect,poor
perfect,spoiled
perfect,corrupted
perfect,fallible
perfect,insufficient
perfect,ruined
perfect,worthless
perfect,defaced
perfect,faulty
perfect,marred
permanent,See synonyms for TRANSIENT
permission,denial
permission,objection
permission,prevention
permission,refusal
permission,resistance
permission,hindrance
permission,opposition
permission,prohibition
pernicious,advantageous
pernicious,favorable
pernicious,helpful
pernicious,profitable
pernicious,serviceable
pernicious,beneficent
pernicious,good
pernicious,invigorating
pernicious,rejuvenating
pernicious,useful
pernicious,beneficial
pernicious,healthful
pernicious,life-giving
pernicious,salutary
pernicious,wholesome
persuade,deter
persuade,discourage
persuade,dissuade
persuade,hinder
persuade,hold back
persuade,repel
persuade,restrain
pertness,bashfulness
pertness,demureness
pertness,diffidence
pertness,humility
pertness,modesty
pertness,shyness
perverse,accommodating
perverse,complaisant
perverse,genial
perverse,kind
perverse,amenable
perverse,compliant
perverse,governable
perverse,obliging
physical,hyperphysical
physical,intangible
physical,invisible
physical,moral
physical,unreal
physical,immaterial
physical,intellectual
physical,mental
physical,spiritual
physical,unsubstantial
pique,approval
pique,contentment
pique,gratification
pique,pleasure
pique,satisfaction
pique,complacency
pique,delight
pitiful,august
pitiful,dignified
pitiful,grand
pitiful,lofty
pitiful,sublime
pitiful,beneficent
pitiful,exalted
pitiful,great
pitiful,mighty
pitiful,superb
pitiful,commanding
pitiful,glorious
pitiful,helpful
pitiful,noble
pitiful,superior
pity,barbarity
pity,ferocity
pity,harshness
pity,pitilessness
pity,severity
pity,brutality
pity,hard-heartedness
pity,inhumanity
pity,rigor
pity,sternness
pity,cruelty
pity,hardness
pity,mercilessness
pity,ruthlessness
pity,truculence
plant,eradicate
plant,extirpate
plant,root up
plant,uproot
plant,weed out
pleasant,arrogant
pleasant,displeasing
pleasant,glum
pleasant,ill-humored
pleasant,repelling
pleasant,austere
pleasant,dreary
pleasant,grim
pleasant,ill-natured
pleasant,repulsive
pleasant,crabbed
pleasant,forbidding
pleasant,harsh
pleasant,offensive
pleasant,unkind
pleasant,disagreeable
pleasant,gloomy
pleasant,hateful
pleasant,repellent
pleasant,unpleasant
plentiful,deficient
plentiful,inadequate
plentiful,narrow
plentiful,scanty
plentiful,small
plentiful,drained
plentiful,insufficient
plentiful,niggardly
plentiful,scarce
plentiful,sparing
plentiful,exhausted
plentiful,mean
plentiful,poor
plentiful,scrimped
plentiful,stingy
plentiful,impoverished
plentiful,miserly
plentiful,scant
plentiful,short
plentiful,straitened
poetry,prosaic speech
poetry,prosaic writing
poetry,prose
polite,awkward
polite,clownish
polite,ill-mannered
polite,insulting
polite,uncouth
polite,bluff
polite,coarse
polite,impertinent
polite,raw
polite,unmannerly
polite,blunt
polite,discourteous
polite,impolite
polite,rude
polite,unpolished
polite,boorish
polite,ill-behaved
polite,impudent
polite,rustic
polite,untaught
polite,brusk
polite,ill-bred
polite,insolent
polite,uncivil
polite,untutored
power,awkwardness
power,helplessness
power,inability
power,incompetence
power,stupidity
power,dulness
power,imbecility
power,inaptitude
power,inefficiency
power,unskilfulness
power,feebleness
power,impotence
power,incapacity
power,maladroitness
power,weakness
praise,abuse
praise,contempt
praise,hissing
praise,repudiation
praise,animadversion
praise,denunciation
praise,ignominy
praise,scorn
praise,blame
praise,disapprobation
praise,obloquy
praise,slander
praise,censure
praise,disapproval
praise,reproach
praise,vilification
praise,condemnation
praise,disparagement
praise,reproof
praise,vituperation
precarious,actual
precarious,immutable
precarious,real
precarious,steady
precarious,undeniable
precarious,assured
precarious,incontestable
precarious,settled
precarious,strong
precarious,undoubted
precarious,certain
precarious,infallible
precarious,stable
precarious,sure
precarious,unquestionable
precarious,firm
predestination,accident
predestination,choice
predestination,freedom
predestination,independence
predestination,chance
predestination,free agency
predestination,free will
predestination,uncertainty
prejudice,certainty
prejudice,conviction
prejudice,evidence
prejudice,reason
prejudice,conclusion
prejudice,demonstration
prejudice,proof
prejudice,reasoning
pretense,actuality
pretense,frankness
pretense,ingenuousness
pretense,reality
pretense,sincerity
pretense,candor
pretense,guilelessness
pretense,openness
pretense,simplicity
pretense,truth
pretense,fact
pretense,honesty
previous,after
previous,consequent
previous,hind
previous,hindmost
previous,latter
previous,subsequent
previous,concluding
previous,following
previous,hinder
previous,later
previous,posterior
previous,succeeding
pride,humility
pride,meekness
pride,modesty
pride,self-abasement
pride,self-distrust
pride,lowliness
primeval,adventitious
primeval,foreign
primeval,late
primeval,new
primeval,recent
primeval,exotic
primeval,fresh
primeval,modern
primeval,novel
primeval,Compare synonyms for NEW
profit,damage
profit,detriment
profit,harm
profit,injury
profit,ruin
profit,destruction
profit,disadvantage
profit,hurt
profit,loss
profit,waste
progress,check
progress,delay
progress,falling off
progress,retrogression
progress,stop
progress,decline
progress,falling back
progress,relapse
progress,stay
progress,stoppage
prohibit,allow
prohibit,empower
prohibit,let
prohibit,require
prohibit,authorize
prohibit,enjoin
prohibit,license
prohibit,sanction
prohibit,command
prohibit,give consent
prohibit,order
prohibit,suffer
prohibit,consent to
prohibit,give leave
prohibit,permit
prohibit,tolerate
prohibit,direct
prohibit,give permission
prohibit,put up with
prohibit,warrant
promote,See synonyms for ABASE; ALLAY
propitiation,alienation
propitiation,curse
propitiation,penalty
propitiation,reprobation
propitiation,vengeance
propitiation,chastisement
propitiation,estrangement
propitiation,punishment
propitiation,retribution
propitiation,wrath
propitiation,condemnation
propitiation,offense
propitious,adverse
propitious,forbidding
propitious,ill-disposed
propitious,repellent
propitious,unfriendly
propitious,antagonistic
propitious,hostile
propitious,inauspicious
propitious,unfavorable
propitious,unpropitious
proposal,acceptance
proposal,denial
proposal,disapproval
proposal,refusal
proposal,rejection
proposal,repulse
protract,abbreviate
protract,conclude
protract,curtail
protract,hurry
protract,reduce
protract,abridge
protract,contract
protract,hasten
protract,limit
protract,shorten
prowess,cowardice
prowess,cowardliness
prowess,effeminacy
prowess,fear
prowess,pusillanimity
prowess,timidity
prudence,folly
prudence,imprudence
prudence,rashness
prudence,thoughtlessness
prudence,heedlessness
prudence,indiscretion
prudence,recklessness
prudence,wastefulness
prudence,improvidence
prudence,prodigality
purchase,barter
purchase,dispose of
purchase,exchange
purchase,put to sale
purchase,sell
pure,adulterated
pure,foul
pure,indecent
pure,obscene
pure,tainted
pure,defiled
pure,gross
pure,indelicate
pure,polluted
pure,tarnished
pure,dirty
pure,immodest
pure,lewd
pure,stained
pure,unchaste
pure,filthy
pure,impure
pure,mixed
pure,sullied
pure,unclean
queer,common
queer,familiar
queer,normal
queer,regular
queer,customary
queer,natural
queer,ordinary
queer,usual
quicken,check
quicken,clog
quicken,delay
quicken,drag
quicken,hinder
quicken,impede
quicken,obstruct
quicken,retard
racy,cold
racy,flat
racy,insipid
racy,stale
racy,tasteless
racy,dull
racy,flavorless
racy,prosy
racy,stupid
racy,vapid
radical,conservative
radical,incomplete
radical,palliative
radical,slight
radical,tentative
radical,inadequate
radical,moderate
radical,partial
radical,superficial
radical,trial
rare,See synonyms for GENERAL; NORMAL; USUAL
reach,depart
reach,go
reach,go away
reach,leave
reach,set out
reach,set sail
reach,start
reach,weigh anchor
reach,embark
real,conceived
real,feigned
real,illusory
real,supposed
real,unreal
real,fabulous
real,fictitious
real,imaginary
real,supposititious
real,untrue
real,fanciful
real,hypothetical
real,reported
real,theoretical
real,visionary
rebellious,compliant
rebellious,docile
rebellious,manageable
rebellious,subservient
rebellious,controllable
rebellious,dutiful
rebellious,obedient
rebellious,tractable
rebellious,deferential
rebellious,gentle
rebellious,submissive
rebellious,yielding
recover,die
recover,fail
recover,grow worse
recover,relapse
recover,sink
refinement,barbarism
refinement,brutality
refinement,coarseness
refinement,rudeness
refinement,savagery
refinement,boorishness
refinement,clownishness
refinement,grossness
refinement,rusticity
refinement,vulgarity
religion,atheism
religion,godlessness
religion,irreligion
religion,sacrilege
religion,ungodliness
religion,blasphemy
religion,impiety
religion,profanity
religion,unbelief
religion,wickedness
reluctant,desirous
reluctant,disposed
reluctant,eager
reluctant,favorable
reluctant,inclined
reluctant,willing
rend,heal
rend,mend
rend,reunite
rend,secure
rend,sew
rend,solder
rend,stitch
rend,unite
rend,weld
rend,join
renounce,acknowledge
renounce,assert
renounce,cherish
renounce,defend
renounce,maintain
renounce,proclaim
renounce,uphold
renounce,advocate
renounce,avow
renounce,claim
renounce,hold
renounce,own
renounce,retain
renounce,vindicate
repentance,approval
repentance,content
repentance,obduracy
repentance,self-complacency
repentance,comfort
repentance,hardness
repentance,obstinacy
repentance,self-congratulation
repentance,complacency
repentance,impenitence
repentance,self-approval
repentance,stubbornness
reproof,applause
reproof,approval
reproof,encomium
reproof,eulogy
reproof,panegyric
reproof,praise
reproof,approbation
reproof,commendation
reprove,abet
reprove,approve
reprove,countenance
reprove,impel
reprove,instigate
reprove,applaud
reprove,cheer
reprove,encourage
reprove,incite
reprove,urge on
requite,absolve
requite,excuse
requite,forgive
requite,overlook
requite,pass over
requite,acquit
requite,forget
requite,neglect
requite,pardon
requite,slight
rest,agitation
rest,disturbance
rest,movement
rest,stir
rest,tumult
rest,commotion
rest,excitement
rest,restlessness
rest,strain
rest,unrest
rest,disquiet
rest,motion
rest,rush
rest,toil
rest,work
restive,docile
restive,manageable
restive,passive
restive,quiet
restive,tractable
restive,gentle
restive,obedient
restive,peaceable
restive,submissive
restive,yielding
restrain,aid
restrain,arouse
restrain,encourage
restrain,free
restrain,incite
restrain,release
restrain,animate
restrain,emancipate
restrain,excite
restrain,impel
restrain,let loose
restrain,set free
retirement,association
retirement,companionship
retirement,company
retirement,converse
retirement,fellowship
retirement,society
revelation,cloud
revelation,concealment
revelation,mystery
revelation,shrouding
revelation,cloudiness
revelation,hiding
revelation,obscuration
revelation,veiling
revenge,compassion
revenge,forgiveness
revenge,mercy
revenge,pardon
revenge,pity
revenge,reconciliation
revenge,excuse
revenge,grace
revolution,authority
revolution,domination
revolution,government
revolution,obedience
revolution,sovereignty
revolution,command
revolution,dominion
revolution,law
revolution,order
revolution,submission
revolution,control
revolution,empire
revolution,loyalty
revolution,rule
revolution,supremacy
revolve,bind
revolve,chafe
revolve,grind
revolve,slide
revolve,slip
revolve,stand
revolve,stick
riddle,answer
riddle,axiom
riddle,explanation
riddle,proposition
riddle,solution
rise,decline
rise,descend
rise,drop
rise,fall
rise,go down
rise,set
rise,settle
rise,sink
royal,beggarly
royal,contemptible
royal,mean
royal,poor
royal,servile
royal,slavish
royal,vile
rustic,accomplished
rustic,cultured
rustic,polished
rustic,refined
rustic,urbane
rustic,city-like
rustic,elegant
rustic,polite
rustic,urban
rustic,well-bred
sagacious,absurd
sagacious,futile
sagacious,obtuse
sagacious,silly
sagacious,sottish
sagacious,undiscerning
sagacious,dull
sagacious,ignorant
sagacious,senseless
sagacious,simple
sagacious,stupid
sagacious,unintelligent
sagacious,foolish
sagacious,irrational
sample,abnormality
sample,aggregate
sample,exception
sample,monstrosity
sample,total
sample,whole
satisfy,check
satisfy,disappoint
satisfy,restrain
satisfy,starve
satisfy,straiten
satisfy,deny
satisfy,refuse
satisfy,restrict
satisfy,stint
satisfy,tantalize
scholar,dunce
scholar,fool
scholar,idiot
scholar,idler
scholar,ignoramus
scholar,illiterate person
self-abnegation,self-gratification
self-abnegation,selfishness
self-abnegation,self-seeking
self-abnegation,self-will
self-abnegation,self-indulgence
send,bring
send,convey
send,give
send,hold
send,receive
send,carry
send,get
send,hand
send,keep
send,retain
sensibility,coldness
sensibility,hardness
sensibility,insensibility
sensibility,numbness
sensibility,unconsciousness
sensibility,deadness
severe,affable
severe,easy
severe,gentle
severe,lenient
severe,pliable
severe,sweet
severe,tractable
severe,bland
severe,genial
severe,indulgent
severe,mild
severe,soft
severe,tender
severe,yielding
shelter,betray
shelter,expel
shelter,expose
shelter,give up
shelter,refuse
shelter,reject
shelter,surrender
shelter,cast out
sin,blamelessness
sin,goodness
sin,integrity
sin,rectitude
sin,sinlessness
sin,excellence
sin,holiness
sin,morality
sin,right
sin,uprightness
sin,godliness
sin,innocence
sin,purity
sin,righteousness
sin,virtue
sin,Compare synonyms for VIRTUE
skeptic,believer
skeptic,Christian
skilful,awkward
skilful,clumsy
skilful,inexpert
skilful,shiftless
skilful,unskilled
skilful,untrained
skilful,bungling
skilful,helpless
skilful,maladroit
skilful,unhandy
skilful,untaught
slander,defend
slander,eulogize
slander,extol
slander,laud
slander,praise
slander,vindicate
slow,See synonyms for NIMBLE
speech,hush
speech,silence
speech,speechlessness
speech,stillness
speech,taciturnity
state,contradict
state,controvert
state,disprove
state,gainsay
state,refute
state,retract
state,contravene
state,deny
state,dispute
state,oppose
state,repudiate
state,waive
steep,easy
steep,flat
steep,gentle
steep,gradual
steep,horizontal
steep,level
steep,low
steep,slight
storm,calm
storm,fair weather
storm,hush
storm,peace
storm,serenity
storm,stillness
storm,tranquillity
story,annals
story,biography
story,chronicle
story,history
story,memoir
stupidity,acuteness
stupidity,brilliancy
stupidity,keenness
stupidity,sagacity
stupidity,alertness
stupidity,cleverness
stupidity,quickness
stupidity,sense
stupidity,animation
stupidity,intelligence
stupidity,readiness
stupidity,sensibility
subvert,conserve
subvert,keep
subvert,perpetuate
subvert,preserve
subvert,sustain
subvert,uphold
succeed,be defeated
succeed,come short
succeed,fail
succeed,fall short
succeed,lose
succeed,miss
succeed,miscarry
supernatural,common
supernatural,commonplace
supernatural,everyday
supernatural,natural
supernatural,ordinary
supernatural,usual
support,abandon
support,break down
support,demolish
support,destroy
support,let go
support,throw down
support,betray
support,cast down
support,desert
support,drop
support,overthrow
support,wreck
suppose,ascertain
suppose,be sure
suppose,conclude
suppose,discover
suppose,know
suppose,prove
system,chaos
system,derangement
system,disarrangement
system,disorder
system,irregularity
system,confusion
taciturn,communicative
taciturn,free
taciturn,garrulous
taciturn,loquacious
taciturn,talkative
taciturn,unreserved
tasteful,clumsy
tasteful,displeasing
tasteful,grotesque
tasteful,inartistic
tasteful,rough
tasteful,coarse
tasteful,distasteful
tasteful,harsh
tasteful,inharmonious
tasteful,rude
tasteful,deformed
tasteful,fulsome
tasteful,hideous
tasteful,meretricious
tasteful,rugged
tasteful,disgusting
tasteful,gaudy
tasteful,horrid
tasteful,offensive
tasteful,tawdry
temerity,care
temerity,circumspection
temerity,cowardice
temerity,hesitation
temerity,timidity
temerity,wariness
temerity,caution
terse,diffuse
terse,lengthy
terse,long
terse,prolix
terse,tedious
terse,verbose
terse,wordy
tire,invigorate
tire,refresh
tire,relax
tire,relieve
tire,repose
tire,rest
tire,restore
tire,recreate
transient,abiding
transient,eternal
transient,immortal
transient,lasting
transient,perpetual
transient,undying
transient,enduring
transient,everlasting
transient,imperishable
transient,permanent
transient,persistent
transient,unfading
union,analysis
union,disconnection
union,disunion
union,divorce
union,separation
union,contrariety
union,disjunction
union,division
union,schism
union,severance
union,decomposition
union,dissociation
usual,exceptional
usual,infrequent
usual,rare
usual,strange
usual,unparalleled
usual,extraordinary
usual,out-of-the-way
usual,singular
usual,uncommon
usual,unusual
utility,disadvantage
utility,futility
utility,inadequacy
utility,inutility
utility,uselessness
utility,folly
utility,impolicy
utility,inexpediency
utility,unprofitableness
utility,worthlessness
vacant,brimful
vacant,busy
vacant,filled
vacant,inhabited
vacant,overflowing
vacant,brimmed
vacant,crammed
vacant,full
vacant,jammed
vacant,packed
vacant,brimming
vacant,crowded
vacant,gorged
vacant,occupied
vacant,replete
vain,adequate
vain,effective
vain,powerful
vain,solid
vain,useful
vain,advantageous
vain,efficient
vain,profitable
vain,sound
vain,valid
vain,beneficial
vain,expedient
vain,real
vain,substantial
vain,valuable
vain,competent
vain,potent
vain,serviceable
vain,sufficient
vain,worthy
vain,Compare synonyms for UTILITY
venal,disinterested
venal,honest
venal,incorruptible
venal,public-spirited
venal,generous
venal,honorable
venal,patriotic
venal,unpurchasable
venerate,contemn
venerate,detest
venerate,dishonor
venerate,scoff at
venerate,slight
venerate,despise
venerate,disdain
venerate,disregard
venerate,scorn
venerate,spurn
veneration,contempt
veneration,disdain
veneration,dishonor
veneration,disregard
veneration,scorn
venial,inexcusable
venial,inexpiable
venial,mortal
venial,unpardonable
venial,unjustifiable
veracity,deceit
veracity,duplicity
veracity,falsehood
veracity,fiction
veracity,lie
veracity,deception
veracity,error
veracity,falseness
veracity,guile
veracity,mendacity
veracity,delusion
veracity,fabrication
veracity,falsity
veracity,imposture
veracity,untruth
veracity,Compare synonyms for DECEPTION
victory,defeat
victory,disappointment
victory,failure
victory,miscarriage
victory,retreat
victory,destruction
victory,disaster
victory,frustration
victory,overthrow
victory,rout
vigilant,careless
vigilant,heedless
vigilant,inconsiderate
vigilant,oblivious
vigilant,drowsy
vigilant,inattentive
vigilant,neglectful
vigilant,thoughtless
vigilant,dull
vigilant,incautious
vigilant,negligent
vigilant,unwary
virtue,evil
virtue,vice
virtue,viciousness
virtue,wickedness
virtue,wrong
virtue,Compare synonyms for SIN
wisdom,absurdity
wisdom,folly
wisdom,imbecility
wisdom,miscalculation
wisdom,senselessness
wisdom,error
wisdom,foolishness
wisdom,imprudence
wisdom,misjudgment
wisdom,silliness
wisdom,fatuity
wisdom,idiocy
wisdom,indiscretion
wisdom,nonsense
wisdom,stupidity
wisdom,Compare synonyms for ABSURD; IDIOCY
wit,dulness
wit,seriousness
wit,sobriety
wit,solemnity
wit,stolidity
wit,stupidity
wit,gravity
work,ease
work,leisure
work,recreation
work,relaxation
work,repose
work,rest
work,vacation
work,idleness
youthful,Compare synonyms for OLD
a la carte,table d'hote
a posteriori,a priori
a posteriori,a priori
a priori,a posteriori
a priori,a posteriori
abactinal,actinal
abaxial,adaxial
abbreviated,expand
abducent,adducent
abducting,adduct
abducting,adducent
abient,adient
able,unable
abnormal,normal|normal
aboral,oral
aboriginal,nonnative
above,below|below
aboveboard,dishonestly
abranchial,branchiate
abranchiate,branchiate
abranchious,branchiate
abridged,expand
abridged,unabridged
absent,present
absolute,relative
absolved,blame
absorbable,adsorbable
absorbed,emit
absorbent,nonabsorbent
absorbing,emit
absorptive,nonabsorbent
abstemious,gluttonous
abstinent,drinker
abstract,concrete
abundant,scarce
abused,unabused
acarpellous,carpellate
acarpelous,carpellate
acatalectic,catalectic
acaudal,caudate
acaudate,caudate
acaulescent,caulescent
accelerated,decelerate|decelerate
accented,atonic|unstressed
accentual,quantitative
acceptable,unacceptable
accepted,reject|refuse|refuse
accepting,reject|refuse|refuse
acceptive,rejective
accessible,inaccessible
accommodating,disoblige
accommodating,unaccommodating
accommodative,unaccommodating
accompanied,unaccompanied|unaccompanied
accordant,discordant
accurate,inaccurate
accusatorial,inquisitorial
accustomed,unaccustomed
acellular,cellular
achlamydeous,chlamydeous
achondritic,chondritic
achromatic,chromatic
achromatinic,chromatinic
acid-loving,alkaline-loving
acidic,alkaline
acknowledged,deny
acknowledged,unacknowledged
acquired,lose
acquisitive,unacquisitive
acquitted,convict
acrocarpous,pleurocarpous
acropetal,basipetal
acroscopic,basiscopic
actable,unactable
actinal,abactinal
acting,refrain
actinomorphic,zygomorphic
actinomorphous,zygomorphic
activated,inactivate
activating,inactivate
active,passive voice
active,inactive|passive|inactive|inactive|inactive|quiet|passive|stative|extinct|dormant|inactive
actual,potential
acute,chronic|obtuse
acyclic,cyclic|cyclic
adaptable,unadaptable
adaptative,maladaptive
adaptive,maladaptive
adaxial,abaxial
addicted,unaddicted
addictive,nonaddictive
additive,nonlinear|subtractive
addressed,unaddressed
adducent,abducent
adducting,abduct
adducting,abducent
adductive,abducent
adequate,inadequate
adhesive,nonadhesive
adiabatic,diabatic
adient,abient
adjective,substantive
adjusted,skew
adjusted,unadjusted|maladjusted
admired,look down on
admissible,inadmissible
adnate,connate
adoptable,unadoptable
adopted,native
adoptive,biological|native
adorned,unadorned
adroit,maladroit
adscript,superscript
adsorbable,absorbable
adsorbate,absorbable
adsorbent,nonadsorbent
adsorptive,nonadsorbent
adult,juvenile
adulterant,purifying
adulterating,purifying
advance,retreat
advance,recede|back|fall back|regress|demote
advanced,recede|back|fall back|regress|demote
advancing,recede|back|fall back|regress|demote
advantageous,disadvantageous
adventuresome,unadventurous
adventurous,unadventurous
advisable,inadvisable
advised,ill-advised
adynamic,dynamic
aerobic,anaerobic|anaerobic
aerophilic,anaerobic
aerophilous,anaerobic
aesthetic,inaesthetic
aesthetical,inaesthetic
afebrile,febrile
affected,unaffected|unaffected|unmoved
afferent,efferent
affirmative,negative
affirmative,negative
affirmatory,negative
affixed,unaffixed
affluent,distributary
afloat,aground
afraid,unafraid
aft,fore
aft,fore
aged,young
aged,rejuvenate
ageing,rejuvenate
aggravated,better
aggravating,better
aggressive,unaggressive
aging,rejuvenate
agitated,calm
agitated,unagitated|unagitated
agitating,calm
agnostic,gnostic
agnostical,gnostic
agreeable,disagreeable
agreed,disagree|disagree
aground,afloat
ahead,back;backward
ahistorical,historical
aided,unassisted
air-to-air,surface-to-air
air-to-ground,air-to-air
air-to-surface,air-to-air
airworthy,unairworthy
alarming,unalarming
alcoholic,nonalcoholic
alert,unalert
alfresco,inside;indoors
algorithmic,heuristic
alien,citizen|acquaintance
alienable,inalienable
aligned,skew
aligned,nonaligned
aligning,skew
alike,unalike
aliquot,aliquant
alive,dead|unanimated
alkalic,amphoteric
alkaline,amphoteric
alkaline-loving,acid-loving
all,some
all,partly
allochthonous,autochthonous
allogeneic,xenogeneic
allopathic,homeopathic
allopatric,sympatric
allowable,impermissible
alphabetic,analphabetic|analphabetic
alphabetical,analphabetic|analphabetic
alterable,unalterable
altered,unaltered
alternate,opposite
alternating,direct
altricial,precocial
altruistic,egoistic
amateur,professional
ambidextrous,right-handed
ambiguous,unequivocal|unambiguous
ambitionless,ambitious
ambitious,unambitious
ambiversive,introversive
ameliorating,worsen|worsen
amended,worsen
amended,unamended
ametabolic,metabolic
ametabolous,metabolic
ametropic,emmetropic
amicable,hostile
amiss,perfectly
amphibious,aquatic
amphiprotic,acidic
amphitropous,anatropous
amphoteric,acidic
ample,meager
anabatic,katabatic
anabolic,catabolic
anaclinal,cataclinal
anadromous,catadromous
anaerobic,aerobic|aerobic
anaerobiotic,aerobic
anal,oral
anal retentive,oral
analog,digital
analogous,homologous
analogue,digital
analphabetic,alphabetic|alphabetic
analytic,synthetic|synthetic|synthetic
analytical,synthetic|synthetic
analyzed,synthesize
analyzed,unanalyzed
anaphrodisiac,aphrodisiac
anastigmatic,astigmatic
anatropous,amphitropous
androgynous,male
anemophilous,entomophilous
anestrous,estrous
anglican,Nonconformist
angry,unangry
angular,rounded
angulate,rounded
anhydrous,hydrous
animate,deaden
animate,inanimate|inanimate|insentient
animated,deaden
animated,unanimated
animating,deaden
anionic,cationic
anisotropic,isotropic
annual,biennial
anodal,cathodic
anodic,cathodic
anon.,onymous
anonymous,onymous
anorthic,monoclinic
antagonistic,conciliatory|synergistic
antecedent,descendant
antecedent,subsequent
antemeridian,postmeridian
antemortem,postmortem
antenatal,perinatal
antenuptial,postnuptial
antepartum,perinatal
anterior,posterior
anterograde,retrograde
anti,pro
anti-american,pro-American
anticholinergic,cholinergic
anticlimactic,climactic
anticlinal,synclinal
anticlockwise,clockwise
anticlockwise,clockwise
antimagnetic,magnetic
antipyretic,pyretic
antiseptic,septic
antonymous,synonymous
antrorse,retrorse
aperiodic,periodic
apetalous,petalous
aphrodisiac,anaphrodisiac
aphrodisiacal,anaphrodisiac
aplacental,placental
apocarpous,syncarpous
apocrine,eccrine
apologetic,unapologetic
appareled,undress
appealable,unappealable
appealing,repel
appealing,unappealing|unsympathetic
appendaged,unappendaged
appetising,unappetizing
appetizing,unappetizing
applied,defy|exempt
applied,theoretical
appointed,elective
appointive,elective
apposable,unopposable
appreciated,depreciate|depreciate
approachable,unapproachable
appropriate,inappropriate
approved,disapprove|disapprove
approving,disapproval
approving,disapprove|disapprove
apropos,malapropos
apteral,peripteral
aquatic,terrestrial
aqueous,igneous
arbitrable,nonarbitrable
arbitrary,nonarbitrary
arboreal,nonarboreal
arboreous,nonarboreal
arenaceous,argillaceous
argillaceous,arenaceous
argumentative,unargumentative
armed,disarm
armed,unarmed|armless|unarmed
armless,armed
armored,unarmored|unarmored
armoured,unarmored|unarmored
aroused,fall asleep|sedate;de-energize;de-energise|cause to sleep
arranged,disarrange
arranged,disarranged
artesian,subartesian
artful,ingenuous|artless
articulate,inarticulate|unarticulated
articulated,unarticulated
artificial,natural
artiodactyl,odd-toed ungulate
artless,disingenuous|artful
ascendant,descendant
ascendent,descendant
ascending,descend|set
ascending,descending
asexual,sexual
ashamed,unashamed
asleep,awake
asserting,interrogative;interrogatory
assertive,unassertive
assigned,unassigned
assimilating,dissimilate|dissimilate|dissimilate
assisted,unassisted
associate,dissociate
associative,nonassociative
associatory,nonassociative
assured,worry
assuring,worry
astigmatic,anastigmatic
astomatous,stomatous
astringent,nonastringent
asymmetric,symmetrical
asymmetrical,symmetrical
asynchronous,synchronous|synchronous
asyndetic,syndetic
atomic,conventional
atomistic,holistic
atomistical,holistic
atonal,tonal
atonic,tonic
atoxic,toxic
atrophied,hypertrophied
attachable,detachable
attached,detach|detach
attached,detached|unattached
attacking,defend
attended,miss
attended,unaccompanied
attentive,inattentive|heedless
attired,underdress;dress down
attractive,unattractive|repulsive
attributable,unattributable
attributive,predicative
atypical,typical
audible,inaudible
auspicious,inauspicious
authorised,unauthorized
authorized,unauthorized
autochthonous,allochthonous
autoecious,heteroecious
autogamic,endogamous
autogamous,endogamous
autogenic,heterogenous
autogenous,heterogenous
autologous,homologous
automatic,manual
autophytic,heterotrophic
autotrophic,heterotrophic
autumnal,wintry
available,unavailable
avascular,vascular
avenged,unavenged
avertable,inevitable
avertible,inevitable
avirulent,virulent
avoidable,inevitable
avowed,disavow
awake,fall asleep
awake,asleep
awakened,cause to sleep|fall asleep
awakened,unawakened
aware,unaware|unmindful
away,home
awed,unawed
awestricken,unawed
awestruck,unawed
awful,nice
awkward,graceful
awned,awnless
awnless,awned
awny,awnless
azonal,zonal
back,front|front
back,advance|front|veer
back,front
back,forward|ahead;forward
backed,advance|front|veer
backed,backless
backhand,forehand
backhanded,forehand
backless,backed
backward,forward|forward
backward,forward|ahead;forward
bad,good;goodness
bad,good|unregretful
balanced,unbalance
balanced,unbalanced
balconied,unbalconied
banded,unbanded
baptised,unbaptized
baptized,unbaptized
bare,sheathed|covered
bared,unbar
barred,unbar
barreled,unbarreled
barrelled,unbarreled
basal,cauline
basic,incidental
basipetal,acropetal
basiscopic,acroscopic
beaked,beakless
beakless,beaked
bearing,nonbearing
beautiful,ugly
bedded,get up;turn out
bedded,unstratified|bedless
bedless,bedded
beginning,ending|middle|middle|finish
beginning,end|end|end
begrimed,clean
believable,incredible
belittled,flatter
belittling,flatter
bellied,bellyless
bellyless,bellied
below the belt,fairly
belted,unbelt
belted,unbelted
beltless,belted
bended,straighten|unbend
beneficed,unbeneficed
beneficent,maleficent
benign,malignant|malign
benignant,malign
bent,straighten|unbend
beseeching,imperative
best,worst
best,worst|bad|evil
best,ill|ill|badly|badly;disadvantageously|badly
better,worsen|worsen
better,worse|worse|bad|evil|ill
better,ill|ill|badly|badly;disadvantageously|badly
bettering,worsen|worsen
bettering,worsening
biaural,monaural
bibbed,bibless
bibless,bibbed
bicameral,unicameral
bidirectional,unidirectional
biennial,perennial
big,small;little
big,small
bigger,small;little
bilaterally symmetrical,actinomorphic
bimodal,unimodal
binaural,monaural
binding,unbind|untie
binuclear,trinucleate
binucleate,trinucleate
binucleated,trinucleate
biological,adoptive
biovular,identical
biped,quadrupedal;quadruped
bipedal,quadrupedal;quadruped
bipolar,unipolar
bisexual,heterosexual
bivalent,multivalent
bivalve,univalve
bivalved,univalve
black,white|white
black,whiten
black,white|white
black-and-white,color
black and white,color
blackened,whiten
blame,absolve
blamed,absolve
blear,focus
blemished,unblemished
blended,unblended
blessed,curse|desecrate
blessed,cursed
blest,curse|desecrate
blest,cursed
blind,sighted
blocked,unstuff|free|remember|unfreeze;unblock
blond,brunet
blonde,brunet
bloodless,bloody
bloody,bloodless
blown,conserve
blue-collar,white-collar
blunt,sharpen|enliven
blunted,sharpen|enliven
blurred,focus|focus|focus
bodied,unbodied
boiled,freeze
bold,timid
boneless,bony
boney,boneless
bony,boneless
bordered,unbordered
bored,interest
boring,interest
born,unborn
bottle-fed,breast-fed
bottom,top
bottom,side
bottom-up,top-down
bottomed,bottomless
bottomless,bottomed
bouncing,clear
bound,unbind|untie
bound,unbound|free|unbound
bowed,plucked
boxed,unbox
braced,sedate;de-energize;de-energise
brachycephalic,dolichocephalic
brachycranial,dolichocephalic
brachycranic,dolichocephalic
bracing,sedate;de-energize;de-energise
bracteate,ebracteate
bracted,ebracteate
braided,unbraid
brainwashed,unbrainwashed
branchiate,abranchiate
branchless,branchy
branchy,branchless
branded,unbranded
brave,timid
brave,cowardly
breakable,unbreakable
breast-fed,bottle-fed
breasted,breastless
breastless,breasted
breathing,breathless
breathless,breathing
bridgeable,unbridgeable
bright,dull|dimmed
broad,narrow
broad-minded,shockable|narrow-minded
broadnosed,catarrhine
broke,repair|keep|conform to|make|promote
broken,repair|keep|conform to|make|promote
broken,unbroken|unbroken|unbroken
brotherlike,sisterly
brotherly,sisterly
brunet,blond
brunette,blond
bulging,concave
bumpy,smooth
burdened,unburden
burdened,unburdened
buried,remember
buried,unburied
bust,repair
busted,repair
busy,idle
buttoned,unbutton
buttoned,unbuttoned
cacogenic,eugenic
cacophonic,euphonious
cacophonous,euphonious
caducous,persistent
calced,discalced
calcicolous,calcifugous
calcifugous,calcicolous
calculable,incalculable
calm,discomposure
calm,agitate|stimulate
calm,stormy
caloric,nonthermal
camphorated,uncamphorated
campylotropous,orthotropous
cancelled,on
canned,hire
capable,incapable|incapable
capital,lowercase
capitalist,socialistic
capitalistic,socialistic
cardinal,ordinal
cared-for,uncared-for
careful,careless
careless,careful
carinate,ratite
carnivorous,herbivorous
carpellate,acarpelous
carpeted,uncarpeted
carved,uncarved
carvel-built,clinker-built
carven,uncarved
castrated,uncastrated
catabatic,anabatic
catabolic,anabolic
cataclinal,anaclinal
catadromous,diadromous
catalectic,hypercatalectic
catarrhine,leptorrhine
catarrhinian,leptorrhine
catching,unhitch
categorematic,syncategorematic
cathodic,anodic
cationic,anionic
caudal,cephalic
caudate,acaudate
caudated,acaudate
caulescent,acaulescent
cauline,acaulescent|radical
caulked,uncaulked
causative,noncausative
cautious,brave
cautious,incautious
ceilinged,floored
cellular,noncellular
cenobitic,eremitic
cenobitical,eremitic
cenogenetic,palingenetic
censored,uncensored
center,right
central,peripheral
centralised,decentralize;decentralise;deconcentrate
centralised,decentralized
centralising,decentralize;decentralise;deconcentrate
centralising,decentralizing
centralized,decentralize;decentralise;deconcentrate
centralized,decentralized
centralizing,decentralize;decentralise;deconcentrate
centralizing,decentralizing
centrifugal,centripetal
centripetal,centrifugal
cephalic,caudal
cerebral,emotional
certain,uncertain;unsure|uncertain|uncertain|unsealed
certified,decertify
certified,uncertified
chained,unchain
changeable,immutable|unchangeable
changed,stay
changed,unchanged
changeful,unchangeable
changeless,mutable
changing,stay
characteristic,uncharacteristic
charged,discharge|pay cash|calm
charged,uncharged
charitable,uncharitable
chartered,unchartered
chaste,unchaste
cheap,expensive
checked,disagree
cheerful,depressing
cheering,dishearten|complain
cheerless,cheerful
chilling,heat|heat
chlamydeous,achlamydeous
choked,unclog|be born
cholinergic,anticholinergic
chondritic,achondritic
christian,unchristian
chromatic,diatonic|achromatic
chromatinic,achromatinic
chronic,acute
circular,square
cismontane,tramontane
civil,uncivil|sidereal
civilian,serviceman
civilian,military
civilised,noncivilized
civilized,noncivilized
clad,undress
clad,unclothed
clarifying,obfuscate
classic,nonclassical
classical,nonclassical
classified,declassify
classified,unclassified|unclassified
clayey,arenaceous
clean,dirty
clean,dirty|unclean|dirty|dirty
clean,unfairly
clean-handed,guilty
clear,clutter|overcast|bounce|convict
clear,unclear|opaque|ill-defined|cloudy
clear-thinking,confused
cleared,clutter|overcast|bounce|convict
cleared,uncleared
clearheaded,confused
clement,inclement|inclement
climactic,anticlimactic
clincher-built,carvel-built
clinker-built,carvel-built
clipped,unclip
clockwise,counterclockwise
clockwise,counterclockwise
clogged,unclog
clogging,unclog
close,open|open|open|open|open
close,distant|distant|far
closed,open|open|open|open|open
closed,open|open|open|open
closing,opening
closing,open|open|open|open|open
closing,opening
clothed,undress
clothed,unclothed
clotted,homogenize
clouded,clear up
cloudy,clear
cluttered,unclutter
coarse,fine
coastal,inland
coated,uncoated
coenobitic,eremitic
coenobitical,eremitic
cognisable,unknowable
cognisant,unaware
cognizable,unknowable
cognizant,unaware
cognoscible,unknowable
coherent,incoherent|incoherent
coiled,uncoil
coiled,uncoiled
coiling,uncoil
cold,hotness
cold,hot|hot
cold-blooded,warm-blooded
coldhearted,warmhearted
collapsable,noncollapsible
collapsible,noncollapsible
collateral,lineal
collect,spread
collected,spread
collected,uncollected;ungathered
collective,distributive
colonised,decolonize;decolonise
colonized,decolonize;decolonise
color,colorlessness
color,discolor
color,black-and-white
colored,discolor
colored,uncolored
colorful,colorless|colorless;colourless|uncolored
colorless,colorful;colourful|colorful
colour,colorlessness
colour,discolor
colour,black-and-white
coloured,discolor
coloured,uncolored
colourful,colorless;colourless|colorless
colourless,colorful;colourful|colorful
columned,noncolumned
combed,uncombed
combinative,noncombinative
combinatory,noncombinative
combined,uncombined
combustible,noncombustible
comestible,inedible
comfortable,uncomfortable|uncomfortable
comfy,uncomfortable
coming,go|leave
commensurate,incommensurate
commercial,noncommercial
commissioned,noncommissioned
committed,divest
committed,uncommitted|unattached
commodious,incommodious
common,individual|uncommon
communicative,uncommunicative
communicatory,uncommunicative
commutable,incommutable
compact,decompress
compact,loose
comparable,incomparable
comparative,absolute
compartmented,uncompartmented
compassionate,uncompassionate
compatible,incompatible|incompatible
compensated,wrong
competent,incompetent|incompetent
competitive,noncompetitive
competitory,noncompetitive
complaining,cheer
complaining,uncomplaining
complaintive,uncomplaining
complete,incomplete
complex,simple
compliant,defiant
complicated,simplify
complimentary,uncomplimentary
composed,discomposed
compound,simple
comprehendible,incomprehensible
comprehensible,incomprehensible
comprehensive,noncomprehensive
compressed,decompress
compressible,incompressible
compromising,uncompromising
concave,convex
concealed,show
concealed,unconcealed
concealing,show
concealing,revealing
concentrated,decentralize;decentralise;deconcentrate
concentrated,distributed|soft|unsaturated
concentric,eccentric
concentrical,eccentric
concerned,unconcerned
conciliative,antagonistic
conciliatory,uncompromising|antagonistic
concise,prolix
conclusive,inconclusive
concrete,abstract
concurring,disagree
conditional,unconditional
conditioned,unconditioned
conductive,nonconductive
confident,diffident
confined,free
confined,invasive|unconfined
confining,free
confirmed,negate
confirmed,unconfirmed
confirming,negate
confirming,negative
confluent,distributary
conforming,deviate
conformist,nonconformist
conformist,nonconformist
confused,clearheaded
congenial,uncongenial
congested,unclog
congruent,incongruous|incongruent
congruous,incongruous
conjoined,disjoin
conjunct,disjunct
conjunctive,disjunctive
connate,adnate
connected,disconnect|dissociate|unplug
connected,unconnected
connotative,denotative
conquerable,unconquerable
conscientious,unconscientious
conscious,unconscious
consecrate,desecrate
consecrate,desecrated
consecrated,desecrate
consecrated,desecrated
consenting,refuse
conservative,liberal
conservative,liberal
conserved,waste
considerable,inconsiderable
considerate,inconsiderate
consistent,inconsistent|unreproducible|incoherent
consolable,inconsolable
consonant,vowel
consonantal,vocalic
conspicuous,inconspicuous
constant,inconstant
constipated,unconstipated
constituted,unestablished
constitutional,unconstitutional
constricted,unconstricted
constructive,destructive
consuming,abstain
consummated,unconsummated
consumptive,generative
contaminated,decontaminate
contaminated,uncontaminated
contaminating,decontaminate
contaminating,clean
contemptible,estimable
content,discontent
content,discontented
contented,discontent
contented,discontented
contestable,incontestable
contested,uncontested
continent,incontinent
continental,intercontinental
continual,sporadic
continuant,stop consonant
continued,discontinue|discontinue
continued,discontinued
continuing,discontinue|discontinue
continuous,discontinuous|discontinuous
contraclockwise,clockwise
contracted,stretch;expand|widen|expand
contracted,expanded
contralateral,ipsilateral
contrapuntal,monophonic
contrasty,flat
controlled,uncontrolled
controversial,uncontroversial
convenient,inconvenient|incommodious
conventional,unconventional|nuclear|unconventional
convergent,divergent
convertible,inconvertible
convex,concave
convinced,unconvinced
convincing,unconvincing
cooked,raw
cool,heat|heat
cool,warm|warm|warm
cooperative,uncooperative
coordinating,subordinating
coordinative,subordinating
corked,uncork
corking,uncork
corporeal,incorporeal
correct,falsify|wrong
correct,incorrect;wrong|wrong
corrected,falsify|wrong
corrected,uncorrected
corresponding,disagree
corrigible,incorrigible
corrupt,incorrupt|straight
cosmopolitan,endemic|provincial
costive,laxative
counterclockwise,clockwise
counterclockwise,clockwise
counterfeit,genuine
counterrevolutionary,revolutionary
coupled,uncouple
courageous,cowardly
courteous,discourteous
cousinly,uncousinly
covered,uncover
covered,bare
covert,overt
cowardly,brave
crannied,uncrannied
creative,uncreative
credible,incredible
credited,debit
credulous,incredulous
crescendo,decrescendo
critical,uncritical|noncritical|uncritical|noncritical
crooked,straight|straight
cross,uncross
cross-eyed,walleyed
crossbred,purebred
crossed,uncross
crossed,uncrossed|uncrossed
crosswise,lengthwise
crowded,uncrowded
crowned,uncrowned|unlaureled|uncrowned
crownless,crowned
crucial,noncrucial
crude,refined
crying,laugh
crystalline,noncrystalline
crystallised,uncrystallized
crystallized,uncrystallized
cubic,linear
cultivated,uncultivated
curable,incurable
curdled,homogenize
curious,incurious
curled,uncoil
curling,uncoil
curly,straight
current,noncurrent
cursed,bless|communicate
cursed,blessed
cursorial,fossorial
curst,bless|communicate
curst,blessed
curtained,curtainless
curtainless,curtained
curved,straight
curving,straight
custom,ready-made
custom-built,ready-made
custom-made,ready-made
custom-made,ready-made
cut,switch on|expand
cut,uncut|uncut|untrimmed|unmown|uncut
cutting,switch on|expand
cyclic,acyclic|acyclic|noncyclic
cyclical,noncyclic
damaged,undamaged
damn,bless
damned,bless
damning,bless
dangerous,safe
daring,timidity
dark,light|day
dark,light|light
darkened,lighten|brighten
darkening,lighten|brighten
datable,undatable
dateable,undatable
de-iodinating,iodinate
de-iodinating,iodinating
de facto,de jure
de jure,de facto
de jure,unlawfully
dead,living
dead,alive|live
deadened,enliven
deadening,enliven
deaf,hearing
debilitating,invigorating
deceased,be born
decent,indecent
decent,improperly
decentralised,centralize;concentrate
decentralised,centralized
decentralising,centralize;concentrate
decentralising,centralizing
decentralized,centralize;concentrate
decentralized,centralized
decentralizing,centralize;concentrate
decentralizing,centralizing
deciduous,evergreen
deciphered,encode
deciphered,undeciphered
decisive,indecisive|indecisive
declarative,interrogative;interrogatory
declaratory,interrogative;interrogatory
declared,undeclared
declassified,classify
deconsecrated,consecrate
decorated,unadorned
decorous,indecorous
decreased,increase|increase
decreased,increased
decreasing,increase|increase
decreasing,increasing|increasing
decrescendo,crescendo
dedicated,undedicated|desecrated
dedifferentiated,differentiate
deductible,nondeductible
deductive,inductive
deep,shallow|shallow
defeasible,indefeasible
defeated,undefeated
defending,attack|prosecute
defensive,offensive
defiant,compliant
deficient,sufficient
defined,undefined
definite,indefinite
deflated,inflate|inflate|inflate
deflationary,inflationary
deformed,unbend
degenerate,recuperate
degraded,aggrade
degrading,aggrade
dehiscent,indehiscent
dehumanised,humanize
dehumanized,humanize
dehydrated,hydrate
dejected,elate
dejected,elated
delayed,rush
delicate,rugged
delighted,displease|disenchant
delineate,undelineated
delineated,undelineated
demanding,obviate
demanding,undemanding
democratic,undemocratic
demonstrated,disprove
demonstrative,undemonstrative
demoralised,elate
demoralising,elate
demoralized,elate
demoralizing,elate
demythologised,mythologize
demythologized,mythologize
deniable,undeniable
denotative,connotative
denotive,connotative
departed,come|conform|stay
dependable,unreliable;undependable
dependent,independent|independent
depreciating,appreciate|appreciate
depressant,stimulative
depressed,elate
depressing,elate
depressing,cheerful
deprived,enrich
derivational,inflectional
derived,underived
descendant,ancestor
descendent,ancestor
descending,ascend;rise
descending,ascending
descriptive,undescriptive|prescriptive
desecrated,consecrate
desecrated,consecrated
desensitising,sensitize;sensitise|sensitize
desensitising,sensitizing
desensitizing,sensitize;sensitise|sensitize
desensitizing,sensitizing
deserved,unmerited
desiccate,hydrate
desiccated,hydrate
designed,undesigned
desirable,undesirable
desirous,undesirous
despairing,hope
destroyed,preserved
destructible,indestructible
destructive,constructive
detachable,attachable
detached,attach|attach
detached,attached
detected,undetected
determinable,indeterminable
determinate,indeterminate|indeterminate
determined,undetermined
detested,love
devalued,appreciate
developed,undeveloped
deviate,conform
dextral,sinistral
diabatic,adiabatic
diachronic,synchronic
diadromous,anadromous
diatonic,chromatic
diclinous,monoclinous
dicotyledonous,monocotyledonous
different,same|like
differentiated,integrate|dedifferentiate
differentiated,undifferentiated
difficult,easy|manageable
diffident,confident
diffuse,hard
diffused,hard
digestible,indigestible
digital,analogue
digitigrade,plantigrade mammal
digitigrade,plantigrade
dignified,undignified
diligent,negligent
dilute,undiluted
diluted,undiluted
dim,focus
dim,undimmed
diminished,increase
diminished,hypertrophied
diminishing,increase
dimmed,focus
dimmed,undimmed
dioecian,monoecious
dioecious,monoecious
diploid,polyploid
diplomatic,undiplomatic
diplomatical,undiplomatic
direct,indirect|indirect|collateral|retrograde|inverse|alternating
directional,omnidirectional
dirty,clean
dirty,clean|clean|clean
disabled,enable
disabling,enable
disabling,enabling
disadvantaged,advantage
disadvantageous,advantageous
disagreeable,agreeable
disapproving,approve|approve
disarming,arming;armament
disarming,arm
disarranged,arrange
disarranged,arranged
disarrayed,order
disbelieving,believe
discalceate,calced
discalced,calced
discernable,indiscernible
discernible,indiscernible
discerning,undiscerning
discharged,charge|convict|enlist|fill
discomposed,composed
disconfirming,positive
disconnected,plug in|connect
disconnected,legato
disconsolate,consolable
discontent,contentment
discontent,content
discontent,contented
discontented,content
discontented,contented
discontinued,continue|continue
discontinued,continued
discontinuous,continuous|continuous
discordant,accordant
discouraged,encourage
discouraging,encourage
discouraging,encouraging
discourteous,courteous
discredited,believe
discreet,indiscreet
discriminate,indiscriminate
discriminating,undiscriminating
discriminatory,unprejudiced
disenchanted,enchant
disenchanted,enchanted
disenchanting,enchant
disenfranchised,enfranchise
disenfranchised,enfranchised
disentangled,entangle;snarl
disfranchised,enfranchise
disfranchised,enfranchised
disgraced,honor
disheartened,hearten
disheartening,hearten
dishonest,honest
dishonorable,honorable|honest
dishonored,honor|honor
dishonourable,honorable
disillusioned,enchant
disillusioning,enchant
disinclined,dispose
disinclined,inclined
disingenuous,ingenuous
disinherited,bequeath
disintegrative,integrative
disjoined,join|join
disjoint,join|join
disjointed,join|join
disjunct,conjunct
disjunctive,conjunctive
disliked,like
disliked,liked
disloyal,patriotic|loyal
dismantled,raise|assemble
dismayed,elate
dismaying,elate
dismissed,hire
disobedient,obedient
disobliging,oblige
disordered,order
disordered,ordered
disorderly,orderly
disorganised,organize;organise
disorganised,organized
disorganized,organize;organise
disorganized,organized
disoriented,orient
disorienting,orient
disorienting,orienting
disparaging,flatter
dispensable,indispensable
dispirited,elate
dispiriting,elate
displeased,please
displeased,pleased
displeasing,please
displeasing,pleasing
disposable,nondisposable|nondisposable
disposed,indispose|disqualify
disproportional,proportionate
disproportionate,proportionate
disqualified,qualify|qualify
disqualifying,qualify|qualify
disqualifying,enabling
disreputable,reputable
disrespectful,respectful
dissatisfied,satisfy
dissected,synthesize
dissenting,assent|agree
dissimilar,similar|alike|like
dissuasive,persuasive
distal,proximal|mesial
distant,close|close
distinct,indistinct
distinguishable,indistinguishable
distorted,untwist
distressed,euphoric
distributed,gather
distributed,concentrated
distributive,collective
distrustful,trustful
diurnal,nocturnal
divergent,convergent
diverging,converge|converge|converge|conform
diverging,convergent
diversified,specialize
diversified,undiversified
divided,unite|multiply
divided,united
divisible,indivisible
docile,stubborn
documented,undocumented
dolichocephalic,brachycephalic
dolichocranial,brachycephalic
dolichocranic,brachycephalic
domestic,foreign|undomestic
dominant,subordinate|recessive
domineering,submissive
done,unmake
dormant,active
dorsal,ventral|adaxial
double,single|multivalent
double-barreled,single-barreled
double-barrelled,single-barreled
double-breasted,single-breasted
down,up
down,up;upwards;upward;upwardly|up|up
downmarket,upmarket
downstage,upstage
downstage,upstage
downstair,upstairs
downstairs,upstairs
downstairs,upstairs
downstream,upstream
downstream,upriver;upstream
downtown,uptown
downtown,uptown
downward,up;upwards;upward;upwardly
downwind,upwind|leeward;upwind
drained,undrained
dramatic,undramatic|lyric
drawn,push|deposit|repel
dress,undress|undress
dressed,undress|undress
dried,wet
drinkable,undrinkable
driven,attract
driving,attract
dropping,sharpen|attend to|recuperate
drunk,sober
dry,wet
dry,wet|wet|wet|wet|sweet|phlegmy
dry-eyed,tearful
due,undue|undue
dull,sharpen
dull,lively|bright|sharp|sharp
dulled,sharpen
dying,birth
dying,be born
dying,nascent
dynamic,undynamic|stative
dynamical,undynamic
dysgenic,eugenic
dysphemistic,euphemistic
dysphoric,euphoric
dyspneal,breathing
dyspneic,breathing
dyspnoeal,breathing
dyspnoeic,breathing
dystopian,utopian
eager,uneager
eared,earless
earless,eared
earlier,middle|late|middle
earliest,middle|late|middle
early,middle|late|middle
early,late
earned,unearned
earthly,heavenly
east,west
easterly,westerly
eastern,western|western
easy,difficult|uneasy
easy,quickly
eatable,inedible
ebracteate,bracteate
eccentric,concentric
eccrine,apocrine
ecdemic,endemic
echoic,nonechoic
echt,counterfeit
ectomorphic,endomorphic
edible,inedible
edifying,unedifying
educated,uneducated
effective,ineffective
effectual,ineffective
efferent,afferent
effervescent,still|noneffervescent
efficacious,inefficacious|ineffective
efficient,inefficient
effortful,effortless
effortless,effortful
egalitarian,elitist
egocentric,altruistic
egoistic,altruistic
egoistical,altruistic
elaborate,contract
elaborated,contract
elastic,inelastic
elated,depress
elated,dejected
elating,depress
elderly,young
elected,appointive
elective,appointive
elegant,inelegant
elevated,demote|lower
eligible,ineligible
emboldened,dishearten
emmetropic,ametropic
emotional,cerebral|unemotional
empiric,theoretical
empirical,theoretical
employable,unemployable
employed,fire
employed,unemployed
empty,fill|fill
empty,full
enabling,disable
enabling,disabling
enchanted,disenchant
enchanted,disenchanted
enchanting,disenchant
enclosed,unenclosed
encouraged,discourage
encouraging,discourage
encouraging,discouraging
encumbered,unencumbered
end-stopped,run-on
ended,begin|begin
endemic,epidemic|cosmopolitan
endemical,epidemic
endergonic,exergonic
endocentric,exocentric
endocrinal,exocrine
endocrine,exocrine
endoergic,exoergic
endogamic,exogamous|exogamous
endogamous,exogamous|exogamous
endogenic,exogenous;exogenic
endogenous,exogenous;exogenic
endomorphic,mesomorphic
endothermal,exothermic
endothermic,exothermic
endowed,unendowed
endozoic,epizoic
enduring,enjoy
energetic,lethargic
energising,sedate;de-energize;de-energise
energizing,sedate;de-energize;de-energise
energy-absorbing,exoergic
energy-releasing,endoergic
enforceable,unenforceable
enforced,exempt
enforced,unenforced
enfranchised,disenfranchise
enfranchised,disenfranchised
engaged,fire|disengage|disengage
engaging,fire|disengage|disengage
enlarged,reduce|contract
enlarged,atrophied
enlightened,uninitiate
enlightened,unenlightened
enlightening,unenlightening|unedifying
enlivened,deaden
enlivened,unenlivened
enlivening,deaden
enraptured,disenchant
entangled,disentangle;unsnarl
enterprising,unenterprising
enthralled,disenchant|disenchant
enthralling,disenchant|disenchant
enthusiastic,unenthusiastic
entomophilous,anemophilous
entozoan,epizoic
entozoic,epizoic
epidemic,endemic
epizoic,entozoic
equal,differ
equal,unequal|inadequate
equatorial,polar
equipped,unequipped|unfurnished
equipt,unequipped
equitable,inequitable
equivocal,unequivocal
eradicable,ineradicable
erect,level
erect,unerect
eremitic,cenobitic
eremitical,cenobitic
eruptive,aqueous
esoteric,exoteric
essential,inessential
essential,inessential|adjective
established,abolish|disprove
established,unestablished
esteemed,disrespect;disesteem
esthetic,inaesthetic
esthetical,inaesthetic
estimable,contemptible
estrous,anestrous
ethical,unethical
eucaryotic,prokaryotic;procaryotic
eugenic,dysgenic
eukaryotic,prokaryotic;procaryotic
euphemistic,dysphemistic
euphonious,cacophonous
euphonous,cacophonous
euphoric,dysphoric
eupneic,breathless
eupnoeic,breathless
eusporangiate,leptosporangiate
even,odd|uneven
eventful,uneventful
evergreen,deciduous plant
evergreen,deciduous
evil,good;goodness
evil,good
evitable,inevitable
ex vivo,in vivo
exacerbating,better
exact,inexact
exacting,unfastidious
exaggerated,understate
exasperated,better
exasperating,better
exaugural,inaugural
exchangeable,unexchangeable|inconvertible
excitable,unexcitable
excited,stifle|calm
excited,unexcited
exciting,stifle|calm
exciting,unexciting
exclusive,inclusive
exculpated,convict
exculpatory,inculpatory
excusable,inexcusable
excusatory,unapologetic
exempt,enforce
exempt,nonexempt|taxable
exergonic,endergonic
exhausted,unexhausted
exhaustible,inexhaustible
existent,nonexistent|unreal|potential
existing,nonexistent
exocentric,endocentric
exocrine,endocrine
exoergic,endoergic
exogamic,autogamous|endogamous
exogamous,autogamous|endogamous
exogenic,endogenous;endogenic
exogenous,endogenous;endogenic
exonerated,convict
exoteric,esoteric
exothermal,endothermic
exothermic,endothermic
expanded,contract|contract
expanded,contracted
expansive,unexpansive
expected,unexpected
expedient,inexpedient
expendable,unexpendable
expensive,cheap
experienced,inexperienced
experient,inexperienced
expired,be born|inhale
expired,unexpired
explicable,inexplicable
explicit,implicit
exploded,implode
exploited,unexploited
explorative,nonexploratory
exploratory,nonexploratory
explosive,nonexplosive
exportable,unexportable
exposed,cover
express,local
expressed,implicit
expressible,inexpressible
extant,extinct
extended,unextended
extensible,nonextensile
extensile,nonextensile
extensive,intensive
exterior,inside|inside
exterior,interior
external,internal
exterritorial,territorial
extinct,extant|active
extinguishable,inextinguishable
extinguished,ignite
extracellular,intracellular
extramural,intramural
extraordinary,ordinary
extrasensory,sensory
extraterritorial,territorial
extraversive,ambiversive
extravert,introvert
extricable,inextricable
extrinsic,intrinsic
extrospective,introspective
extroversive,ambiversive
extrovert,introvert
extroverted,introspective
extrusive,intrusive
eyed,eyeless
eyeless,eyed
faced,avoid|back
faced,faceless
faceless,faced
faceted,unfaceted
factory-made,homemade
facultative,obligate
fagged,refresh
failing,passing
failing,succeed|manage|pass|pass
fair,unfair|foul
fair,unfairly
faithful,unfaithful|unfaithful
fallen,ascend;rise|increase
fallible,infallible
falling,ascend;rise|increase
falling,rising
false,true
familiar,unfamiliar|strange
famished,be full|feed
fancy,plain
far,near
farsighted,nearsighted
fashionable,unfashionable|styleless
fast,slow|slow|slow
fastened,unfasten|unfasten
fastened,unfastened|unbuttoned|untied
fastidious,unfastidious|unfastidious
fat,leanness
fat,thin|nonfat
fat-free,fatty
fatal,nonfatal
fathomable,unfathomable
fatigued,refresh
fatless,fatty
fatty,thin person
fatty,nonfat
favorable,unfavorable|unfavorable
favourable,unfavorable|unfavorable
fearful,brave
fearless,afraid
feathered,unfeathered
featherless,feathered
featured,lack
febrile,afebrile
federal,unitary
felicitous,infelicitous
fell,ascend;rise|increase
female,male|male
female,androgynous
feminine,masculine|neuter|unwomanly
ferned,fernless
fernless,ferned
ferny,fernless
fertile,sterile
fetching,take away
feverish,afebrile
few,many
fewer,more|many
fewest,most|many
fictional,nonfictional
figurative,literal
filial,parental|parental
filled,empty|empty
filled,unfilled
financial,nonfinancial
fine,coarse
finer,coarse
fingered,fingerless
fingerless,fingered
finished,begin
finished,unfinished|unfinished
finite,infinite|infinite
fired,hire
first,middle
first,last|second
fiscal,nonfinancial
fissile,nonfissionable|nonfissile
fissionable,nonfissionable
fit,disagree
fit,unfit|unfit
fitted,disagree
fitter,unfit|unfit
fitting,disagree
fixed,break|unfasten
fixed,unfixed
flat,contrasty|natural
flat,indirectly
flat-bellied,bellied
flattened,sharpen
flattering,disparage
flattering,unflattering
fledged,unfledged
flexible,inflexible|inflexible|uncompromising
flexile,inflexible
flimsy,convincing
floating,sink
floored,ceilinged
flowering,flowerless
flowerless,flowering
focused,blur|blur|blur
focused,unfocused
focussed,blur|blur|blur
focussed,unfocused
folding,unfold|open
following,precede|predate|precede
following,leading
foolish,wise
footed,footless
footless,footed
forbearing,act
forbidden,permit;allow
forbidding,permit;allow
forced,pull|push
forceful,forceless
forceless,forceful
fore,aft
fore,aft
foregoing,postdate|claim
foregone,postdate|claim
forehand,backhand
forehanded,backhand
foreign,domestic|native
forfeit,claim
forfeited,claim
forgetful,retentive|mindful
forgettable,unforgettable
forgiving,unforgiving
forgotten,remember|remember|mind
formal,informal|informal
formalised,invalidate
formalized,invalidate
formed,unformed
former,latter
former,latter
forte,weak point
forte,piano
forte,piano
fortified,weaken|disarm
fortissimo,pianissimo
fortunate,unfortunate
forward,backward|backward|reverse
forward,backward|back;backward|aft
fossorial,cursorial
foul,unclog
foul,fair
fouled,unclog
found,abolish|lose
found,lost
four-footed,bipedal;biped
fractional,whole
fragrant,malodorous
frail,robust
framed,unframed
fraternal,identical|sisterly
free,confine|lodge|enforce|obstruct|blame|block;freeze
free,unfree|bound|unfree
free-lance,salaried
freelance,salaried
frequent,boycott;boycott
frequent,infrequent
fresh,stale|preserved|salty
fretted,unfretted
friendly,hostile
friendly,unfriendly|unfriendly|hostile
frivolous,serious
front,rear|rear|back
front,back
front,back
frozen,boil|unfreeze;unblock
frozen,unfrozen
fruitful,unfruitful
fueled,unfueled
fulfilled,fall short of|fall short of
full,wane
full,empty|thin
full-term,premature
full-time,part-time
full-time,half-time
functional,nonfunctional|organic
functioning,malfunction
functioning,malfunctioning
funded,unfunded
furnished,unfurnished
furrowed,unfurrowed
fused,defuse
future,past
future,past
gabled,hipped
garbed,undress
garmented,undress
gaseous,solid
gathered,spread
gathered,uncollected;ungathered
geared,ungeared
general,particular
general,specific|local
generalised,specify
generalized,specify
generative,consumptive
generic,varietal;varietal wine
generous,stingy|ungenerous
genuine,counterfeit
geocentric,heliocentric
geographic,magnetic
geographical,magnetic
germfree,germy
germy,germfree
gifted,untalented
gill-less,branchiate
gilled,abranchiate
given,take|starve
giving,take|starve
glad,sad
gladdened,sadden|sadden
glassed,unglazed
glassless,glazed
glazed,unglazed|unglazed
glorious,inglorious
gloved,gloveless
gloveless,gloved
gluttonous,abstemious
gnostic,agnostic
go,stay in place|come|malfunction|be born|stop
go,no-go
going,stay in place|come|malfunction|be born|stop
gone,stay in place|come|malfunction|be born|stop
good,evil;evilness|bad;badness
good,bad|evil
good,ill
good-natured,ill-natured
governing,deregulate
graceful,awkward
gracious,ungracious
gradual,sudden|steep
grammatical,ungrammatical
granted,deny
granular,achondritic
grassless,grassy
grassy,grassless
grateful,ungrateful
gratified,dissatisfy
gratifying,dissatisfy
greased,unlubricated
greater,lesser
green,ripe
gregarious,ungregarious|ungregarious
groomed,ungroomed
gross,net
growing,nondevelopment
grownup,juvenile
guided,unguided
guiltless,guilty
guilty,innocent
gusseted,ungusseted
gutless,gutsy
gutsy,gutless
habit-forming,nonaddictive
haired,hairless
hairless,hairy
hairy,hairless
half,whole
half-time,full-time
hallowed,desecrate
halt,start
halting,start
hand-crafted,machine-made
handed,handless
handled,handleless
handleless,handled
handless,handed
handmade,machine-made
haploid,diploid
haploidic,diploid
happy,unhappy
hard,easy|soft|soft|voiced|soft|soft
hard,lightly
hardened,soften|soften
hardened,untempered|soft
hardhearted,softhearted
harmful,harmless
harmless,harmful
harmonic,nonharmonic
harmonious,inharmonious
harnessed,unharness
harsh,fine
hated,love
hateful,lovable
hatless,hatted
hatted,hatless
headed,unheaded|headless
headless,headed
healthful,unhealthful|unsanitary
healthier,unhealthy
healthy,unhealthy
hearable,inaudible
hearing,deaf
heartening,dishearten
heartless,softhearted
heat-absorbing,exothermic
heat-releasing,endothermic
heated,cool|cool
heavenly,earthly
heavy,light|light|light|light|light|light
heavy-duty,light-duty
heavy-footed,light-footed
heedful,heedless
heedless,heedful
held,let go of|disagree
heliocentric,geocentric
helpful,unhelpful
herbivorous,omnivorous
here,there
here,there|there
heritable,noninheritable
heterocercal,homocercal
heterodactyl,zygodactyl
heteroecious,autoecious
heterogeneous,homogeneous|autogenous
heterogenous,homogeneous|autogenous
heterologic,analogous
heterological,analogous
heterologous,analogous|autologous
heterosexual,homosexual
heterotrophic,autotrophic
heterozygous,homozygous
heuristic,algorithmic
hi-tech,low-tech
hibernating,estivate
hidden,show
hierarchal,nonhierarchical
hierarchic,nonhierarchical
hierarchical,nonhierarchical
high,low|low spirits
high,low|low|low
high-interest,low-interest
high-pitched,low
high-resolution,low-resolution
high-rise,low-rise
high-sudsing,low-sudsing
high-tech,low-tech
high-tension,low-tension
higher,low|low|low
highland,lowland
highland,lowland
hipless,hipped
hipped,hipless|gabled
hired,fire
hired,unchartered
hirsute,hairless
historical,ahistorical|synchronic
holistic,atomistic
hollow,solid
holophytic,holozoic
holozoic,holophytic
holy,unholy
home,away
homemade,factory-made
homeopathic,allopathic
homocentric,eccentric
homocercal,heterocercal
homochromatic,polychromatic
homoecious,heteroecious
homogeneous,heterogeneous
homogenised,curdle;curdle|curdle
homogenized,curdle;curdle|curdle
homogenous,heterogeneous
homologous,analogous|heterologous
homosexual,bisexual
homozygous,heterozygous
honest,dishonest
honorable,dishonest|dishonorable
honored,dishonor|disrespect|dishonor
honourable,dishonorable
hoofed,unguiculate
hooked,unhook|undercharge
hooved,unguiculate
hopeful,hopeless
hopeless,hopeful
horizontal,vertical
horned,hornless
hornless,horned
hospitable,inhospitable|inhospitable
hostile,friendly
hostile,amicable|friendly
hot,cold|cold
human,nonhuman
humane,inhumane
humble,proud
humorless,humorous
humorous,humorless
humourless,humorous
humourous,humorless
hungry,thirsty
hurried,delay
hurried,unhurried
hurrying,delay
hurt,be well
husbandly,wifely
hushed,louden|louden
hydrated,dehydrate
hydrated,anhydrous
hydric,mesic
hydrokinetic,hydrostatic
hydrophilic,hydrophobic
hydrophobic,hydrophilic
hydrostatic,hydrokinetic
hydrous,anhydrous
hypercatalectic,acatalectic
hypertensive,hypotensive
hypertonic,hypotonic|hypotonic
hypertrophied,atrophied
hypognathous,opisthognathous
hypotensive,normotensive
hypotonic,hypertonic|isotonic
identical,fraternal
identifiable,unidentifiable
idiographic,nomothetic
idle,run|work
idle,busy
igneous,aqueous
ignited,extinguish
ignoble,noble
ignored,notice|know
ill,well
ill,well|well
ill-advised,well-advised
ill-defined,well-defined
ill-formed,grammatical
ill-natured,good-natured
ill-smelling,fragrant
ill-treated,unabused
illegal,legal
illegible,legible
illegitimate,legitimate
illicit,licit
illiterate,literate|literate
illogical,logical
illuminating,unenlightening
imbalanced,balanced
imitation,formalism
imitative,nonimitative|nonechoic|genuine
immanent,transeunt
immaterial,material|corporeal|material
immature,mature|old|ripe|mature|fledged
immeasurable,measurable
immediate,mediate
immensurable,measurable
immiscible,miscible
immobile,mobile
immoderate,moderate
immodest,modest|modest
immoral,moral
immortal,mortal
immunocompetent,immunodeficient
immunodeficient,immunocompetent
immutable,mutable
impaired,unimpaired
impalpable,tangible|palpable
impartial,partial|prejudiced
impassable,passable
impatient,patient
impeded,free
impeding,free
impenetrable,penetrable
impenitent,penitent;repentant
imperative,beseeching
imperceptible,perceptible
imperfect,perfect
imperishable,perishable
impermanent,permanent
impermeable,permeable
impermissible,permissible
impersonal,personal
imperviable,pervious
impervious,pervious
impious,pious
implacable,placable
implausible,plausible
implemented,exempt
implemented,unenforced
implicit,explicit
imploring,imperative
impolite,polite
impolitic,politic
imponderable,ponderable
important,unimportant|insignificant|noncrucial
imported,export|export
impossible,possible
impotent,potent|potent
impoverished,enrich|enrich
impractical,practical
imprecise,precise
impressible,unimpressionable
impressionable,unimpressionable
impressive,unimpressive
improbable,probable
improper,proper
improved,worsen|worsen
improved,unimproved
improvident,provident
improving,worsen|worsen
imprudent,prudent
impure,pure|pure|clean
in vitro,in vivo
in vivo,in vitro
inaccessible,accessible
inaccurate,accurate
inactive,active|operational|active|active|active|active|active|active
inadequate,adequate
inadmissible,admissible
inadvisable,advisable
inaesthetic,aesthetic
inalienable,alienable
inalterable,alterable
inanimate,animate|animate
inappropriate,appropriate
inarticulate,articulate
inattentive,attentive
inaudible,audible
inaugural,exaugural
inauspicious,auspicious
inboard,outboard
inbred,outbred
incalculable,calculable
incapable,capable|capable
incapacitated,enable
incapacitating,enable
incarnate,disincarnate
incautious,cautious
incertain,certain;sure
incident,basic
incidental,basic
inclement,clement|clement
inclined,indispose
inclined,disinclined|horizontal
included,exclude|exclude|exclude
inclusive,exclusive
incognizant,aware
incoherent,coherent|coherent
incombustible,combustible
incoming,outgoing|outgoing
incommensurate,commensurate
incommodious,commodious
incommunicative,communicative
incommutable,commutable
incomparable,comparable
incompatible,compatible|synergistic|congenial|compatible
incompetent,competent|competent
incomplete,complete
incomprehensible,explicable|comprehensible
incomprehensive,comprehensive
incompressible,compressible
inconclusive,conclusive
incongruent,congruent
incongruous,congruous
inconsiderable,considerable
inconsiderate,considerate
inconsistent,consistent
inconsolable,consolable
inconspicuous,conspicuous
inconstant,constant
incontestable,contestable
incontestible,contestable
incontinent,continent
inconvenient,convenient
inconvertible,convertible
incorporate,disintegrate
incorporated,disintegrate
incorporeal,corporeal
incorrect,correct;right
incorrigible,corrigible
incorrupt,corrupt
increased,decrease|decrease
increased,decreased
increasing,decrease|decrease
increasing,decreasing|decreasing
incredible,credible
incredulous,credulous
inculpative,exculpatory
inculpatory,exculpatory
incurable,curable
incurious,curious
indecent,decent
indecisive,decisive|decisive
indecorous,decorous
indefeasible,defeasible
indefinite,definite
indehiscent,dehiscent
indelicate,decorous
independent,dependent|dependent
indestructible,destructible
indeterminable,determinable
indeterminate,determinate|determinate
indigestible,digestible
indirect,direct|lineal|direct
indiscernible,discernible
indiscreet,discreet
indiscriminate,discriminate
indiscriminating,discriminating
indispensable,dispensable
indisposed,dispose|qualify
indissoluble,soluble
indistinct,distinct
indistinguishable,distinguishable
individual,common
individualised,depersonalize;depersonalise
individualized,depersonalize;depersonalise
indivisible,divisible
indoor,outdoor
induced,spontaneous
inductive,deductive
indulgent,nonindulgent
indurate,soften|soften
industrial,nonindustrial
inebriated,sober
inedible,edible
ineffective,effective
ineffectual,effective
inefficacious,efficacious
inefficient,efficient
inelastic,elastic
inelegant,elegant
ineligible,eligible
inequitable,equitable
ineradicable,eradicable
inessential,essential
inessential,essential
inevitable,evitable
inexact,exact
inexcusable,excusable
inexhaustible,exhaustible
inexpedient,expedient
inexpensive,expensive
inexperienced,experienced
inexperient,experienced
inexplicable,explicable
inexplicit,explicit
inexpressible,expressible
inextensible,extensile
inextinguishable,extinguishable
inextricable,extricable
infallible,fallible
infected,disinfect
infected,antiseptic
infectious,noninfectious
infelicitous,felicitous
inferior,superior|superscript
inferior,superior|superior|adscript|superior
infernal,supernal
infertile,fertile
infinite,finite|finite
inflated,deflate|deflate|deflate
inflationary,deflationary
inflected,uninflected|uninflected
inflectional,derivational
inflexible,flexible|compromising|flexible
influential,uninfluential
informal,formal|formal
informative,unenlightening|uninstructive|uninformative
informatory,uninformative
informed,uninformed
infrequent,frequent
ingenuous,disingenuous
inglorious,glorious
inhabited,uninhabited
inharmonious,harmonious
inheritable,noninheritable
inhibited,uninhibited
inhospitable,hospitable|hospitable
inhumane,humane
inhumed,unburied
injectable,uninjectable
injured,uninjured
inland,coastal
innate,conditioned
inner,outer
innocent,guilty
innocuous,noxious
innumerate,numerate
inodorous,odorous
inoffensive,offensive|offensive|dysphemistic
inoperable,operable
inoperative,operative
inopportune,opportune
inorganic,organic|organic
inquiring,uninquiring
inquisitorial,accusatorial
insane,sane
insanitary,sanitary
insatiable,satiate
insatiate,satiate
insectivorous,carnivorous
insecure,secure|secure|secure
insensate,sentient
insensible,sensible
insensitive,sensitive|sensitive
insentient,sentient
inshore,offshore
inside,outside|outside
inside,outside
inside,outside;outdoors|outside|outwardly
insignificant,significant
insincere,sincere
insoluble,soluble|soluble
insolvent,solvent
inspired,exhale
inspiring,exhale
inspiring,uninspiring
institutional,noninstitutional
institutionalised,noninstitutionalized
institutionalized,noninstitutionalized
instructive,uninstructive
instrumental,vocal
insubordinate,subordinate
insubstantial,substantial
insufficient,sufficient
insured,uninsured
insurmountable,surmountable
insusceptible,susceptible
intangible,tangible|tangible
integrated,disintegrate|segregate|differentiate
integrated,nonintegrated|segregated
integrative,disintegrative
intellectual,nonintellectual|emotional
intelligent,unintelligent
intelligible,unintelligible
intemperate,temperate|temperate
intended,unintended
intense,mild
intensified,de-escalate
intensifying,de-escalate
intensifying,moderating
intensive,extensive
intentional,undesigned
interactive,antagonistic
intercontinental,continental
interdepartmental,intradepartmental
interested,bore
interested,uninterested
interesting,bore
interesting,uninteresting
interior,outside|outside
interior,exterior
interlaced,untwine
interlacing,untwine
intermediate,terminal
internal,external
international,national
interred,unburied
interrogative,declarative;declaratory
interrogatory,declarative;declaratory
interspecies,intraspecies
interspecific,intraspecies
interstate,intrastate
interwoven,unweave
intestate,testate
intolerable,tolerable
intolerant,tolerant
intoxicated,depress
intoxicated,sober
intoxicating,depress
intra vires,ultra vires
intracellular,extracellular
intractable,tractable
intradepartmental,interdepartmental
intramural,extramural
intransitive,transitive
intraspecies,interspecies
intraspecific,interspecies
intrastate,interstate
intrinsic,extrinsic
intrinsical,extrinsic
introspective,extrospective
introversive,extroversive
introverted,extrospective
introvertive,extroversive
intrusive,unintrusive|extrusive|protrusive
invalid,valid
invalidated,validate|validate|validate
invalidating,validate|validate|validate
invariable,variable
invasive,noninvasive|confined
inverse,direct
invertebrate,vertebrate
inverted,amphitropous
invertible,non-invertible
invigorated,deaden
invigorating,deaden
invigorating,debilitating
inviolable,violable
invisible,visible|conspicuous
inviting,uninviting
involuntary,voluntary|voluntary
involved,obviate
involved,uninvolved
invulnerable,vulnerable
inward,outward
inward,outward
iodinated,de-iodinate
iodinating,de-iodinate
iodinating,de-iodinating
ionic,nonionic
ionised,nonionized
ionized,nonionized
ipsilateral,contralateral
ironed,unironed
irrational,rational|rational
irreconcilable,reconcilable
irrecoverable,recoverable
irreducible,reducible
irregular,regular|regular|regular
irrelevant,relevant
irreligious,religious
irremediable,remediable
irremovable,removable
irreparable,reparable
irreplaceable,replaceable
irreproducible,reproducible
irresistible,resistible
irresolute,resolute
irresponsible,responsible
irreverent,reverent
irreversible,reversible
irrevocable,revocable
irrevokable,revocable
irritated,soothe
irritating,soothe
isometric,isotonic
isosmotic,hypertonic
isotonic,hypertonic|isometric
isotropic,anisotropic
isotropous,anisotropic
jade,refresh
jaded,refresh
jammed,free
jawed,jawless
jawless,jawed
joined,disjoin|disjoin
joint,separate
jolly,unreasonably;immoderately
jolting,smooth
jolty,smooth
joyful,sorrowful
joyless,joyous
joyous,joyless
judgmental,nonjudgmental
juiceless,juicy
juicy,juiceless
jumpy,smooth
junior,senior
just,unjust|inequitable|unfair
justified,blame
juvenile,adult
katabatic,anabatic
katabolic,anabolic
kept,discontinue|lose|let|break
kept,broken
key,atonality
keyed,keyless
keyless,keyed
kind,unkind
kindly,unkindly
knotted,unravel;unknot
knowable,unknowable
knowing,ignore
known,ignore
known,unknown
labeled,unlabeled
labelled,unlabeled
laced,untwine
laced,unlaced
lacking,have
lactating,bottlefeed
lactating,dry
lamented,unlamented
landed,landless
landless,landed
lap-strake,carvel-built
lap-straked,carvel-built
lap-streak,carvel-built
lap-streaked,carvel-built
larboard,starboard
large,small;little
larger,small;little
lashing,unlash
last,first
lasting,impermanent|caducous
late,early|early|early
late,early
later,early|early|early|early
latest,early|early|early
latter,former
latter,former
laughing,cry
laureled,unlaureled
laurelled,unlaureled
lawful,unlawful
lax,tense|tense
laxative,costive
lay,stand|arise
leaded,follow
leaded,unleaded
leading,follow
leading,following
leadless,leaded
leafless,leafy
leafy,leafless
leaky,tight
lean,fat|rich
learned,unconditioned
leased,unchartered
least,most
least,most
leaved,arrive|enter|disinherit
leavened,unleavened
lee,windward
leeward,windward|windward
leeward,windward
leeward,windward;downwind
left,right
left,arrive|enter|disinherit
left,right|center
left,right
left-handed,ambidextrous
legal,illegal
legato,staccato
legato,staccato
legged,legless
legible,illegible
legitimate,outlaw;outlaw;criminalize;criminalise
legitimate,illegitimate
legless,legged
lengthened,shorten|shorten
lengthways,crosswise
lengthwise,crosswise
lentic,lotic
leptorhine,catarrhine
leptorrhine,catarrhine
leptorrhinian,catarrhine
leptorrhinic,catarrhine
leptosporangiate,eusporangiate
less,more
less,more|more
lessened,increase|increase
lesser,greater|more
lethargic,energetic
level,raise
liberal,conservative
liberal,conservative
liberated,confine
licenced,decertify
licensed,decertify
licit,illicit
lidded,lidless
lidless,lidded
lifted,lower|fall
light,dark
light,extinguish
light,heavy|dark|heavy|heavy|heavy|dark|heavy|heavy
light-colored,dark
light-duty,heavy-duty
light-footed,heavy-footed
light-haired,brunet
lighted,extinguish
lighted,unlighted
likable,unsympathetic
like,dislike
like,unlike|unlike|unalike
likeable,unsympathetic
liked,dislike
liked,disliked
likely,unlikely|improbable
limbed,limbless
limbless,limbed
limited,local
limited,unlimited
limitless,limited
lineal,collateral
linear,nonlinear|planar|digital
lined,unlined
lingual,nonlinguistic
linguistic,nonlinguistic
linked,dissociate|disconnect
lipless,lipped
lipped,lipless
liquid,gaseous|unmelted
liquified,unmelted
listed,unlisted
lit,extinguish
lit,unlighted
literal,figurative
literate,illiterate|illiterate
little,large;big|much|tall
littler,large;big|much|tall
livable,unlivable
live,recorded|dead|dead
live-bearing,oviparous
liveable,unlivable
lively,dull
liveried,unliveried
living,dead
loaded,unloaded
loamless,loamy
loamy,loamless
local,express
local,national|general
logical,illogical|incoherent
long,short|short|unretentive|short|short
long-spurred,short-spurred
looking,back
loose,confine|stiffen|stiffen
loose,compact|tight|affixed
loosened,stiffen|stiffen
lossless,lossy
lossy,lossless
lost,keep|win|find|profit|win|gain
lost,found|saved|won
lotic,lentic
loud,soft|piano
loud,softly
lovable,hateful
loveable,hateful
loved,hate
loved,unloved
loving,hate
loving,unloving
low,high
low,high|high|high
low-class,middle-class
low-interest,high-interest
low-level,dominant
low-pitched,high
low-resolution,high-resolution
low-rise,high-rise
low-sudsing,high-sudsing
low-tech,high-tech
low-tension,high-tension
low-voltage,high-tension
lowborn,noble
lower-class,middle-class
lowercase,uppercase
lowercase,uppercase
lowered,raise
lowered,raised
lowering,raise
lowest,high|high|high
lowland,highland
lowland,upland
loyal,disloyal|unpatriotic
lubricated,unlubricated
luckless,lucky
lucky,unlucky
lyric,dramatic
machine-made,handmade
made,unmake|break
made,unmade
magnetic,antimagnetic|nonmagnetic|geographic
magnetised,demagnetize;demagnetise
magnetised,antimagnetic
magnetized,demagnetize;demagnetise
magnetized,antimagnetic
magnified,understate|reduce
main,dependent
major,minor|minor|minor|minor|minor|minor|minor
majuscule,lowercase
majuscule,minuscule
maladaptive,adaptive
maladjusted,adjusted
maladroit,adroit
malapropos,apropos
malapropos,opportunely
male,female|female
male,female
maledict,bless
maleficent,beneficent
malfunctioning,function
malfunctioning,functioning
malicious,unmalicious
malign,benign
malignant,benign
malnourished,nourished
malodorous,fragrant
malodourous,fragrant
malted,unmalted
maltreated,unabused
manageable,unmanageable
manful,unmanly
manipulable,intractable
manlike,unmanly
manly,unmanly
manly,unmanfully
manned,unmanned
manual,automatic
many,few
many-sided,unilateral
marked,ignore
marked,unmarked
married,unmarried
masculine,feminine|feminine
masked,unmask
masochistic,sadistic
mat,disentangle;unsnarl
matched,disagree
matched,mismatched
matching,disagree
mated,disentangle;unsnarl
mated,unmated
material,immaterial|immaterial|incorporeal|insubstantial
maternal,paternal|filial
mathematical,verbal
matriarchal,patriarchal
matted,disentangle;unsnarl
mature,immature|immature|green|unfledged
maxi,mini
maximal,minimal;minimum
maximising,minimize;minimise
maximizing,minimize;minimise
maximum,minimum|minimum
maximum,minimal;minimum
meager,ample
meagerly,ample
meagerly,amply
meagre,ample
meaningful,meaningless
meaningless,meaningful
meanspirited,generous
measurable,immeasurable
meatless,meaty
meaty,meatless
mechanical,nonmechanical
mediate,immediate
medical,surgical
medullated,unmyelinated
meet,diverge
melodic,unmelodious
melodious,tuneless|unmelodious
melted,unmelted
membered,memberless
memberless,membered
mensurable,immeasurable
mental,physical
merciful,merciless
merciless,merciful
merged,disunify
merging,disunify
merited,unmerited
meshed,disengage
mesial,distal
mesic,xeric
mesomorphic,ectomorphic
metabolic,ametabolic
metabolous,ametabolic
metal,nonmetallic
metallic,nonmetallic
metamorphic,nonmetamorphic
middle,end|end
middle,late|late
middle-class,upper-class
middling,unreasonably;immoderately
midi,maxi
migratory,nonmigratory
mild,intense
militarised,demilitarize;demilitarise
militarized,demilitarize;demilitarise
military,unmilitary|civilian
minded,forget
mindful,unmindful
mindless,mindful
mined,unmined
mini,midi
minimal,maximal;maximum
minimized,maximize;maximise|overstate
minimum,maximum|maximum
minimum,maximal;maximum
minor,major|major|major|major|major|major|major
minus,plus
minuscular,majuscule
minuscule,uppercase
minuscule,majuscule
miscible,immiscible
mismatched,matched
missed,attend|attend to|have|hit
missing,attend|attend to|have|hit
mistreated,unabused
misused,used
mitigated,unmitigated
mixable,immiscible
mixed,segregate
mobile,stabile
mobile,immobile
moderate,immoderate
moderating,intensifying
modern,old style
modern,nonmodern
modest,immodest|immodest
modifiable,unmodifiable
modified,unmodified
modulated,unmodulated
molar,molecular
molecular,molar
monaural,binaural
monecious,dioecious
moneyed,moneyless
moneyless,moneyed
monied,moneyless
monochromatic,polychromatic
monoclinic,triclinic
monoclinous,diclinous
monocotyledonous,dicotyledonous
monoecious,dioecious
monogamous,polygamous
monoicous,dioecious
monolingual,multilingual
mononuclear,binucleate
mononucleate,binucleate
monophonic,polyphonic
monoploid,diploid
monotheistic,polytheistic
monotone,nonmonotonic
monotonic,nonmonotonic
monovalent,polyvalent|polyvalent
monovular,fraternal
moonless,moonlit
moonlit,moonless
moony,moonless
moral,immoral
more,less|fewer
more,less|less
more than,less
mortal,immortal
most,fewest|least
most,least
motivated,unmotivated
motored,unmotorized
motorial,afferent
motorised,unmotorized
motorized,unmotorized
motorless,motorized
mounted,wane|hop out
mouthless,stomatous
moved,stay in place|stand still|stay|rest|refrain
moved,unmoved
moving,stay in place|stand still|stay|rest|refrain
moving,nonmoving|unmoving|still
mown,unmown
much,little
multidimensional,unidimensional
multiform,uniform
multilane,single-lane
multilateral,unilateral
multilingual,monolingual
multinucleate,uninucleate
multiparous,uniparous
multiple,single
multiple-choice,true-false
multiplied,divide
multivalent,univalent|monovalent
muscular,ectomorphic
musical,unmusical|unmusical|unmelodious
mutable,immutable
mutual,nonreciprocal
myelinated,unmyelinated
myopic,farsighted
mystified,demystify
mystifying,demystify
naif,sophisticated
naive,sophisticated
narrow,widen|diversify;diversify
narrow,wide|broad-minded|wide
narrow-minded,unshockable|broad-minded
narrowed,widen|diversify;diversify
narrowing,widening|widening
narrowing,widen|diversify;diversify
nascent,dying
nasty,nice
national,international|local
native,foreign|adopted|nonnative
natural,unnatural|artificial|supernatural|sharp
naturalised,denaturalize|denaturalize
naturalized,denaturalize|denaturalize
near,far
nearsighted,farsighted
necessary,inessential
necessary,unnecessary
necked,neckless
neckless,necked
needed,obviate
negative,affirmative
negative,neutral|affirmative|positive|positive
neglected,attend to
negligent,diligent
net,gross
nett,gross
neurotic,unneurotic
neuter,masculine
neutral,positive|chromatic
new,old|worn
nice,nasty
nidicolous,nidifugous
nidifugous,nidicolous
nigh,far
no,yes
no,all
no-go,go
noble,Lady;noblewoman
noble,lowborn|ignoble
nocturnal,diurnal
noisy,quiet
nominal,real
nominative,oblique
nomothetic,idiographic
non-conducting,conductive
non-finite,finite
non-invertible,invertible
non-living,animate
non-miscible,miscible
nonabsorbent,absorbent
nonabsorptive,absorbent
nonaddictive,addictive
nonadhesive,adhesive
nonadsorbent,adsorbent
nonadsorptive,adsorbent
nonaged,major
nonaggressive,aggressive
nonalcoholic,alcoholic
nonaligned,aligned
nonarbitrable,arbitrable
nonarbitrary,arbitrary
nonarboreal,arboreal
nonassociative,associative
nonastringent,astringent
nonbearing,bearing
noncausal,causative
noncausative,causative
noncellular,cellular
noncivilised,civilized
noncivilized,civilized
nonclassical,classical
noncollapsable,collapsible
noncollapsible,collapsible
noncolumned,columned
noncombinative,combinative
noncombustible,combustible
noncommercial,commercial
noncommissioned,commissioned
noncompetitive,competitive
noncompliant,compliant
noncomprehensive,comprehensive
nonconcentric,concentric
nonconducting,conductive
nonconductive,conductive
nonconformist,Anglican|conformist
nonconformist,conformist
noncontinuous,continuous
noncontroversial,controversial
noncritical,critical|critical|critical
noncrucial,crucial|critical
noncrystalline,crystalline
noncurrent,current
noncyclic,cyclic
noncyclical,cyclic
nondeductible,deductible
nondisposable,disposable|disposable
nonechoic,echoic
noneffervescent,sparkling|effervescent
nonenterprising,enterprising
nonessential,essential
nonexempt,nontaxable|exempt
nonexistent,existent
nonexplorative,exploratory
nonexploratory,exploratory
nonexplosive,explosive
nonextant,extant
nonextensile,extensile
nonfat,fatty
nonfatal,fatal
nonfictional,fictional
nonfinancial,financial
nonfissile,fissile
nonfissionable,fissionable
nonflowering,flowering
nonfunctional,functional|functioning
nonharmonic,harmonic
nonheritable,inheritable
nonhierarchic,hierarchical
nonhierarchical,hierarchical
nonhuman,human
nonimitative,imitative
nonindulgent,indulgent
nonindustrial,industrial
noninfectious,infectious
noninheritable,inheritable
noninstitutional,institutional
noninstitutionalised,institutionalized
noninstitutionalized,institutionalized
nonintegrated,integrated
nonintellectual,intellectual
noninvasive,invasive
nonionic,ionized|ionic
nonionised,ionized
nonionized,ionized
nonjudgmental,judgmental
nonlinear,linear
nonlinguistic,linguistic
nonliteral,literal
nonliving,animate
nonmagnetic,magnetic
nonmaterial,material
nonmeaningful,meaningful
nonmechanical,mechanical
nonmetal,metallic
nonmetallic,metallic
nonmetamorphic,metamorphic
nonmigratory,migratory
nonmilitary,military
nonmodern,modern
nonmonotonic,monotonic
nonmoving,moving
nonmusical,musical|musical
nonnative,native
nonoperational,operational
nonparticulate,particulate
nonpartisan,partisan
nonpartisan,partisan
nonpartizan,partisan
nonpartizan,partisan
nonpasserine,passerine
nonperiodic,periodic
nonphotosynthetic,photosynthetic
nonpolar,ionic
nonpolitical,political
nonporous,porous
nonpregnant,pregnant
nonprehensile,prehensile
nonprescription,prescription
nonprofessional,professional
nonproprietary,proprietary
nonprotractile,extensile
nonpsychoactive,psychoactive
nonracial,racial
nonradioactive,radioactive
nonrandom,random
nonreciprocal,reciprocal
nonreflecting,reflective
nonreflective,reflective
nonrenewable,renewable
nonrepetitive,repetitive
nonrepresentational,representational
nonrepresentative,representative
nonresident,resident
nonresident,resident
nonresidential,residential
nonresonant,reverberant
nonreticulate,reticulate
nonretractable,retractile
nonretractile,retractile
nonreturnable,returnable
nonreversible,reversible
nonrigid,rigid
nonruminant,ruminant
nonsectarian,sectarian
nonsexual,sexual
nonsignificant,significant
nonslippery,slippery
nonspatial,spatial
nonspeaking,speaking
nonspecific,specific
nonspherical,spherical
nonstandard,standard|standard|standard
nonsteroidal,steroidal
nonsubjective,subjective
nonsubmergible,submersible
nonsubmersible,submersible
nonsuppurative,suppurative
nonsurgical,surgical
nonsweet,sugary
nonsyllabic,syllabic|syllabic
nontaxable,taxable
nontechnical,technical
nonterritorial,territorial
nonthermal,thermal
nontoxic,toxic
nontraditional,traditional
nontranslational,translational
nonunion,union
nonviolent,violent
nonvolatile,volatile
nonvolatilisable,volatile
nonvolatilizable,volatile
nonvoluntary,voluntary
nonwashable,washable
nonwoody,woody
normal,abnormal|paranormal|abnormal
normative,descriptive
normotensive,hypertensive
north,south
northern,southern|southern
nosed,noseless
noseless,nosed
not intrusive,intrusive
not surprised,surprised
noted,ignore
noticeable,unnoticeable|unobtrusive
noticed,ignore
noticed,unnoticed
nourished,malnourished
noxious,innocuous
nuclear,conventional
nullified,validate|validate
numerate,innumerate
numerical,verbal
nursed,bottlefeed
o.k.,disapprove
obedient,disobedient
objective,subjective
oblate,prolate
obligate,facultative
obligated,unobligated
obligatory,optional
obliged,disoblige
obliging,disoblige
oblique,nominative
oblique,parallel
observed,disrespect|break
observing,disrespect|break
obstinate,docile
obstructed,free
obstructed,unobstructed
obtrusive,unobtrusive
obtuse,acute
obviating,necessitate
obvious,unobvious
occluded,free
occlusive,continuant consonant
occupied,unoccupied|unoccupied
odd,even
odorless,odorous
odorous,odorless
odourless,odorous
of import,unimportant
off,on|on
off-line,on-line|on-line
off-site,on-site
off-street,on-street
offended,keep
offending,keep
offending,unoffending
offensive,defensive|inoffensive|savory|inoffensive|euphemistic
official,unofficial
offshore,inshore
offshore,onshore
offside,onside
offsides,onside
offstage,onstage
offstage,onstage
oiled,unoiled
okay,disapprove
old,young|new
older,young|new
oleophilic,oleophobic
oleophobic,oleophilic
omnidirectional,directional
omnivorous,insectivorous
on,off|off
on-line,off-line|off-line
on-site,off-site
on-street,off-street
one-dimensional,multidimensional|planar
one-piece,two-piece
one-sided,reversible|multilateral
one-year,biennial
online,off-line|off-line
onomatopoeic,nonechoic
onomatopoeical,nonechoic
onomatopoetic,nonechoic
onshore,offshore
onshore,offshore
onside,offside
onstage,offstage
onstage,offstage
onymous,anonymous
opaque,clear
open,close|close|close|close|fold|close
open,shut|closed|closed|closed|unreceptive|covert
open-chain,cyclic
opened,close|close|close|close|fold|close
opened,closed
opening,closing
opening,close|close|close|close|fold|close
opening,closing
operable,inoperable
operating,malfunction|disengage
operational,nonoperational
operative,inoperative|medical
opisthognathous,prognathous
opponent,agonist
opportune,inopportune
opposable,unopposable
opposed,unopposed
opposite,synonym
opposite,alternate
optimistic,pessimistic
optional,obligatory
oral,aboral|anal
ordered,deregulate|disorder
ordered,disordered|disarranged|incoherent
orderly,disorderly
ordinal,cardinal
ordinary,extraordinary
organic,inorganic|inorganic|functional
organised,disorganize;disorganise
organized,disorganize;disorganise
organized,unorganized|disorganized
orientated,disorient
orientated,unoriented
orientating,disorient
orientating,disorienting
oriented,disorient
oriented,unoriented
orienting,disorient
orienting,disorienting
original,unoriginal
originative,uncreative
orthodox,unorthodox
orthotropous,campylotropous
ostentatious,unostentatious
other,same
out,safe
out-of-door,indoor
outboard,inboard
outbred,inbred
outdoor,indoor
outer,inner|safe
outgoing,incoming|incoming
outlaw,legalize;decriminalize;decriminalise
outlawed,legalize;decriminalize;decriminalise
outside,inside|inside
outside,inside|indoor
outside,inside;indoors|inside
outward,inward
outward,inward
over-the-counter,prescription
overarm,underhand
overcast,clear up
overdressed,underdress|underdress;dress down
overhand,underhand
overhanded,underhand
overhead,surface
overlooked,attend to
overlooking,attend to
overshot,undershoot
overstated,understate
overt,covert
oviparous,ovoviviparous
ovoviviparous,viviparous
owned,unowned
ownerless,owned
oxidised,deoxidize;deoxidise
oxidized,deoxidize;deoxidise
packaged,unbox
packaged,unpackaged
packed,unpack
paid,default
paid,unpaid
painful,painless
painless,painful
paintable,unpaintable
painted,unpainted|unpainted
paired,alternate
palatable,unpalatable
palingenetic,cenogenetic
palpable,impalpable
paradigmatic,syntagmatic
parallel,perpendicular
paranormal,sensory|normal
pardonable,unpardonable
parental,filial|filial
parented,unparented
parentless,parented
part-time,full-time
part-time,full-time
partial,impartial
participating,drop out
particular,general;general|universal;universal proposition
particularised,generalize
particularized,generalize
particulate,nonparticulate
partisan,nonpartisan
partisan,nonpartisan
partizan,nonpartisan
parttime,full-time
pass,failing
pass,fail|fail|be born
pass,running
passable,impassable
passerine,nonpasserine
passing,failing
passing,fail|fail|be born
passing,running
passionate,passionless
passionless,passionate
passive,active voice
passive,active|active
past,future
past,present
paternal,maternal|filial
patient,impatient
patriarchal,matriarchal
patriotic,unpatriotic
patronised,boycott;boycott
patronised,unpatronized
patronising,boycott;boycott
patronized,boycott;boycott
patronized,unpatronized
patronizing,boycott;boycott
patronless,patronized
patterned,plain
paved,unpaved
paying,default
paying attention,inattentiveness
paying attention,heedless
peaceable,unpeaceful
peaceful,unpeaceful
peaked,bottom out
pedunculate,sessile
peeled,dress
penetrable,impenetrable
penitent,impenitent;unrepentant
perceptible,imperceptible
perceptive,unperceptive
perennial,annual
perfect,imperfect
perinatal,postnatal
periodic,aperiodic
periodical,aperiodic
peripheral,central
peripteral,apteral
perishable,imperishable
permanent,impermanent
permeable,impermeable
permissible,impermissible
permissive,preventive|unpermissive
perpendicular,oblique|inclined
perplexed,simplify
perplexed,unperplexed
perplexing,simplify
persistent,caducous
personal,impersonal
personalised,depersonalize;depersonalise
personalized,depersonalize;depersonalise
persuasive,dissuasive
pervious,impervious
pessimistic,optimistic
petaled,apetalous
petalled,apetalous
petalless,petalous
petalous,apetalous
petty,grand larceny
phlegmy,dry
photosynthetic,nonphotosynthetic
physical,mental
pianissimo,fortissimo
piano,forte
piano,forte
pigeon-toed,splayfooted
pious,impious
pistillate,acarpelous
placable,implacable
placed,divest
placental,aplacental
plain,cheer
plain,fancy|patterned
planar,cubic
planned,unplanned
planted,unplanted
plantigrade,digitigrade mammal
plantigrade,digitigrade
platyrhine,catarrhine
platyrhinian,catarrhine
platyrrhine,catarrhine
platyrrhinian,catarrhine
platyrrhinic,catarrhine
plausible,implausible
playable,unplayable
playful,unplayful
pleading,imperative
pleasant,unpleasant
pleased,displease
pleased,displeased
pleasing,displease
pleasing,displeasing
pleurocarpous,acrocarpous
ploughed,unplowed
plowed,unplowed
plucked,undercharge
plucked,bowed
plucky,gutless
plumbable,unfathomable
plumed,undercharge
plural,singular
plural,singular|singular
plus,liability
plus,minus
pointed,pointless
pointless,pointed
polar,equatorial
polished,unpolished
polite,impolite|uncivil
politic,impolitic
political,nonpolitical
polychromatic,monochromatic
polygamous,monogamous
polyphonic,monophonic
polyploid,haploid
polytheistic,monotheistic
polyvalent,monovalent|monovalent
ponderable,imponderable
poor,rich people;rich
poor,rich|rich|rich
poorly,well
popular,unpopular
poriferous,nonporous
porous,nonporous
port,starboard
portable,unportable
posed,unposed
positive,negative|negative|negative
possible,impossible|actual
posterior,anterior
postmeridian,antemeridian
postmortal,antemortem
postmortem,antemortem
postnatal,prenatal
postnuptial,prenuptial
postpartum,prenatal
postprandial,preprandial
postwar,prewar
potable,undrinkable
potent,impotent|impotent
potential,actual
potted,unpotted
powered,unpowered
powerful,powerless
powerless,powerful
practical,impractical
praising,criticize
precedented,unprecedented
preceding,postdate|succeed|follow
preceding,succeeding
precise,imprecise
precocial,altricial
precocious,retarded
predicative,attributive
predictable,unpredictable
pregnant,nonpregnant
prehensile,nonprehensile
prejudiced,unprejudiced
premarital,postnuptial
premature,full-term
premeditated,unpremeditated
prenatal,perinatal
prenominal,predicative
prenuptial,postnuptial
prepared,unprepared
preprandial,postprandial
presbyopic,nearsighted
prescription,over-the-counter drug;over-the-counter medicine
prescription,nonprescription
prescriptive,descriptive
present,future|absent
preserved,discontinue
preserved,fresh|destroyed
presidential,unpresidential
pretentious,unpretentious|unostentatious
pretty,unreasonably;immoderately
preventable,unpreventable
preventative,permissive
preventive,permissive
prewar,postwar
priestlike,unpriestly
priestly,unpriestly
primary,secondary
principled,unprincipled
printable,unprintable
private,public
privileged,underprivileged
prix fixe,a la carte
prize,disrespect;disesteem
pro,amateur|con
pro,anti
pro,con
pro-american,anti-American
pro-choice,pro-life
pro-life,pro-choice
proactive,retroactive
probable,improbable
procaryotic,eukaryotic;eucaryotic
procedural,substantive
processed,unrefined|unprocessed
productive,unproductive|consumptive
profane,sacred
professional,amateur
professional,nonprofessional|unprofessional
profitable,unprofitable
profound,superficial
prognathic,opisthognathous
prognathous,opisthognathous
progressive,conservative
progressive,regressive|regressive
prohibited,permit;allow
prokaryotic,eukaryotic;eucaryotic
prolate,oblate
prolix,concise
pronounceable,unpronounceable
proper,improper
prophetic,unprophetic
prophetical,unprophetic
propitious,unpropitious
proportionate,disproportionate
proprietary,nonproprietary
proscribed,permit;allow
prospective,retrospective
protected,unprotected
protective,unprotective
protrusive,intrusive
proud,humble
proved,disprove
proved,unproved
proven,disprove
proven,unproved
provident,improvident
provincial,cosmopolitan
provocative,unprovocative
proximal,distal
proximate,ultimate
prudent,imprudent
psychoactive,nonpsychoactive
psychoneurotic,unneurotic
psychotropic,nonpsychoactive
public,private
publicised,suppressed
publicized,suppressed
publishable,unpublishable
published,unpublished
pumpkin-shaped,prolate
punctual,unpunctual
puncturable,punctureless
punctureless,puncturable
punished,unpunished
punitive,rehabilitative
punitory,rehabilitative
pure,impure|unsaturated|impure
purebred,crossbred
purging,rehabilitate|keep down
purifying,adulterating
purposeful,purposeless
purposeless,purposeful
put on,reduce
pyknic,mesomorphic
pyretic,antipyretic
quadruped,bipedal;biped
quadrupedal,bipedal;biped
qualified,disqualify|disqualify
qualified,unqualified|unqualified
qualitative,quantitative
quantitative,qualitative|syllabic
quenched,ignite
questionable,unquestionable
quiet,sound
quiet,louden|agitate
quiet,unquiet|noisy|active
quiet,unquietly
quits,continue|take office|stay|enter
quotable,unrepeatable;unquotable
racial,nonracial
radical,cauline
radio-opaque,radiolucent
radioactive,nonradioactive
radiolucent,radiopaque
radiopaque,radiolucent
raised,lower|level|demote
raised,lowered
raising,lower|level|demote
rallying,demobilize
random,nonrandom
rational,irrational|irrational
ravishing,disenchant
raw,cooked
razed,raise
re-entrant,salient
reactive,unreactive
ready,unready
ready-made,custom-made
ready-made,custom-made
real,unreal|unreal|nominal|insubstantial
realistic,unrealistic
rear,head|front|front|front
rear,level
rearing,level
rearward,forward
reasonable,unreasonable
reassured,worry
reassuring,worry
reassuring,unreassuring
receding,advance|gain
received,say farewell
received,nonstandard
receptive,unreceptive
recessive,dominant
reciprocal,nonreciprocal
recollective,unretentive
reconcilable,irreconcilable
reconstructed,unreconstructed
recorded,erase
recorded,live
recoverable,unrecoverable
recovered,deteriorate
recovering,deteriorate
rectifiable,irreparable
rectified,falsify
recusant,conformist
red,gain
reduced,blow up|oxidize;oxidise|expand|gain
reduced,increased
reducible,irreducible
reentrant,salient
refined,unrefined|unrefined
reflected,unreflected
reflective,nonreflective
refreshed,tire
refreshing,tire
regenerate,unregenerate
registered,unregistered|unregistered
regressive,progressive|progressive
regretful,unregretful
regular,irregular|irregular|irregular|constipated
regulated,deregulate
regulated,unregulated
rehabilitative,punitive
rejected,accept|accept|approve|admit
rejective,acceptive
related,dissociate
related,unrelated|unrelated
related to,unrelated
relative,absolute
relaxed,tense|stiffen|tense;strain
relaxed,tense
relaxing,tense|stiffen|tense;strain
relaxing,restless
releasing,hold|confine|block;freeze
relevant,irrelevant
reliable,unreliable;undependable
relieved,enforce
religious,irreligious|secular
relinquished,hold
remaining,change
remediable,irremediable
remote,close
remote-controlled,manned
removable,irremovable
renewable,unrenewable
rentable,unrentable
reparable,irreparable
repeatable,unrepeatable;unquotable
repelling,attract|attract
repentant,impenitent;unrepentant
repetitious,nonrepetitive
repetitive,nonrepetitive
replaceable,irreplaceable
reportable,unreportable
reported,unreported
reposeful,restless
representational,nonrepresentational
representative,nonrepresentative
represented,prosecute
represented,undelineated
reprobate,approbate
reproducible,unreproducible
repulsive,attractive
reputable,disreputable
requested,unrequested
required,obviate
requisite,inessential
resentful,unresentful
reserved,unreserved|unreserved
resident,nonresident
resident,nonresident|migratory
residential,nonresidential
resistible,irresistible
resistless,resistible
resolute,irresolute
resolved,unsolved
respectable,unrespectable
respected,disrespect;disesteem|disrespect
respectful,disrespectful
responsible,irresponsible
responsive,unresponsive
rested,be active|change
rested,tired
restful,restless
restless,restful
restrained,unrestrained
restricted,derestrict
restricted,unrestricted
restricting,derestrict
restrictive,unrestrictive
retarded,accelerate
retarded,precocious
retentive,unretentive
reticular,nonreticulate
reticulate,nonreticulate
retired,advance|get up;turn out
retiring,advance|get up;turn out
retractile,nonretractile
retroactive,proactive
retrograde,progress
retrograde,direct|anterograde
retrorse,antrorse
retrospective,prospective
returnable,nonreturnable
revealing,concealing
reverberant,unreverberant
reverend,layman
reverent,irreverent
reverse,obverse
reverse,forward
reversible,irreversible|nonreversible
revived,unrevived
revocable,irrevocable
revokable,irrevocable
revolutionary,counterrevolutionary
rewarding,dishonor
rewarding,unrewarding
rh-negative,rh-positive
rh-positive,rh-negative
rhetorical,unrhetorical
rhymed,unrhymed
rhymeless,rhymed
rhyming,unrhymed
rhythmic,unrhythmical
rhythmical,unrhythmical
ribbed,ribless
ribless,ribbed
rich,poor people;poor
rich,poor|poor|lean|poor
rifled,unrifled
rigged,unrigged
right,left|wrong;wrongfulness
right,wrong|falsify
right,left|incorrect;wrong|wrong|wrong|left
right,left|improperly|incorrectly;wrongly
right-handed,left-handed
righteous,unrighteous
rigid,nonrigid
rimeless,rhymed
riming,unrhymed
rimless,rimmed
rimmed,rimless
ripe,green
risen,fall|sit down|wane|go to bed;turn in|set
rising,fall
rising,fall|sit down|wane|go to bed;turn in|set
rising,falling
robed,undercharge
robust,frail
rocky,smooth
rolled,unwind
rolling,unwind
roly-poly,thin person
romantic,classicist
romanticist,classicist
roofed,roofless
roofless,roofed
rose,fall|sit down|wane|go to bed;turn in|set
rough,smooth|smooth|smooth|cut
roughened,smooth
round,square
rounded,angular
rousing,calm|cause to sleep
rude,civil
rugged,delicate|unfurrowed
ruminant,nonruminant
run-on,end-stopped
running,malfunction|idle
running,standing|passing|standing
rural,urban
rush,linger|delay
rushed,linger|delay
rusted,rustless
rustless,rusted
sacked,hire
sacred,profane
sad,glad
saddled,unsaddle
saddled,unsaddled
sadistic,masochistic
safe,dangerous|out
salable,unsalable
salaried,freelance
saleable,unsalable
salient,re-entrant
salty,fresh
same,other|different|unlike
sanctified,desecrate
sanctioned,disapprove
sanctioning,disapprove
sandlike,argillaceous
sandy,argillaceous
sane,insane
sanitary,unsanitary
saponified,unsaponified
sarcastic,unsarcastic
satiate,insatiate
satiated,insatiate
satisfactory,unsatisfactory
satisfied,fall short of|dissatisfy
satisfying,fall short of|dissatisfy
saturated,unsaturated|unsaturated|unsaturated
saved,lost
savory,unsavory
savoury,unsavory
scalable,unscalable
scarce,abundant
scented,deodorize;deodourise
scented,scentless
scentless,scented
scheduled,unscheduled
scholarly,unscholarly
scientific,unscientific
scrambled,unscramble
scrimpy,ample
scripted,unscripted
scrupulous,unscrupulous
sealed,unseal
sealed,unsealed|unsealed
seamanlike,unseamanlike
seamanly,unseamanlike
seamed,seamless
seamless,seamed
seasonable,unseasonable
seasonal,year-round
seasoned,unseasoned
seated,standing
seaward,inshore|offshore
seaworthy,unseaworthy
second,first
secondary,primary
sectarian,nonsectarian
secular,clergyman
secular,unworldly|sacred|religious
secure,unfasten
secure,insecure|insecure|insecure
sedate,stimulate
sedimentary,igneous
seductive,unseductive
seeable,invisible
seeded,unseeded
seedless,seedy
seedy,seedless
segregated,desegregate
segregated,integrated
selected,unselected
self-asserting,unassertive
self-assertive,unassertive
self-centered,altruistic
self-centred,altruistic
self-employed,salaried
self-examining,extrospective
self-generated,induced
selfish,unselfish
selfless,egoistic
senior,junior
sensational,unsensational
sensible,unreasonable|insensible
sensitised,desensitize;desensitise|desensitize
sensitising,desensitize;desensitise|desensitize
sensitising,desensitizing
sensitive,insensitive|insensitive|insensible
sensitized,desensitize|desensitize;desensitise
sensitizing,desensitize|desensitize;desensitise
sensitizing,desensitizing
sensorial,extrasensory
sensory,extrasensory
sent,unsent
sentient,insentient
separate,unite
separate,joint
separated,unite
septic,antiseptic
serious,frivolous|playful
serviceable,unserviceable
servile,unservile
sessile,vagile|pedunculate
set,rise
settled,float
settled,unsettled|unsettled
sexual,asexual
sexy,unsexy|anaphrodisiac
shaded,unshaded|unshaded
shallow,deep|deep
shamed,honor
shapely,unshapely
shared,unshared
sharp,dull|dull|flat
sharpened,dull|blur|soften|flatten
shaved,unshaven
shaven,unshaven
sheared,unsheared
sheathed,unsheathe
sheathed,unsheathed
shed,persistent
shell-less,shelled
shelled,unshelled
shiny,unglazed
shockable,unshockable
shod,unshod|discalced
shodden,unshod
shoed,unshod
shoreward,offshore
shorn,unsheared
short,long|long|tall|retentive|long|long
short-spurred,long-spurred
shortened,lengthen|expand|lengthen
shortsighted,farsighted
shouted,whisper
shrinkable,unshrinkable
shrunken,stretch;expand
shut,open|open|admit
shut,open|open
shut up,open up|louden
shuttered,unshuttered
shy,confident
sick,keep down
sick,well
side,top
sidereal,civil
sighted,blind
signed,unsigned
significant,insignificant|nonsignificant
silenced,louden
silenced,unsilenced
similar,dissimilar|unalike|unlike
simple,complex|compound
simplified,complicate
sincere,insincere
singing,keep quiet
single,common|double|multiple|married
single-barreled,double-barreled
single-barrelled,double-barreled
single-breasted,double-breasted
single-lane,multilane
singular,plural
singular,plural|plural
sinistral,dextral
sinkable,unsinkable
sisterlike,brotherly
sisterly,brotherly
sitting,stand|arise
sitting,standing
sized,unsized|unsized
skew,align
skewed,align
skilled,unskilled
skinless,skinned
skinned,skinless
sleeping,waking
sleeping,wake
sleeved,sleeveless
sleeveless,sleeved
slight,much
slim,gain
slimed,gain
slippery,nonslippery
slippy,nonslippery
slow,accelerate
slow,fast|fast|fast
slow,quickly
slurred,focus
small,large;big
small,big
smaller,large;big
smart,stupid
smokeless,smoky
smoky,smokeless
smooth,roughen
smooth,rough|rough|staccato|rough
smoothbore,rifled
smoothed,roughen
smoothened,roughen
snarled,disentangle;unsnarl
so-so,unacceptably;intolerably
soaked,undercharge
sober,intoxicated|playful
sociable,unsociable
social,unsocial
socialist,capitalistic
socialistic,capitalistic
soft,hard|hard|loud|unvoiced|hardened|forte|hard|hard
soft-boiled,hardhearted
softened,sharpen|stand|harden|harden
softening,sharpen|stand|harden|harden
softhearted,hardhearted
soiled,clean
soiled,clean
sold,buy
sold,unsold
soled,soleless
soleless,soled
solid,liquid|hollow
soluble,insoluble|insoluble
solved,unsolved
solvent,insolvent
some,no
sonant,unvoiced
sonic,subsonic
soothing,irritate
sophisticated,naive
sororal,brotherly
sorrowful,joyful
sorry,unregretful
sound,silence
sound,devoice
sound,unsound|unsound
soundable,unfathomable
sounding,devoice
sour,sweeten
sour,sweet
soured,sweeten
soured,unsoured
south,north
southern,northern|northern
spaced,unspaced
spacial,nonspatial
sparkling,still
spatial,nonspatial
speaking,nonspeaking
specialised,generalize|diversify;diversify
specialised,unspecialized
specialized,diversify;diversify|generalize
specialized,unspecialized
specific,general;general
specific,general|nonspecific
specified,generalize
specified,unspecified
spent,unexhausted
spherical,nonspherical
spineless,vertebrate|spinous
spinous,spineless
spiny,spineless
spirited,spiritless
spiritless,spirited
splayfoot,pigeon-toed
splayfooted,pigeon-toed
split,unite
splitting,unite
spoken,written
spontaneous,induced
sporadic,continual
spread,gather|fold
squandered,conserve
square,round|crooked
stabile,mobile
stabilised,destabilize|destabilize;destabilise
stabilising,destabilize|destabilize;destabilise
stabilized,destabilize;destabilise|destabilize
stabilizing,destabilize;destabilise|destabilize
stable,unstable
staccato,legato
staccato,legato
staged,unstaged
stained,unstained
stale,fresh
stalked,sessile
stalkless,pedunculate
standard,nonstandard|nonstandard|nonstandard
standing,sit|yield
standing,running|running|seated
staple,unstaple
starboard,larboard
starchless,starchy
starchy,starchless
starless,starry
starry,starless
starting,end|end|end|stop|stop
starved,be full|feed
starving,be full|feed
statesmanlike,unstatesmanlike
statesmanly,unstatesmanlike
stative,active
steady,unsteady
steady,unsteadily
steep,gradual
stemless,stemmed|caulescent
stemmed,stemless|acaulescent
sterile,fertile
steroidal,nonsteroidal
sticking,dislodge|move
stiff,impotent
stifled,stimulate
stifling,stimulate
stigmatic,astigmatic
still,agitate|louden
still,moving|sparkling
still,no longer
stimulated,stifle|sedate;de-energize;de-energise
stimulating,stifle|sedate;de-energize;de-energise
stimulating,unstimulating
stimulative,depressant
stingy,generous|ample
stinky,fragrant
stirred,unmoved
stoic,emotional person
stomatous,astomatous
stoppable,unstoppable
stopped,start|continue|start|begin
stormy,calm
straight,crooked|curly|crooked|coiled|curved
straight,indirectly
strained,relax;unstrain
straining,relax;unstrain
strange,familiar|native
strapping,unstrap
stratified,unstratified
strengthened,weaken|weaken
stressed,unstressed
stretch,shrink
stretched,shrink
strict,indulgent
striking,miss
striped,dress
stripped,dress
strong,weak|impotent
struck,miss
structured,unstructured
strung,unstring
stubborn,docile
stuck,dislodge|move
stuck,unstuck
studied,unstudied
stuffed,unstuff
stupid,smart|intelligent
sturdy,compromising
styleless,stylish
stylish,styleless|unfashionable
subartesian,artesian
subhuman,superhuman
subjacent,superjacent
subjective,objective|transeunt
submergible,nonsubmersible
submersible,surface ship
submersible,nonsubmersible
submissive,domineering
subordinate,dominant|insubordinate|independent
subordinating,coordinating
subordinative,coordinating
subscript,superscript
subscript,adscript
subsequent,antecedent
subsonic,supersonic
substantial,insubstantial
substantiating,negate
substantive,adjective
subsurface,overhead
subtractive,additive
succeeding,fail|precede
succeeding,preceding
successful,unsuccessful
suckled,bottlefeed
sudden,gradual
suffering,enjoy|be well
sufficient,insufficient
sugarless,sugary
sugary,sugarless
summery,autumnal
sunk,float
sunken,float
sunrise,sunset
sunset,sunrise
superficial,profound
superhuman,subhuman
superior,inferior|subscript
superior,inferior|inferior|subscript|inferior
superjacent,subjacent
supernal,infernal
supernatural,natural
superordinate,inferior
superscript,subscript
superscript,subscript
supersonic,sonic
supervised,unsupervised
supported,negate
supported,unsupported|unsupported
supporting,negate
supportive,unsupportive
suppressed,publicized
suppurative,nonsuppurative
surd,voiced
sure,uncertain;unsure|uncertain
surface,subsurface
surface-assimilative,nonadsorbent
surface-to-air,air-to-surface
surgical,nonsurgical|medical
surging,ebb
surmountable,insurmountable
surprised,unsurprised
surprising,unsurprising
surviving,succumb
susceptible,unsusceptible
suspect,plaintiff
suspect,trust;trust
suspected,trust;trust
suspected,unsuspected
sustained,negate
sweet,sour|dry|salty
sweetened,sour
swept,unswept
swimming,sink
sworn,mistrust
sworn,unsworn
syllabic,accentual|nonsyllabic|nonsyllabic
symmetric,asymmetrical
symmetrical,asymmetrical
sympathetic,unsympathetic|unsympathetic
sympatric,allopatric
syncarpous,apocarpous
syncategorematic,categorematic
synchronal,asynchronous
synchronic,asynchronous|diachronic
synchronised,desynchronize;desynchronise
synchronized,desynchronize;desynchronise
synchronous,asynchronous|asynchronous
synclinal,anticlinal
syndetic,asyndetic
synergistic,antagonistic
synonymous,antonymous
syntagmatic,paradigmatic
synthetic,analytic|analytic|analytic
synthetical,analytic|analytic
systematic,unsystematic
table d'hote,a la carte
taciturn,voluble
tactful,tactless
tactless,tactful
tagged,unlabeled
tainted,disinfect
taken,give|refuse|obviate|abstain|disclaim
taking,give|refuse|obviate|abstain|disclaim
talented,untalented
talentless,talented
tall,short
tame,wild|wild
tamed,wild
tangible,intangible|intangible|impalpable
tangled,unravel;unknot|disentangle;unsnarl
tangled,untangled
tanned,untanned
taped,erase
tapped,untapped
tasteful,tasteless
tasteless,tasty|tasteful
tasty,tasteless
tattling,keep quiet
taxable,nontaxable
tearful,tearless
tearless,tearful
technical,nontechnical
temperate,intemperate|intemperate
tempered,untempered|untempered
temporal,unworldly
temporary,permanent
tenacious,unretentive
tender,tough|tough|tough
tense,relax|relax;unstrain
tense,relaxed|lax|lax
tensed,relax|relax;unstrain
terminal,intermediate
terminated,begin|begin|hire
terrestrial,amphibious
territorial,nonterritorial|extraterritorial
testate,intestate
textbook,trade edition
thankful,ungrateful
thankless,grateful
theatrical,untheatrical
thematic,unthematic
theoretic,empirical
theoretical,empirical|applied
thermal,nonthermal
thermic,nonthermal
thermoplastic,thermosetting
thermoset,thermoplastic
thermosetting,thermoplastic
thick,thin|thin
thick,thinly
thickened,thin|thin
thickening,thin|thin
thin,thicken|thicken|gain
thin,thick|fat|thick|full
thin,thickly
thinkable,unthinkable
thinking,forget
thinned,thicken|thicken|gain
thirsty,hungry
thoughtful,thoughtless|heedless
thoughtless,thoughtful
three-dimensional,linear
three-piece,one-piece
thrifty,wasteful
tidy,untidy
tied,untie|disconnect
tied,untied|unlaced
tight,loose|leaky
timbered,untimbered
timid,brave
timid,bold|confident
tipped,untipped
tired,refresh|interest
tired,rested
tiring,refresh|interest
toed,toeless
toeless,toed
togged,undress
tolerable,intolerable
tolerant,intolerant
tonal,atonal
toned,toneless
toneless,toned
tongued,tongueless
tongueless,tongued
tonic,atonic
toothed,toothless
toothless,toothed
toothsome,unpalatable
top,bottom
top,bottom
top-down,bottom-up
topless,topped
topped,topless
tops,bottom
touchable,intangible
touched,untouched|unmoved
tough,tender|tender|tender
toughened,tender|untempered
toxic,nontoxic
traceable,untraceable
trackable,untraceable
tracked,trackless
trackless,tracked
tractable,intractable
traditional,nontraditional
trained,untrained
tramontane,cismontane
tranquilizing,agitate|stimulate
tranquillising,agitate|stimulate
tranquillizing,agitate|stimulate
transeunt,immanent
transient,immanent
transitive,intransitive
translatable,untranslatable
translational,nontranslational
transmontane,cismontane
transonic,subsonic
traveled,stay in place
traveled,untraveled
travelled,stay in place
treated,untreated|untreated|untempered
tree-living,nonarboreal
treeless,wooded
tributary,distributary
triclinic,monoclinic
trimmed,untrimmed
trinuclear,mononuclear
trinucleate,mononuclear
trinucleated,mononuclear
troubled,untroubled
true,false|untruthful
true-false,multiple-choice
trusted,mistrust
trustful,distrustful
trusting,mistrust
trusting,distrustful
trustworthy,untrustworthy
trusty,untrustworthy
truthful,untruthful
tubed,tubeless
tubeless,tubed
tucked,untucked
tuneful,tuneless
tuneless,tuneful
turned,unbend
turned,unturned
twisted,unbend|untwist
twisting,unbend|untwist
two-dimensional,cubic
two-footed,quadrupedal;quadruped
two-handed,right-handed
two-piece,three-piece
two-sided,nonreversible
two-year,perennial
typical,atypical
ugly,beautiful
ultimate,proximate
ultra vires,intra vires
unable,able
unabridged,abridged
unabused,abused
unaccented,tonic
unacceptable,acceptable
unaccessible,accessible
unaccommodating,accommodating
unaccompanied,accompanied|accompanied
unaccustomed,accustomed
unacknowledged,acknowledged
unacquisitive,acquisitive
unactable,actable
unadaptable,adaptable
unaddicted,addicted
unaddressed,addressed
unadjusted,adjusted
unadoptable,adoptable
unadorned,adorned
unadventurous,adventurous
unadvisable,advisable
unadvised,well-advised
unaesthetic,aesthetic
unaffected,affected|moved|affected
unaffixed,affixed
unafraid,afraid|insecure
unaggressive,aggressive
unagitated,agitated|agitated
unairworthy,airworthy
unalarming,alarming
unalert,alert
unalienable,alienable
unalike,alike
unalterable,alterable
unaltered,altered
unambiguous,ambiguous|equivocal
unambitious,ambitious
unamended,amended
unanalyzed,analyzed
unangry,angry
unanimated,animated
unapologetic,apologetic
unappealable,appealable
unappealing,sympathetic|appealing
unappendaged,appendaged
unappetising,appetizing
unappetizing,appetizing
unapproachable,approachable
unarbitrary,arbitrary
unargumentative,argumentative
unarmed,armed|armed
unarmored,armored|armored
unarmoured,armored|armored
unarticulate,articulate
unarticulated,articulated
unascribable,attributable
unashamed,ashamed
unassertive,assertive
unassigned,assigned
unassisted,assisted
unattached,attached
unattractive,attractive
unattributable,attributable
unauthorised,authorized
unauthorized,authorized
unavailable,available
unavenged,avenged
unawakened,awakened
unaware,aware
unawed,awed
unbalanced,balance
unbalanced,balanced
unbalconied,balconied
unbanded,banded
unbaptised,baptized
unbaptized,baptized
unbarred,bar
unbarreled,barreled
unbarrelled,barreled
unbearable,tolerable
unbelievable,credible
unbelted,belt
unbelted,belted
unbending,bend|bend|tense
unbeneficed,beneficed
unbent,bend|bend|tense
unblemished,blemished
unblended,blended
unbodied,bodied
unbolted,bolt
unbordered,bordered
unborn,born
unbound,bind
unbound,bound|bound
unbraced,tie
unbrainwashed,brainwashed
unbranded,branded
unbreakable,breakable
unbridgeable,bridgeable
unbridled,bridle
unbroken,broken|plowed|broken|broken
unburdened,burden
unburdened,burdened
unburied,buried
unbuttoned,button
unbuttoned,buttoned
uncamphorated,camphorated
uncared-for,cared-for
uncarpeted,carpeted
uncarved,carved
uncastrated,castrated
uncaulked,caulked
uncensored,censored
uncertain,certain;sure|certain|sealed|certain
uncertified,certified
unchained,chain
unchangeable,changeable
unchanged,changed|altered
uncharacteristic,characteristic
uncharged,charged
uncharitable,charitable
unchartered,chartered
unchaste,chaste
uncheerful,cheerful
unchristian,christian
uncivil,civil
unclad,dress
unclassified,classified|classified
unclean,clean|clean
unclear,well-defined|clear
uncleared,cleared
unclimbable,scalable
unclogged,clog
unclothed,dress
unclothed,clothed
uncluttered,clutter
uncoated,coated
uncoiled,coil
uncoiled,coiled
uncollected,collected;gathered
uncolored,colored
uncoloured,colored
uncolumned,columned
uncombed,combed
uncombined,combined
uncomfortable,comfortable|comfortable
uncommitted,committed|attached
uncommon,common
uncommunicative,communicative
uncomparable,comparable
uncompartmented,compartmented
uncompassionate,compassionate
uncomplaining,complaining
uncomplete,complete
uncomplimentary,flattering|complimentary
uncomprehensible,comprehensible
uncompromising,compromising
unconcealed,concealed
unconcerned,concerned
unconditional,conditional
unconditioned,conditioned|conditional
unconfined,confined
unconfirmed,confirmed
unconformist,conformist
uncongenial,congenial
unconnected,connected
unconquerable,conquerable
unconscientious,conscientious
unconscious,conscious
unconsolable,consolable
unconstipated,constipated
unconstitutional,constitutional
unconstricted,constricted
unconsummated,consummated
uncontaminated,contaminated
uncontaminating,dirty
uncontested,contested
uncontrived,studied
uncontrolled,controlled
uncontroversial,controversial
unconventional,conventional|conventional
unconvertible,convertible
unconvinced,convinced
unconvincing,convincing
uncooperative,cooperative
uncorrected,corrected
uncoupled,couple
uncousinly,cousinly
uncovered,cover
uncrannied,crannied
uncreative,creative
uncritical,critical|critical
uncrossed,cross
uncrossed,crossed|crossed
uncrowded,crowded
uncrowned,crowned|crowned
uncrystallised,crystallized
uncrystallized,crystallized
uncultivated,cultivated
uncurtained,curtained
uncut,trimmed|mown|cut|cut|cut
undamaged,damaged
undatable,datable
undeceived,deceive
undeciphered,deciphered
undeclared,declared
undecorated,adorned
undedicated,dedicated
undefeated,defeated
undefined,defined
undelineated,delineated
undemanding,demanding
undemocratic,democratic
undemonstrative,demonstrative
undeniable,deniable
undependable,reliable;dependable
underage,major
underarm,overhand
underdressed,overdress|dress up;overdress
underhand,overhand
underhanded,overhand
underived,derived
underprivileged,privileged
undershot,overshoot
understated,overstate
understood,ununderstood
undescriptive,descriptive
undesigned,designed
undesirable,desirable
undesiring,desirous
undesirous,desirous
undetected,detected
undeterminable,determinable
undetermined,determined|determinate
undeveloped,developed|exploited
undifferentiated,differentiated
undignified,dignified
undiluted,diluted
undimmed,dimmed
undiplomatic,diplomatic
undiscerning,discerning
undiscriminating,discriminating
undistinguishable,distinguishable
undiversified,diversified
undocumented,documented
undomestic,domestic
undone,make|wrap
undrained,drained
undramatic,dramatic
undressed,dress
undrinkable,drinkable
undue,due|due
undynamic,dynamic
uneager,eager
unearned,earned
uneasy,easy|restful
uneatable,edible
unedifying,edifying
uneducated,educated
uneffective,effective
unemotional,emotional
unemployable,employable
unemployed,employed
unenclosed,enclosed
unencumbered,encumbered
unendowed,endowed
unendurable,tolerable
unenforceable,enforceable
unenforced,enforced
unenlightened,enlightened
unenlightening,enlightening|edifying
unenlivened,enlivened
unenrgetic,energetic
unenterprising,enterprising
unenthusiastic,enthusiastic
unequal,equal|adequate
unequipped,equipped
unequivocal,equivocal
unerect,erect
unessential,essential
unestablished,established
unethical,ethical
uneven,even|even
uneventful,eventful
unexchangeable,exchangeable|convertible
unexcitable,excitable
unexcited,excited
unexciting,stimulating|exciting
unexhausted,exhausted
unexpansive,expansive
unexpected,expected
unexpendable,expendable
unexpired,expired
unexploited,exploited
unexplorative,exploratory
unexploratory,exploratory
unexportable,exportable
unexpressible,expressible
unextended,extended
unfaceted,faceted
unfair,fair
unfaithful,faithful|faithful
unfamiliar,familiar
unfashionable,fashionable
unfastened,fasten|fasten
unfastened,fastened|shut|buttoned|tied
unfastidious,fastidious|fastidious
unfathomable,fathomable
unfavorable,favorable|favorable
unfavourable,favorable|favorable
unfeathered,feathered
unfertile,fertile
unfilled,filled
unfinished,finished|finished
unfit,qualify
unfit,fit|fit
unfitting,qualify
unfixed,fixed
unflattering,flattering
unfledged,fledged
unfocused,focused
unfocussed,focused
unforceful,forceful
unforgettable,forgettable
unforgiving,forgiving
unformed,formed
unfortunate,fortunate|auspicious
unframed,framed
unfree,free|free
unfretted,fretted
unfriendly,friendly|friendly
unfrozen,block;freeze
unfrozen,frozen
unfruitful,fruitful
unfueled,fueled
unfunded,funded
unfurnished,furnished
unfurrowed,furrowed
ungathered,collected;gathered
ungeared,geared
ungenerous,generous|generous
unglazed,glazed|glazed
ungracious,gracious
ungrammatical,grammatical
ungrateful,grateful
ungreased,lubricated
ungregarious,gregarious|gregarious
ungroomed,groomed
unguiculate,ungulate
unguiculated,ungulate
unguided,guided
ungulate,unguiculate
ungulated,unguiculate
ungusseted,gusseted
unhallowed,consecrate
unhallowed,holy
unhappy,happy|euphoric
unhardened,tempered
unharmonious,harmonious
unheaded,headed
unhealthful,sanitary|healthful
unhealthy,healthy
unhearable,audible
unheeding,heedful
unhelpful,helpful
unholy,holy
unhumorous,humorous
unhurried,hurried
unicameral,bicameral
unidentifiable,identifiable
unidimensional,multidimensional
unidirectional,bidirectional
unified,disunify|divide
uniform,multiform|differentiated
unifying,disunify|divide
unilateral,multilateral
unilluminating,enlightening
unimodal,bimodal
unimpaired,impaired
unimportant,important|significant
unimpressionable,impressionable
unimpressive,impressive
unimproved,improved
uninflected,inflected|inflected|synthetic
uninfluential,influential
uninformative,informative
uninformed,informed
uninhabited,inhabited
uninhibited,inhibited
uninitiate,initiate
uninjectable,injectable
uninjured,injured
uninquiring,inquiring
uninquisitive,inquiring
uninspiring,inspiring
uninstructive,instructive
uninsured,insured
unintegrated,integrated|integrated
unintelligent,intelligent
unintelligible,intelligible
unintended,intended
uninterested,interested
uninteresting,interesting
uninterrupted,discontinuous
unintrusive,intrusive
uninucleate,multinucleate
uninviting,inviting
uninvolved,involved
union,separation|disunion
union,nonunion
unionised,ionized
unionized,ionized
uniparous,multiparous
unipolar,bipolar
unironed,ironed
unitary,federal
united,divide|disunify
united,divided
univalent,bivalent|polyvalent
univalve,bivalve
universal,particular;particular proposition
univocal,equivocal
unjust,fair|just|equitable
unkept,unbroken
unkeyed,tonal
unkind,kind
unkindly,kindly
unknowable,knowable
unknown,acquaintance
unknown,known
unlabeled,labeled
unlabelled,labeled
unlaced,tie
unlaced,laced
unlamented,lamented
unlaureled,laureled
unlaurelled,laureled
unlawful,lawful
unleaded,leaded
unlearned,conditioned
unleavened,leavened
unlighted,lighted
unlikable,sympathetic
unlike,like|like
unlikeable,sympathetic
unlikely,probable|likely
unlimited,limited
unlined,lined
unlipped,lipped
unlisted,listed
unlit,lighted
unlivable,livable
unliveable,livable
unliveried,liveried
unloaded,loaded
unlocked,lock|lock
unlogical,logical
unloved,loved
unloving,loving
unlubricated,lubricated
unlucky,lucky
unmade,make
unmade,made
unmalicious,malicious
unmalted,malted
unmanageable,wieldy|manageable
unmanful,manly
unmanlike,manly
unmanly,manly
unmanly,manfully
unmanned,manned
unmarked,marked
unmarred,blemished
unmarried,married
unmated,mated
unmeasurable,measurable
unmeasured,measurable
unmelodic,melodious
unmelodious,tuneful|melodious
unmelted,melted
unmentionable,overgarment
unmerciful,merciful
unmerited,merited
unmilitary,military
unmindful,mindful
unmined,mined
unmitigated,mitigated
unmixable,miscible
unmodifiable,modifiable
unmodified,modified
unmodulated,modulated
unmotivated,motivated
unmotorised,motorized
unmotorized,motorized
unmourned,lamented
unmoved,moved
unmoving,moving|moving
unmown,mown
unmusical,musical|musical|melodious
unmutilated,blemished
unmyelinated,myelinated
unnatural,natural|normal|unaffected
unnecessary,necessary
unneeded,necessary
unneurotic,neurotic
unnoticeable,obtrusive|noticeable
unnoticed,noticed
unobjectionable,dirty
unobligated,obligated
unobliging,accommodating
unobstructed,obstructed
unobtrusive,obtrusive
unobvious,obvious
unoccupied,occupied|occupied
unoffending,offending|offensive
unofficial,official
unoiled,oiled
unopen,open
unopposable,opposable
unopposed,opposed
unordered,ordered
unorganised,organized
unorganized,organized
unoriented,oriented
unoriginal,original
unorthodox,orthodox
unostentatious,ostentatious
unowned,owned
unpackaged,packaged
unpaid,paid
unpaintable,paintable
unpainted,painted|painted
unpalatable,palatable
unpardonable,pardonable
unparented,parented
unpassable,passable
unpatriotic,patriotic
unpatronised,patronized
unpatronized,patronized
unpatterned,patterned
unpaved,paved
unpeaceful,peaceful
unperceivable,perceptible
unperceiving,perceptive
unperceptive,perceptive
unpermissive,permissive
unperplexed,perplexed
unplanned,planned
unplanted,planted
unplayable,playable
unplayful,playful
unpleasant,pleasant
unpleasant-smelling,fragrant
unploughed,plowed
unplowed,plowed
unpointed,pointed
unpolished,polished
unpopular,popular
unportable,portable
unposed,posed
unpotted,potted
unpowered,powered
unprecedented,precedented
unpredictable,predictable
unprejudiced,prejudiced
unpremeditated,premeditated
unprepared,prepared
unpresidential,presidential
unpretending,ostentatious
unpretentious,pretentious|ostentatious
unpreventable,preventable
unpriestly,priestly
unprincipled,principled
unprintable,printable
unprocessed,refined|processed
unproductive,productive
unprofessional,professional
unprofitable,profitable
unpronounceable,pronounceable
unprophetic,prophetic
unpropitious,propitious
unprotected,protected
unprotective,protective
unproved,proved
unproven,proved
unprovocative,provocative
unprovoking,provocative
unpublishable,publishable
unpublished,published
unpunctual,punctual
unpunished,punished
unqualified,qualified|qualified|competent
unquestionable,questionable
unquiet,quiet
unquotable,repeatable;quotable
unraised,leavened
unreactive,reactive
unready,ready
unreal,real|real|natural|substantial
unrealistic,realistic
unreasonable,reasonable
unreassuring,reassuring
unreceptive,receptive
unrecognisable,recognizably
unreconcilable,reconcilable
unreconstructed,reconstructed
unrecorded,recorded
unrecoverable,recoverable
unrefined,refined|refined
unreflected,reflected
unregenerate,docile|regenerate
unregenerated,regenerate
unregistered,registered|registered
unregretful,regretful
unregretting,regretful
unregulated,regulated
unrelated,related|related
unreliable,reliable;dependable
unremorseful,penitent;repentant
unrenewable,renewable
unrenewed,revived
unrentable,rentable
unrepeatable,repeatable;quotable
unrepentant,penitent;repentant
unreplaceable,replaceable
unreportable,reportable
unreported,reported
unreproducible,reproducible
unrequested,requested
unresentful,resentful
unreserved,reserved|reserved
unresolved,solved
unrespectable,respectable
unresponsive,responsive
unrestrained,restrained
unrestricted,restricted
unrestrictive,restrictive
unretentive,retentive
unreverberant,reverberant
unrevived,revived
unrewarding,rewarding
unrhetorical,rhetorical
unrhymed,rhymed
unrhythmic,rhythmical
unrhythmical,rhythmical
unrifled,rifled
unrigged,rigged
unrighteous,righteous
unrimed,rhymed
unripe,ripe
unripened,ripe
unsaddled,saddle
unsaddled,saddled
unsafe,secure|safe
unsalable,salable
unsaleable,salable
unsanitary,sanitary
unsaponified,saponified
unsarcastic,sarcastic
unsatiable,satiate
unsatisfactory,satisfactory
unsaturated,saturated|saturated|saturated
unsavory,savory
unsavoury,savory
unscalable,scalable
unscheduled,scheduled
unscholarly,scholarly
unscientific,scientific
unscripted,scripted
unscrupulous,scrupulous
unsealed,seal
unsealed,sealed|sealed
unseamanlike,seamanlike
unseasonable,seasonable
unseasoned,seasoned
unseaworthy,seaworthy
unsectarian,sectarian
unseductive,seductive
unseeable,visible
unseeded,seeded
unselected,selected
unselfish,selfish
unsensational,sensational
unsent,sent
unserviceable,serviceable
unservile,servile
unsettled,settled|settled
unsexed,uncastrated
unsexy,sexy
unshaded,shaded|shaded
unshapely,shapely
unshared,shared
unshaved,shaven
unshaven,shaven
unsheared,sheared
unsheathed,sheathe
unsheathed,sheathed
unshelled,shelled
unshockable,shockable
unshod,calced|shod
unshoed,shod
unshorn,sheared
unshrinkable,shrinkable
unshuttered,shuttered
unsighted,sighted
unsigned,signed
unsilenced,silenced
unsinkable,sinkable
unsized,sized|sized
unskilled,skilled
unsmooth,smooth
unsnarled,entangle;snarl
unsociable,sociable
unsocial,social
unsold,sold
unsolved,solved
unsound,sound|sound
unsoured,soured
unspaced,spaced
unspecialised,specialized
unspecialized,specialized
unspecified,specified
unstable,stable
unstaged,staged
unstained,stained
unstatesmanlike,statesmanlike
unsteady,steady
unstimulating,stimulating
unstoppable,stoppable
unstrained,tense;strain
unstratified,stratified
unstressed,stressed
unstructured,structured
unstrung,string
unstuck,stuck
unstudied,studied
unstylish,stylish|fashionable
unsubdivided,compound
unsubmissive,servile
unsubstantial,substantial
unsuccessful,successful
unsupervised,supervised
unsupported,supported|supported
unsupportive,supportive
unsure,confident|certain;sure
unsurmountable,surmountable
unsurprised,surprised
unsurprising,surprising
unsusceptible,susceptible
unsuspected,suspected
unswept,swept
unsworn,sworn
unsyllabic,syllabic
unsymbolic,representative
unsympathetic,sympathetic|sympathetic
unsystematic,systematic
untactful,tactful
untagged,labeled
untalented,talented
untamed,tame
untangled,ravel;knot
untangled,tangled
untanned,tanned
untapped,tapped
untechnical,technical
untempered,tempered|tempered
unthankful,grateful
untheatrical,theatrical
unthematic,thematic
unthinkable,thinkable
unthinking,thoughtfully
untidy,tidy
untied,tie
untied,tied|laced
untimbered,timbered
untipped,tipped
untouched,touched|moved
untoughened,tough
untraceable,traceable
untraditional,traditional
untrained,trained
untranslatable,translatable
untraveled,traveled
untravelled,traveled
untreated,treated|treated
untrimmed,trimmed
untroubled,troubled|insecure
untrustworthy,trustworthy
untrusty,trustworthy
untruthful,truthful
untucked,tucked
untuneful,tuneful
unturned,turned
untwisted,twist
untypical,typical
ununderstood,understood
unusual,usual|familiar
unvaried,varied
unvarying,varied|multiform
unveiled,veil
unveiled,veiled
unventilated,ventilated
unvigilant,alert
unvoiced,voiced
unvoluntary,voluntary
unwanted,wanted|desirable
unwary,wary
unwatchful,alert
unwaxed,waxed
unweaned,weaned
unwearable,wearable
unwebbed,webbed
unwelcome,welcome
unwholesome,wholesome
unwieldy,wieldy
unwilling,willing
unwitting,witting
unwomanly,womanly
unwooded,wooded
unworldly,worldly
unworthy,worthy
unwoven,woven
unwrapped,wrap
unwrapped,wrapped
unwrinkled,wrinkled
unwritten,written
up,down
up,down;downwards;downward;downwardly|down|down
upbeat,ill-being
upland,lowland
upland,lowland
uplifted,depress
upmarket,downmarket
upper-class,lower-class
uppercase,lowercase
uppercase,lowercase
upright,unerect
upstage,downstage
upstage,downstage
upstair,downstairs
upstairs,downstairs
upstairs,downstairs
upstream,downstream
upstream,downriver;downstream
uptown,downtown
uptown,downtown
upward,down;downwards;downward;downwardly
upwind,windward;downwind|downwind
urban,rural
used,misused
useful,useless
useless,useful
usual,unusual
utile,useless
utility,inutility;uselessness
utopian,dystopian
uxorial,husbandly
vagile,sessile
vague,defined
valid,invalid
validated,invalidate|invalidate|invalidate
validating,invalidate|invalidate|invalidate
valuable,worthless
valued,disrespect;disesteem
vanished,appear|appear
variable,invariable
varied,conform
varied,unvaried
varying,conform
vascular,avascular
veiled,unveil
veiled,unveiled
ventilated,unventilated
ventral,dorsal|abaxial
verbal,numerical
vernal,summery
vertebrate,invertebrate
vertical,inclined|unerect
vested,divest
vexed,reassure
vexing,reassure
violable,inviolable
violated,conform to|keep
violent,nonviolent
virile,impotent
virtuous,wicked
virulent,avirulent
visible,invisible
vitalizing,devitalize
vitiated,validate
viviparous,oviparous
vocal,instrumental
vocalic,consonantal
voiced,devoice
voiced,unvoiced
voiceless,voiced|enfranchised
void,validate|validate
volatile,nonvolatile
voluble,taciturn
voluntary,draftee
voluntary,involuntary|involuntary
volunteer,draftee
voteless,enfranchised
vulnerable,invulnerable
waking,sleeping
waking,sleep|fall asleep|cause to sleep
walk-on,speaking
walking,ride
walleyed,cross-eyed
waning,waxing
waning,wax|wax
waning,waxing
wanted,unwanted
warm,cool|cool|cool
warm-blooded,cold-blooded
warmhearted,coldhearted
warring,make peace
wary,unwary
washable,nonwashable
waste,conserve
wasted,conserve
wasted,hypertrophied
wasteful,thrifty
watchful,unalert
watermelon-shaped,oblate
waxed,wane|wane
waxed,unwaxed
waxing,waning
waxing,wane|wane
waxing,waning
waxy,unimpressionable
weak,strong
weakened,strengthen|strengthen|escalate
weakening,strengthening|strengthening
weakening,strengthen|strengthen|escalate
weakly,strongly
weaned,unweaned
wearable,unwearable
wearied,refresh
wearing,refresh
weary,refresh
wearying,refresh
webbed,unwebbed
wedged,dislodge
weedless,weedy
weedy,weedless
weeping,laugh
weighted,unburden
weightless,weighty
weighty,weightless
welcome,say farewell
welcome,unwelcome
welcoming,say farewell
well,ill
well,ill|ill|badly|badly;disadvantageously|badly
well-advised,ill-advised
well-defined,ill-defined
well-formed,ungrammatical
west,east
westerly,easterly
western,eastern|eastern
wet,dry
wet,dry|dry|dry|dry
wheeled,wheelless
wheelless,wheeled
whispered,shout
whispering,shout
white,black|black
white,blacken
white,black|black
white-collar,blue-collar
whitened,blacken
whole,fractional|half
whole,partly
wholesale,retail
wholesale,retail
wholesale,retail
wholesome,unwholesome
wicked,virtuous
wide,narrow|narrow
widely distributed,endemic
wieldy,unwieldy
wifelike,husbandly
wifely,husbandly
wigged,wigless
wigless,wigged
wild,tame|tame
willing,disinherit
willing,unwilling
winded,unwind
winding,unwind
windward,leeward|leeward
windward,leeward
windward,leeward;upwind
winged,wingless
wingless,winged
winning,lose|lose|fall back|fail
wintery,vernal
wintry,vernal
wired,unwire
wired,wireless
wireless,wired
wise,foolish
wishful,undesirous
withdrawn,advance|engage|deposit
witting,unwitting
womanly,unwomanly
won,lose|lose|fall back|fail
won,lost
wooded,unwooded
woody,nonwoody
working,idle|malfunction
worldly,unworldly
worn,refresh
worn,new
worried,reassure
worrisome,reassuring
worrying,reassure
worse,better|better|good|unregretful
worsened,better|better
worsened,better
worsening,better|better
worsening,bettering
worst,best
worst,best|good|unregretful
worth,worthlessness
worthless,valuable
worthy,unworthy
wound,unwind
woven,unweave
woven,unwoven
wrapped,unwrap|unwind
wrapped,unwrapped
wrinkled,unwrinkled|ironed
wrinkleless,wrinkled
wrinkly,unwrinkled
written,spoken|unwritten|unscripted
wrong,right;rightfulness
wrong,right
wrong,correct;right|right|right
wrong,correctly;right
wrought,idle|malfunction
xenogeneic,allogeneic
xeric,hydric
year-around,seasonal
year-round,seasonal
yielding,stand|survive
young,aged
young,old
younger,old
zonal,azonal
zygodactyl,heterodactyl
zygomorphic,actinomorphic
zygomorphous,actinomorphic
abaft,fore
abaxially,adaxially
ably,incompetently
aborad,orad
abstractly,concretely
acceptably,unacceptably;intolerably
accidentally,deliberately|intentionally;deliberately
accurately,inaccurately
actively,passively
acutely,chronically
adaxially,abaxially
adequately,inadequately
adroitly,maladroitly
advantageously,badly;disadvantageously
advertently,unmindfully;inadvertently
advisedly,unintentionally;accidentally
against the wind,downwind
agreeably,unpleasantly;disagreeably
ahead of time,late
alas,fortunately;luckily
allowably,impermissibly
aloud,softly
altogether,partly
always,never
amateurishly,expertly
ambiguously,unambiguously
ambitiously,unambitiously
amorally,morally
amply,meagerly|meagerly
apace,slowly
appealingly,unappealingly
appreciatively,unappreciatively;ungratefully
appropriately,inappropriately;unsuitably
approvingly,disapprovingly
aptly,incompetently
aright,incorrectly;wrongly
articulately,ineloquently;inarticulately|inarticulately
artificially,naturally
as luck would have it,unfortunately;unluckily
ashamedly,unashamedly
assertively,unassertively
astern,fore
asymmetrically,symmetrically
at a lower place,above
at best,at worst
at least,at most;at the most
at most,at least;at the least
at that place,here
at the best,at worst
at the least,at most;at the most
at the most,at least;at the least
at the worst,at best
at worst,at best
attractively,unattractively
atypically,typically
audibly,inaudibly
auspiciously,inauspiciously;unpropitiously
backwards,forward
badly,well|well|well;advantageously|well|well
barefacedly,ashamedly
beautifully,unattractively
befittingly,inappropriately;unsuitably
belatedly,early
believably,unbelievably|incredibly
believingly,incredulously;unbelievingly
below,above|above|upstairs
beneath,above
benevolently,malevolently
beyond control,in hand
binaurally,monaurally
blithely,unhappily
bloodily,bloodlessly
bloodlessly,bloodily
boiling,freeze
bolt,unbolt
broad-mindedly,narrow-mindedly
broadly,narrowly
broadly speaking,narrowly
but then,on the one hand
by all means,by no means
by artificial means,naturally
by chance,deliberately
by choice,unintentionally;accidentally
by design,unintentionally;accidentally
by hand,by machine
by machine,by hand
by no means,by all means
by trial and error,theoretically
capably,incompetently
carefully,incautiously;carelessly
carelessly,cautiously;carefully
cautiously,incautiously;carelessly
centrally,peripherally
ceremonially,unceremoniously
ceremoniously,unceremoniously
characteristically,uncharacteristically
cheaply,expensively
cheerfully,cheerlessly
cheerlessly,cheerfully
chivalrously,unchivalrously
chop-chop,slowly
chronically,acutely
circumstantially,deliberately
civilly,uncivilly
clearly,unintelligibly
close up,open|free|open up
closer,distant|distant|far
closest,distant|distant|far
coarsely,finely
coherently,incoherently
comfortably,uncomfortably
commonly,remarkably
comparably,incomparably
compatibly,incompatibly
competently,incompetently
competitively,noncompetitively
complainingly,uncomplainingly
completely,partly
comprehensively,noncomprehensively
con,pro
con,pro
concavely,convexly
conclusively,inconclusively
concretely,abstractly
conditionally,unconditionally
confidingly,distrustfully
consciously,unconsciously
consequentially,inconsequentially
considerately,inconsiderately
consistently,unsystematically;inconsistently
conspicuously,inconspicuously
constitutionally,unconstitutionally
controversially,uncontroversially
conveniently,inconveniently
conventionally,unconventionally
convexly,concavely
convincingly,unconvincingly
correctly,incorrectly;wrongly
course,unnaturally
courteously,impolitely;discourteously
covertly,overtly
crazily,sanely
credibly,incredibly
credulously,incredulously;unbelievingly
critically,uncritically
dauntlessly,fearfully
deceitfully,honestly
decently,indecently|improperly
decipherably,illegibly
decisively,indecisively|indecisively
decorously,indecorously
defensively,offensively
deliberately,unintentionally;accidentally
dementedly,sanely
democratically,undemocratically
densely,thinly
dependably,unfaithfully;undependably;unreliably
deservedly,undeservedly
designedly,unintentionally;accidentally
determinedly,unambitiously
detrimentally,harmlessly
diplomatically,undiplomatically
directly,indirectly
disadvantageously,well;advantageously
disagreeably,agreeably
disapprovingly,approvingly
disbelievingly,credulously;believingly
discouragingly,encouragingly
discourteously,politely;courteously
discreetly,indiscreetly
dishonestly,honestly
dishonorably,honorably|honorably
disloyally,loyally
disobediently,obediently
displaying incompetence,competently
disproportionately,proportionately|proportionately
disreputably,reputably
disrespectfully,respectfully
distrustfully,trustfully
down the stairs,upstairs
downriver,upriver;upstream
downwardly,up;upwards;upward;upwardly
downwards,up;upwards;upward;upwardly
dramatically,undramatically
e'er,never
effectively,inefficaciously;ineffectively
effectually,ineffectually
efficaciously,inefficaciously;ineffectively
efficiently,inefficiently
egotistically,unselfishly
elegantly,inelegantly
eloquently,ineloquently;inarticulately|inarticulately
emotionally,unemotionally
empathetically,unsympathetically
empirically,theoretically
encouragingly,discouragingly
endlessly,finitely
enjoyably,unpleasantly;disagreeably
enthusiastically,unenthusiastically
entirely,partly
equally,unevenly;unequally
equitably,inequitably
equivocally,unambiguously
ethically,unethically
evenly,unevenly;unequally|unevenly
ever,never
exactly,imprecisely;inexactly
excitingly,unexcitingly
excusably,inexcusably;unforgivably;unpardonably
expediently,inexpediently
expeditiously,inefficiently
expensively,cheaply
expertly,amateurishly
explicitly,implicitly
expressively,inexpressively
externally,internally
fairly,unreasonably;immoderately|unfairly
faithfully,unfaithfully;undependably;unreliably
falteringly,steadily
fashionably,unfashionably
faster,slow|slow|slow
fastest,slow|slow|slow
favorably,unfavorably
favourably,unfavorably
fearfully,fearlessly
fearlessly,fearfully
feelingly,unfeelingly
felicitously,infelicitously
figuratively,literally
finely,coarsely
finitely,infinitely
fitly,inappropriately;unsuitably
fittingly,inappropriately;unsuitably
flexibly,inflexibly
foolishly,wisely
for good,temporarily
forgivably,inexcusably;unforgivably;unpardonably
forgivingly,unforgivingly
formally,informally
forrad,backward
forrard,backward
fortuitously,unfortunately;unluckily
fortunately,unfortunately;unluckily
forwards,backward
frequently,infrequently;rarely
frontward,backward
frontwards,backward
fruitfully,unproductively;fruitlessly;unprofitably
fruitlessly,productively;fruitfully;profitably
fully,meagerly
gallantly,unchivalrously
gayly,unhappily
generally,specifically|narrowly
geometrically,linearly
gleefully,joylessly
gracefully,gracelessly|ungraciously;ungracefully
gracelessly,graciously;gracefully|gracefully
graciously,ungraciously;ungracefully
grammatically,ungrammatically
gratefully,unappreciatively;ungratefully
grudgingly,ungrudgingly
handily,inconveniently
happily,unhappily|sadly
harmfully,harmlessly
harmlessly,harmfully
hastily,unhurriedly
heavily,lightly
heedfully,unmindfully;inadvertently
helpfully,unhelpfully
hereafter,past
hesitantly,unhesitatingly
hesitatingly,unhesitatingly
higher up,below
hither,there
honestly,dishonestly
honorably,dishonorably|dishonorably
honourably,dishonorably
hopefully,hopelessly
hopelessly,hopefully
hospitably,inhospitably
hotfoot,linger
humanely,inhumanely
humorlessly,humorously
humorously,humorlessly
humourlessly,humorously
hurriedly,unhurriedly
hygienically,unhygienically
illegally,lawfully
illegibly,legibly
illegitimately,legitimately;licitly|legitimately
illicitly,legitimately;licitly|lawfully
illogically,logically
imaginatively,unimaginatively
immaturely,maturely
immeasurably,measurably
immoderately,moderately|reasonably;moderately
immodestly,modestly
immorally,morally
impatiently,patiently
impenitently,penitently;repentantly
imperceptibly,perceptibly
imperfectly,perfectly
impermissibly,permissibly
impersonally,personally
implausibly,credibly;believably
implicitly,explicitly
impolitely,politely;courteously
imposingly,unimpressively
impossibly,possibly
imprecisely,precisely;exactly
impressively,unimpressively
improbably,credibly;believably
improperly,properly
improvidently,providently
imprudently,prudently
in a higher place,below
in both ears,monaurally
in camera,publicly
in general,specifically
in good order,improperly
in hand,out of hand
in haste,unhurriedly
in one ear,binaurally
in private,publicly
in public,privately
in that location,here
in the first place,secondarily
in the main,specifically
inaccurately,accurately
inadequately,adequately
inadvertently,wittingly;advertently;knowingly
inadvisably,inexpediently
inappropriately,appropriately;suitably
inarticulately,eloquently;articulately|articulately
inaudibly,audibly
inauspiciously,auspiciously;propitiously
incautiously,cautiously;carefully
incisively,imprecisely;inexactly
incoherently,coherently
incomparably,comparably
incompatibly,compatibly
incompetently,competently
inconclusively,conclusively
inconsequentially,consequentially
inconsequently,consequentially
inconsiderately,considerately
inconsistently,consistently
inconspicuously,conspicuously
inconveniently,conveniently
incorrectly,correctly;right
incredibly,credibly;believably
incredulously,credulously;believingly
indecently,decently
indecisively,decisively|decisively
indecorously,decorously
indirectly,directly
indiscreetly,discreetly
indoors,outside;outdoors
ineffectively,efficaciously;effectively
ineffectually,effectually
inefficaciously,efficaciously;effectively
inefficiently,efficiently
inelegantly,elegantly
ineloquently,eloquently;articulately
inequitably,equitably
inexactly,precisely;exactly
inexcusably,excusably;pardonably;forgivably|justifiably
inexpediently,expediently
inexpensively,expensively
inexpressively,expressively
infelicitously,felicitously
infinitely,finitely
inflexibly,flexibly
informally,formally
informatively,uninformatively;uninstructively
infrequently,frequently
inhospitably,hospitably
inhumanely,humanely
injudiciously,judiciously
inoffensively,offensively
inopportunely,opportunely
inorganically,organically
insanely,sanely
insecurely,securely|securely
insensitively,sensitively
inseparably,separably
insignificantly,significantly
insincerely,sincerely
instructively,uninformatively;uninstructively
insufficiently,sufficiently
intelligently,unintelligently
intelligibly,unintelligibly
intemperately,lightly
intentionally,unintentionally;accidentally
interestingly,uninterestingly
internally,externally
into the wind,downwind
intolerably,acceptably;tolerably
intolerantly,tolerantly
intransitively,transitively
intrepidly,fearfully
invisibly,visibly
involuntarily,voluntarily
inwardly,outwardly
inwards,outward
irrationally,rationally
irregularly,regularly|regularly|regularly
irrelevantly,relevantly
irresolutely,resolutely
irresponsibly,responsibly
irreverently,reverently
jejunely,maturely
joyfully,joylessly
joylessly,joyfully
joyously,joylessly
jubilantly,unhappily
judiciously,injudiciously
justifiably,unjustifiably
justifiedly,unjustly
justly,unjustly
knowingly,unwittingly;unknowingly
lawfully,illegitimately;lawlessly;illicitly|unlawfully
lawlessly,lawfully
legally,unlawfully
legibly,illegibly
legitimately,illegitimately;lawlessly;illicitly|illegitimately
licitly,illegitimately;lawlessly;illicitly
lightly,heavily|thickly
like an expert,amateurishly
linearly,geometrically
literally,figuratively
logically,illogically
longer,short|short|unretentive|short|short
longest,short|short|unretentive|short|short
loosely,narrowly
loudly,softly|piano
loyally,disloyally
luckily,unfortunately;unluckily
madly,sanely
maladroitly,adroitly
malevolently,benevolently
manageably,unmanageably
manfully,unmanfully
maturely,immaturely
maximally,minimally
meagrely,amply
measurably,immeasurably
melodiously,unmelodiously
memorably,unmemorably
mendaciously,truthfully
merrily,unhappily
mindfully,unmindfully;inadvertently
minimally,maximally
mirthfully,unhappily
mistrustfully,trustfully
moderately,unreasonably;immoderately|immoderately
modestly,immodestly
monaurally,binaurally
morally,immorally
multilaterally,unilaterally
multiply,divide
multiply,singly
musically,unmusically
narrow-mindedly,broad-mindedly
narrowly,broadly
naturally,unnaturally|artificially|unnaturally
nay,yea
ne'er,ever
nearer,far
nearest,far
necessarily,unnecessarily
needfully,unnecessarily
needs,obviate
never,ever
nigher,far
nighest,far
no longer,still
no more,still
noisily,quietly
noncompetitively,competitively
noncomprehensively,comprehensively
nonviolently,violently
normally,remarkably
not by a blame sight,by all means
not by a long sight,by all means
noticeably,imperceptibly
noxiously,harmlessly
obediently,disobediently
objectively,subjectively
obligatorily,optionally
observably,imperceptibly
obtrusively,unobtrusively
of course,unnaturally
offensively,inoffensively|defensively
officially,unofficially
oft,infrequently;rarely
often,infrequently;rarely
oftentimes,infrequently;rarely
ofttimes,infrequently;rarely
on a higher floor,downstairs
on a lower floor,upstairs
on a regular basis,irregularly
on an irregular basis,regularly
on one hand,on the other hand
on purpose,unintentionally;accidentally
on the one hand,on the other hand
on the other hand,on the one hand
once and for all,inconclusively
one-sidedly,multilaterally
opportunely,inopportunely
optimistically,pessimistically
optionally,obligatorily
orad,aborad
ordinarily,remarkably
organically,inorganically
out of doors,inside;indoors
out of hand,in hand
out of wedlock,legitimately
outdoors,inside;indoors
outstandingly,unremarkably
outwardly,inwardly
outwards,inward
overtime,regulation time
overtly,covertly
painfully,painlessly
painlessly,painfully
palatably,unpalatably
pardonably,inexcusably;unforgivably;unpardonably
part,wholly
partially,wholly
partly,wholly
passably,unreasonably;immoderately
passively,actively
patiently,impatiently
patriotically,unpatriotically
penitentially,impenitently;unrepentantly
penitently,impenitently;unrepentantly
perceptibly,imperceptibly
perfectly,imperfectly
peripherally,centrally
permanently,temporarily
permissibly,impermissibly
personally,impersonally
pessimistically,optimistically
plausibly,incredibly
pleasantly,unpleasantly;disagreeably
please,displease
polemically,uncontroversially
politely,impolitely;discourteously
possibly,impossibly
precedentedly,unprecedentedly
precisely,imprecisely;inexactly
pretentiously,unpretentiously
primarily,secondarily
privately,publicly|publicly
probably,incredibly
productively,unproductively;fruitlessly;unprofitably
profitably,unproductively;fruitlessly;unprofitably
properly,improperly
propitiously,inauspiciously;unpropitiously
proportionally,disproportionately
proportionately,disproportionately|disproportionately
providentially,imprudently
providently,improvidently
prudently,imprudently
publically,privately
publicly,privately|privately
purposely,unintentionally;accidentally
quickly,slowly
quietly,loudly|noisily|unquietly
rapidly,slowly
rarely,often
rationally,irrationally
readably,illegibly
realistically,unrealistically
rearwards,forward
reasonably,unreasonably;immoderately|unreasonably
recognizably,unrecognizably
regrettably,fortunately;luckily
regularly,irregularly|irregularly|irregularly
relevantly,irrelevantly
reliably,unfaithfully;undependably;unreliably
remarkably,unremarkably
repentantly,impenitently;unrepentantly
reputably,disreputably
resolutely,irresolutely|indecisively
respectfully,disrespectfully
responsibly,irresponsibly
retail,wholesale
retail,wholesale
retail,wholesale
reverentially,irreverently
reverently,irreverently
richly,meagerly
righteously,unrighteously
rightly,unjustly
romantically,unromantically
rudely,politely;courteously
sadly,happily
sagely,foolishly
sanely,unreasonably|insanely
satisfactorily,unsatisfactorily
seasonably,unseasonably
secondarily,primarily
securely,insecurely|insecurely
seldom,often
self-consciously,unselfconsciously
selfishly,unselfishly
sensibly,unreasonably
sensitively,insensitively
sentimentally,unsentimentally
separably,inseparably
shamelessly,ashamedly
significantly,insignificantly
sincerely,insincerely
singly,multiply
slenderly,amply
slower,fast|fast|fast
slowest,fast|fast|fast
slowly,quickly
small-mindedly,broad-mindedly
smilingly,unsmilingly
soaking,undercharge
sociably,unsociably
softly,loudly|forte
somewhat,unreasonably;immoderately
sorely,painlessly
sparingly,amply
specifically,generally
speedily,slowly
sportingly,unsportingly
steadily,unsteadily
strongly,weakly
subjectively,objectively
successfully,unsuccessfully
sufficiently,insufficiently
suitably,inappropriately;unsuitably
supra,below
symmetrically,asymmetrically
sympathetically,unsympathetically
systematically,unsystematically;inconsistently
tactfully,tactlessly
tactlessly,tactfully
tardily,quickly|early
tastefully,tastelessly
tastelessly,tastefully
tastily,tastelessly
tattily,expensively
temporarily,permanently
the right way,improperly
then again,on the one hand
theoretically,empirically
there,here
there,here|here
thickly,thinly|thinly|thinly
thinly,thickly|thickly|thickly
thither,here
thoughtfully,thoughtlessly|thoughtlessly
thoughtlessly,thoughtfully|thoughtfully
through empirical observation,theoretically
to a greater extent,less
to a higher place,below
to a lesser extent,more
to a lower place,above
to both ears,monaurally
to one ear,binaurally
to the highest degree,least
to the lowest degree,most
tolerably,unacceptably;intolerably
tolerantly,intolerantly
too soon,late
totally,partly
transitively,intransitively
truly,insincerely
trustfully,distrustfully
trustingly,distrustfully
truthfully,untruthfully
tunefully,unmelodiously
typically,atypically
unacceptably,acceptably;tolerably
unambiguously,ambiguously
unambitiously,ambitiously
unappealingly,appealingly
unappreciatively,gratefully;appreciatively
unashamedly,ashamedly
unassertively,assertively
unattractively,attractively
unbecomingly,decorously
unbelievably,credibly;believably|believably
unbelievingly,credulously;believingly
unceremoniously,ceremoniously
uncertainly,steadily
uncharacteristically,characteristically
unchivalrously,chivalrously
uncivilly,civilly
unco,unremarkably
uncomfortably,comfortably
uncomparably,comparably
uncomplainingly,complainingly
unconditionally,conditionally
unconsciously,consciously
unconstitutionally,constitutionally
uncontroversially,controversially
unconventionally,conventionally
unconvincingly,convincingly
uncritically,critically
undecipherably,legibly
undemocratically,democratically
undependably,faithfully;dependably;reliably
understandably,unintelligibly
undeservedly,deservedly
undiplomatically,diplomatically
undramatically,dramatically
unemotionally,emotionally
unenthusiastically,enthusiastically
unequally,evenly;equally
unequivocally,ambiguously
unethically,ethically
unevenly,evenly|evenly;equally
unexcitingly,excitingly
unexpectedly,deliberately
unfairly,fairly
unfaithfully,faithfully;dependably;reliably
unfashionably,fashionably
unfavorably,favorably
unfavourably,favorably
unfeelingly,feelingly
unfeignedly,insincerely
unforgettably,unmemorably
unforgivably,excusably;pardonably;forgivably
unforgivingly,forgivingly
unfortunately,fortunately;luckily
ungracefully,graciously;gracefully
ungraciously,graciously;gracefully
ungrammatically,grammatically
ungratefully,gratefully;appreciatively
ungrudgingly,grudgingly
unhappily,happily|happily
unhelpfully,helpfully
unhesitatingly,hesitantly
unhurriedly,hurriedly
unhygienically,hygienically
unilaterally,multilaterally
unimaginatively,imaginatively
unimpressively,impressively
uninformatively,informatively;instructively
uninstructively,informatively;instructively
unintelligently,intelligently
unintelligibly,intelligibly
unintentionally,intentionally;deliberately
uninterestingly,interestingly
unjustifiably,justifiably
unjustly,justly
unknowingly,wittingly;advertently;knowingly
unlawfully,lawfully
unluckily,fortunately;luckily
unmanageably,manageably
unmanfully,manfully
unmelodiously,melodiously
unmemorably,memorably
unmindfully,mindfully
unmusically,musically
unnaturally,naturally|naturally|naturally
unnecessarily,necessarily
unnoticeably,perceptibly
unobtrusively,obtrusively
unofficially,officially
unpalatably,palatably
unpardonably,excusably;pardonably;forgivably
unpatriotically,patriotically
unpleasantly,pleasantly
unprecedentedly,precedentedly
unpretentiously,pretentiously
unproductively,productively;fruitfully;profitably
unprofitably,productively;fruitfully;profitably
unpropitiously,auspiciously;propitiously
unquietly,quietly
unreadably,legibly
unrealistically,realistically
unreasonably,reasonably|reasonably;moderately
unrecognizably,recognizably
unreliably,faithfully;dependably;reliably
unremarkably,remarkably
unrepentantly,penitently;repentantly
unrighteously,righteously
unromantically,romantically
unsatisfactorily,satisfactorily
unseasonably,seasonably
unselfconsciously,self-consciously
unselfishly,selfishly
unsentimentally,sentimentally
unsmilingly,smilingly
unsociably,sociably
unsportingly,sportingly
unsteadily,steadily
unsuccessfully,successfully
unsuitably,appropriately;suitably
unsymmetrically,symmetrically
unsympathetically,sympathetically
unsystematically,systematically
unthinkingly,thoughtfully
untruthfully,truthfully
untypically,typically
ununderstandably,intelligibly
unusually,unremarkably
unwarily,warily
unwillingly,willingly
unwisely,wisely
unwittingly,wittingly;advertently;knowingly
up the stairs,downstairs
uprightly,dishonorably
upriver,downriver;downstream
upwardly,down;downwards;downward;downwardly
upwards,down;downwards;downward;downwardly
usefully,uselessly
uselessly,usefully
usually,remarkably
venally,honestly
very loudly,pianissimo
very softly,fortissimo
violently,nonviolently
virtuously,immorally
visibly,invisibly
volitionally,unwillingly
voluntarily,involuntarily
warily,unwarily
wholly,partly
willingly,unwillingly
wisely,foolishly
within,outside
wittingly,unwittingly;unknowingly
woodenly,graciously;gracefully
wrongly,correctly;right
yea,nay
yieldingly,disobediently
abidance,nonconformity;noncompliance
abience,adience
ability,inability|inability
abnormalcy,normality
abnormality,normality
abruptness,gradualness
absence,presence|presence
absorbency,nonabsorbency
abstainer,drinker
abstracter,concrete
abstractness,concreteness
abstruseness,clarity
abundance,scarcity
ac,direct current
acanthopterygian,soft-finned fish
acapnia,hypercapnia
acceleration,deceleration|deceleration|deceleration
accelerator,anticatalyst
acceptability,unacceptability
acceptableness,unacceptability
acceptance,rejection
accessibility,inaccessibility;unavailability|unapproachability
acclaim,boo
acclivity,descent
accord,disagreement
accrual basis,cash basis
accuracy,inaccuracy
achiever,loser
achromatic color,chromatic color
achromatic colour,chromatic color
achromaticity,color
achromatism,color
acidity,alkalinity
acquaintance,stranger
acquiring,lose
acquittal,conviction
acrocarp,pleurocarp
acrocarpous moss,pleurocarp
act,refrain
action,inaction;inactivity;inactiveness
activation,inactivation|deactivation
activator,inhibitor
active trust,passive trust
active voice,passive voice
activeness,inaction;inactivity;inactiveness|inactiveness
activity,inactivity|inaction;inactivity;inactiveness|inactiveness
acts,refrain
actual sin,original sin
acuteness,obtuseness
adaptability,unadaptability
add,take away|subtract
addition,subtraction
adduct,abduct
adequacy,inadequacy|insufficiency;inadequacy
adequateness,inadequacy
adience,abience
admissibility,inadmissibility
adult female,man
adult male,woman
advancement,retreat
advantage,disadvantage|penalty
advantage,disadvantage
advantageousness,unfavorableness
adversary,agonist
advisability,inadvisability
aesthesia,insensibility
affectedness,unaffectedness
affinity,consanguinity
affirmation,reversal
affirmed,negate
age,rejuvenate
agitation,calmness
agonist,antagonist
agreeability,disagreeableness
agreeableness,disagreeableness|disagreeableness
agreement,disagreement|disagreement
aimlessness,purposefulness
air mail,surface mail
alignment,nonalignment
alikeness,unlikeness;dissimilitude
alinement,nonalignment
aliquant,aliquot
aliquant part,aliquot
aliquot part,aliquant
aliveness,inanimateness
alkalinity,acidity
alliance,nonalignment
allies,foe
allogamy,autogamy
allopathy,homeopathy
allopatry,sympatry
ally,foe
also-ran,winner
alterability,unalterability
alternating current,direct current
alternating electric current,direct current
alto relievo,low relief
alto rilievo,low relief
altruism,egoism
am,differ
ambiguity,unambiguity;unequivocalness
ambiversion,extraversion
amends,worsen
amenities,disagreeableness
amenity,disagreeableness
amiability,ill humor
amyotonia,tonicity
anabolism,catabolism
analogy,apophatism
analphabetism,literacy
analysis,synthesis
analytic thinking,synthesis
anamorphism,katamorphism
anaphrodisia,aphrodisia
anapsid,diapsid
anapsid reptile,diapsid
anastalsis,peristalsis
ancestor,descendant
anestrum,estrus
anestrus,estrus
anglophilia,Anglophobia
anglophobia,Anglophilia
angularity,roundness
animateness,inanimateness
anisotropy,isotropy
anode,cathode|cathode
anoestrum,estrus
anoestrus,estrus
anovulation,ovulation
answer,question
antagonist,agonist|synergist
antapex,apex
antecedence,posteriority
antecedency,posteriority
anteriority,posteriority|posteriority
anticatalyst,catalyst
anticyclone,cyclone
antinode,node
antitype,type
antonym,synonym
apex,antapex
apex of the sun's way,antapex
aphelion,perihelion
aphrodisia,anaphrodisia
apoapsis,periapsis;point of periapsis
apogee,perigee
apojove,perijove
apolune,periselene;perilune
apophatism,cataphatism
aposelene,periselene;perilune
apparel,undress
appeal,repel
appearance,disappearance|disappearance
appearing,disappear|disappear
appetisingness,unappetizingness
appetizingness,unappetizingness
applicability,inapplicability
appositeness,inaptness;inappositeness
appreciation,depreciation
approachability,unapproachability
approbation,disapprobation
appropriateness,inappropriateness|inappropriateness
approval,disapproval|disapproval|disapproval
aptitude,inaptitude
aptness,inaptness;inappositeness
arabic numeral,Roman numeral
are,differ
arianism,Athanasianism
aridity,fruitfulness
arm,disarm
armament,disarming;disarmament
arming,disarming;disarmament
arming,disarm
arms,disarm
arranging,disarrange
artefact,natural object
artfulness,artlessness
artifact,natural object
artificial language,natural language
artiodactyl mammal,odd-toed ungulate
artlessness,artfulness
ascending node,descending node
ascension,fall
ascent,descent|fall
asking,obviate
asperity,dullness
assemblage,disassembly
assembling,disassemble
assembly,disassembly|disassembly
assent,dissent
assenting,dissent
asset,liability
assets,liability
association,disassociation
assortative mating,disassortative mating
astigmatism,stigmatism
astigmia,stigmatism
asymmetry,symmetry
asynchronism,synchronism;synchronization;synchronizing
asynchronous operation,synchronous operation
asynchrony,synchronism;synchronization;synchronizing
athanasianism,Arianism
atheism,theism
atomic theory,holism
atomism,holism
atomist theory,holism
atomistic theory,holism
atonalism,tonality
atonality,tonality
atonia,tonicity
atonicity,tonicity
atony,tonicity
attack,defend
attendance,nonattendance
attending,inattention|nonattendance
attending,miss
attention,inattention
attentiveness,inattentiveness|inattentiveness
attire,underdress;dress down
attraction,repulsion
attractive force,repulsion
attractiveness,unattractiveness
atypicality,typicality
audibility,inaudibility
audibleness,inaudibility
augmentation,diminution
aunt,uncle
auntie,uncle
aunty,uncle
aurora,sunset
auspiciousness,inauspiciousness;unpropitiousness
autogamy,allogamy
autumnal equinox,vernal equinox
availability,inaccessibility;unavailability
availableness,inaccessibility;unavailability
avoirdupois,leanness
awakening,cause to sleep|fall asleep
awareness,incognizance
away game,home game
awkwardness,gracefulness
babble,keep quiet
babbling,keep quiet
back burner,front burner
back end,front
background,foreground;play up
backgrounding,foreground;play up
backhander,forehand
backing,advance|front|veer
backside,front
bad egg,good egg
bad guy,good guy
bad luck,good fortune;good luck
bad person,good person
bad weather,good weather
badness,good;goodness
balance,imbalance|asymmetry
balance,unbalance
balancing,unbalance
balefulness,beneficence
bank,withdraw|mistrust
banking,withdraw|mistrust
banks,withdraw|mistrust
bar,unbar
barf,keep down
baring,unbar
barrenness,fruitfulness
barring,unbar
bars,unbar
bas relief,high relief
baseball diamond,outfield
basso relievo,high relief
basso rilievo,high relief
be,differ
bear,bull
beauty,ugliness
becomingness,unbecomingness
bed,get up;turn out
bedding,get up;turn out
begetter,mother;female parent
begin,end|end|end
being,nonbeing;nonexistence
being,differ
beingness,nonbeing;nonexistence
belief,unbelief
believability,incredibility
believing,disbelieve
belt,unbelt
belting,unbelt
bend,straighten|unbend
bending,straighten|unbend
bends,straighten|unbend
beneficence,maleficence|maleficence
benevolence,malevolence
benignancy,malignity;malignancy
benignity,malignity;malignancy
bigness,smallness;littleness
bind,unbind|untie
biodegradable pollution,nonbiodegradable pollution
birth,death|death
blackening,whiten
blacking,whiten
blackness,white
blessing,disapproval
blessing,curse|desecrate
blinder,sighted
blitheness,cheerlessness
block,unstuff|free|remember|unfreeze;unblock
blocking,unstuff|free|remember|unfreeze;unblock
blood brother,sister
blood kinship,affinity
blow,conserve
blowing,conserve
blubber,leanness
blunt file,taper file
bluntness,sharpness
blur,focus|focus|focus
blurriness,distinctness;sharpness
board,get off
boarding,disembarkation
boarding,get off
boarding school,day school
boards,get off
bodoni,old style
bodoni font,old style
boil,freeze
boldness,timidity
bomb,pass
bombing,pass
boo,applaud
bore,interest
borrower,lender
borrowing,lend
botany,fauna
bottom of the inning,top
bounce,clear
bounded interval,open interval
boundedness,infiniteness
boundlessness,finiteness
box,unbox
boxing,unbox
boy,female child;girl|daughter;girl
boycott,patronize
brace,sedate;de-energize;de-energise
braces,sedate;de-energize;de-energise
braid,unbraid
braiding,unbraid
brand-name drug,generic drug
braveness,cowardice
bravery,cowardice|fear
breach,keep
break,repair|keep|conform to|make|promote
break of day,sunset
break of the day,sunset
breakableness,unbreakableness
breaking,repair|keep|conform to|make|promote
brethren,sister
bridle,unbridle
brightness,dullness
brine,fresh water
bringing,take away
broad-mindedness,narrow-mindedness
broadening,narrowing|narrowing
broadening,specialize
broadness,narrowness
brother,sister
buckle,unbuckle
bulk,minority
bull,bear
bump,promote
burden,unburden
burst,implode
burthen,unburden
burying,remember
bushel,break
butterball,thin person
button,unbutton
buy,sell
buying,sell
cacodaemon,eudemon
cacodemon,eudemon
cacogenics,eugenics
caenogenesis,palingenesis
cainogenesis,palingenesis
call,put option
call option,put option
call up,forget|demobilize
calming,agitate|stimulate
calmness,discomposure|agitation
can,hire
candor,unfairness
candour,unfairness
caning,hire
capability,incapability;incapableness|incapability
capableness,incapability|incapability;incapableness
capacity,incapacity|incapacity
capital letter,lowercase
capitalism,socialism
capitalist economy,socialism
captor,liberator
capturer,liberator
carefulness,incaution|carelessness
carelessness,carefulness
carinate bird,ratite
cash,credit
cash account,margin account
cash basis,accrual basis
cast,keep down
casting,keep down
cat,keep down
catabolism,anabolism
catalyst,anticatalyst
cataphatism,apophatism
catch,unhitch
categorem,syncategorem;syncategoreme
categoreme,syncategorem;syncategoreme
cathode,anode|anode
caution,incaution
cautiousness,incaution
cease,continue|begin
celebrity,infamy
cenobite,eremite
cenogenesis,palingenesis
centralisation,decentralization
centrality,marginality
centralization,decentralization
centrifugal force,centripetal force
centripetal force,centrifugal force
ceremoniousness,unceremoniousness
certainty,uncertainty|uncertainty
certification,disenfranchisement
chain,unchain
chains,unchain
change,stay
changeability,changelessness
changeableness,changelessness
changefulness,constancy
changelessness,changeableness
chapelgoer,Anglican
charge,discharge|pay cash|calm
chariness,unwariness
check,disagree
cheer,uncheerfulness
cheer,dishearten|complain
cheerfulness,uncheerfulness|cheerlessness
cheerlessness,cheerfulness
child,parent
chill,heat|heat
choke,unclog|be born
choking,unclog|be born
chromatic color,achromatic color
chromatic colour,achromatic color
chuck,keep down
circumstantial evidence,direct evidence
cisc,reduced instruction set computing;reduced instruction set computer;RISC
citizen,noncitizen
civil law,international law
civility,incivility
clabber,homogenize
claim,disclaim|forfeit|disclaim
clap,boo
clapping,boo
clarity,obscurity;unclearness|opacity
clasp,unclasp|unbuckle|unclasp
classicalism,Romanticism
classicism,Romanticism
classicist,romanticist
classification,declassification
cleaner,dirty|unclean|dirty|dirty
cleaning,dirty
cleanliness,uncleanliness
cleanness,dirtiness
clearing,clutter|overcast|bounce|convict
clearness,obscurity;unclearness|opacity
clergy,laity
clergyman,layman
climb,descent
climb,wane
climbing,wane
clip,unclip
clipping,unclip
clockwise rotation,levorotation
clog,unclog
closed chain,open chain
closed circuit,open circuit
closed interval,open interval
closeness,farness|openness
clot,homogenize
clothes,undress
clothing,undress
clotting,homogenize
cloud,clear up
clouding,clear up
clumsiness,gracefulness
clutter,unclutter
coalition,nonalignment
cockcrow,sunset
coding dna,intron
coenobite,eremite
cognation,affinity
cognisance,incognizance
cognizance,incognizance
coherence,incoherence
coherency,incoherence
cohesion,incoherence
cohesiveness,incoherence
coil,uncoil
cold war,hot war
coldness,hotness
collecting,spread
coloring,colorlessness
coloring,discolor
colorlessness,color
colors,colorlessness
colors,discolor
colouring,colorlessness
colouring,discolor
colourlessness,color
colours,colorlessness
colours,discolor
come,go|leave
comedy,tragedy
comfort,discomfort
comfortableness,discomfort
comforts,discomfort
commencement,middle|finish
commendation,disapproval
common noun,proper noun
commonality,individuality
commoner,individual|uncommon
commonness,uncommonness|individuality
commonplaceness,uncommonness
communicating,excommunicate
communicativeness,uncommunicativeness
communisation,denationalization
communization,denationalization
compactness,distribution
compatibility,incompatibility
competence,incompetence
competency,incompetence
competition,cooperation
complainant,defendant
completeness,incompleteness
complex instruction set computer,reduced instruction set computing;reduced instruction set computer;RISC
complex instruction set computing,reduced instruction set computing;reduced instruction set computer;RISC
complexity,simplicity
complexness,simplicity
compliance,nonconformity;noncompliance
composure,discomposure
comprehensibility,incomprehensibility
comprehension,incomprehension
compress,decompress
compressibility,incompressibility
compressing,decompression
compressing,decompress
compression,decompression|decompression
computer hardware,software
computer software,hardware
concave polygon,convex polygon
conceit,humility
conceitedness,humility
concentrate,decentralize;decentralise;deconcentrate
concentration,distribution|dilution
concentricity,eccentricity
concept,misconception
conception,misconception
concern,unconcern
concerted music,monophony;monophonic music
conclusion,beginning
conclusiveness,inconclusiveness
concord,disagree
concreteness,abstractness
condemnation,approbation|acquittal
conductor,insulator
confidence,diffidence
confines,free
conformation,nonconformity;noncompliance
conformism,nonconformity;nonconformism
conformity,nonconformity;noncompliance|nonconformity;nonconformism
congeniality,uncongeniality
congruence,incongruity;incongruousness
congruity,incongruity;incongruousness
congruousness,incongruity;incongruousness
conjugation,disunion
conk,be born
connectedness,disconnectedness|unconnectedness
connection,unconnectedness|disconnectedness
connexion,unconnectedness
consanguinity,affinity
conscientiousness,unconscientiousness|unconscientiousness
consciousness,unconsciousness|incognizance
conscript,volunteer
consecutive operation,parallel operation
consent,refuse
consequence,inconsequence
conservativist,liberal
conserve,waste
conserves,waste
considerateness,inconsideration;thoughtlessness
consideration,inconsideration;thoughtlessness
consistence,inconsistency
consistency,inconsistency
conspicuousness,inconspicuousness
constancy,inconstancy
constant-width font,proportional font
construct,misconception
construction,misconstruction
constructive metabolism,catabolism
constructiveness,destructiveness
contamination,decontamination
contention,cooperation
contentment,discontentment
contents,discontent
continuance,discontinuance;discontinuation
continuant consonant,stop consonant
continuation,discontinuance;discontinuation
continuity,discontinuity
contract,stretch;expand|widen|expand
contracting,stretch;expand|widen|expand
contraction,expansion
contraindication,indication
control,unrestraint
convenience,inconvenience
conveniences,inconvenience
convention,unconventionality
conventionalism,unconventionality
conventionality,unconventionality|unconventionality
convergence,divergence;divergency
convergency,divergence;divergency
convergent thinking,divergent thinking
converging,diverge|diverge|diverge
convertibility,inconvertibility
convex polygon,concave polygon
conveying,take away
convict,acquit
conviction,acquittal
cooking apple,eating apple
cooler,warm|warm|warm
cooling,heat|heat
cooperation,competition
coordination,incoordination
copiousness,scarcity
cordial reception,inhospitality
cork,uncork
corporality,immateriality;incorporeality
corporeality,immateriality;incorporeality
corpuscular theory,wave theory;wave theory of light
corpuscular theory of light,wave theory;wave theory of light
correctitude,impropriety;improperness
correctness,incorrectness;wrongness|incorrectness
correspondence,asymmetry
corruptibility,incorruptibility
corruption,incorruptness
corruptness,incorruptness
cortex,medulla
countenance,forbid;disallow
counterclockwise rotation,dextrorotation
counterfactuality,factuality
country,urban area
couple,uncouple
coupling,uncouple
courage,cowardice
courageousness,cowardice
courtesy,discourtesy
cover,uncover
covering,uncover
cowardice,courage
cowardliness,courage
crate,uncrate
creative thinking,uncreativeness
creativeness,uncreativeness
creativity,uncreativeness
credibility,incredibility
credibleness,incredibility
credit,debit|cash
credit,debit
credit entry,debit
creditor,debtor
credits,debit|cash
credits,debit
criminal prosecution,defense
criminalisation,decriminalization;decriminalisation
criminalization,decriminalization;decriminalisation
croak,be born
croaking,be born
crookedness,straightness
cross-fertilisation,self-fertilization
cross-fertilization,self-fertilization
cross-pollination,self-pollination
crossing,uncross
cry,laugh
cryptogamia,Phanerogamae
cultivated plant,weed
curability,incurability;incurableness
curableness,incurability;incurableness
curdling,homogenize
curiousness,nativeness
curl,uncoil
curliness,straightness
curse,bless|communicate
curve,straight line
curved shape,straight line
cyclone,anticyclone
dabbler,diving duck
dabbling duck,diving duck
dampening,stimulate
danger,safety
dangerousness,safeness
darkness,light|lightness
daughter,son;boy
dawdling,rush
dawn,sunset
dawning,sunset
day,night
day game,night game
day of rest,workday
day school,boarding school|night school
daybreak,sunset
daylight,night
days,night
dayspring,sunset
daytime,night
dc,alternating current
deactivation,activation
deadly sin,venial sin
deadness,responsiveness
death,birth|birth
debarkation,embarkation
debenture,secured bond
debenture bond,secured bond
debit,credit
debit,credit
debit entry,credit
debitor,creditor
debtor,creditor
decease,birth
decease,be born
deceleration,acceleration|acceleration|acceleration
decency,indecency
decentralisation,centralization
decentralization,centralization
deciduous plant,evergreen plant
decision,indecisiveness;indecision
decisiveness,indecisiveness;indecision|inconclusiveness
declassification,classification
declension,ascent
declination,improvement|ascent
decline,improvement|ascent
decline,better|accept|accept
declivity,ascent
decoding,encode
decompressing,compression
decompressing,compress|pressurize;pressurise|tense
decompression,compression|compression
decontamination,contamination
decorousness,indecorum;indecorousness
decorum,indecorum;indecorousness
decrease,increase|increase;increment|increase|increase
decrease,increase|increase
decrement,increase|increase;increment
decriminalisation,criminalization;criminalisation
decriminalization,criminalization;criminalisation
dedicated file server,non-dedicated file server
deduction,addition
deepness,shallowness
default,payment
default,pay up
defeat,victory
defence,offense;offence|prosecution|prosecution
defendant,plaintiff
defending team,offense;offence
defense,offense;offence|prosecution|prosecution
defense lawyers,prosecution
defense team,prosecution
deferred payment,cash
deficiency,sufficiency;adequacy
deficit,lead
deflation,inflation|inflation
deflationary spiral,inflationary spiral
defrayal,nonpayment
defrayment,nonpayment
defusing,activation
defusing,fuse
degaussing,magnetize;magnetise
degeneration,evolution
delay,rush
delight,displease|disenchant
demand,supply
demand,obviate
demerit,merit
demise,birth
demobilisation,mobilization
demobilization,mobilization
demonetisation,monetization
demonetization,monetization
demotion,promotion
demurrer,prosecution
denationalisation,nationalization
denationalization,nationalization
denial,prosecution
denseness,distribution
density,distribution
dependability,undependability;undependableness;unreliability;unreliableness
dependableness,undependability;undependableness;unreliability;unreliableness
depigmentation,pigmentation
deposit,dislodge|withdraw
depreciation,appreciation
depression,elation|natural elevation
deregulating,regulate
descendants,ancestor
descending node,ascending node
descent,ascent
descriptive linguistics,prescriptive linguistics
desegregation,segregation
desirability,undesirability
desirableness,undesirability
despair,hope
despair,hope
dessert apple,cooking apple
destabilisation,stabilization;stabilisation
destabilization,stabilization;stabilisation
destructibility,indestructibility
destructive metabolism,anabolism
destructiveness,constructiveness
desynchronisation,synchronism;synchronization;synchronizing
desynchronization,synchronism;synchronization;synchronizing
desynchronizing,synchronism;synchronization;synchronizing
desynchronizing,synchronize;synchronise
deterrence,incentive
detribalisation,tribalization;tribalisation
detribalization,tribalization;tribalisation
development,devolution|nondevelopment
devolution,evolution
dextrorotation,levorotation
diamond,outfield
diapsid,anapsid
diapsid reptile,anapsid
die,be born
dielectric,conductor
difference,sameness
difficultness,ease
difficulty,ease
diffidence,confidence
diffuser,hard
digestibility,indigestibility
digestibleness,indigestibility
digitigrade mammal,plantigrade mammal
dilution,concentration
diminution,augmentation|increase
dimmer,undimmed
direct current,alternating current
direct discourse,indirect discourse
direct electric current,alternating current
direct evidence,circumstantial evidence
direct quotation,indirect discourse
directness,indirectness
dirtiness,cleanness
dirtying,clean
disadvantage,advantage
disadvantage,advantage
disagreeableness,agreeableness|agreeableness
disagreement,agreement|agreement
disappearance,appearance|appearance
disappearing,appearance
disappearing,appear|appear
disapprobation,approbation
disapproval,approval|approval|approval
disarmament,arming;armament
disarray,order
disassembly,assembly
disassociation,association
disassortative mating,assortative mating
disbelief,belief
discharge,charge|convict|enlist|fill
discipline,indiscipline
discomfort,comfort
discomposure,composure
disconnect,plug in|connect
disconnectedness,connectedness
disconnection,connectedness
discontentedness,contentment
discontentment,contentment
discontinuance,continuance;continuation
discontinuation,continuance;continuation
discontinuity,continuity
discord,agree
discouragement,encouragement
discourtesy,courtesy
discredit,repute
discredit,believe
disembarkation,embarkation
disembarkment,embarkation
disembarrassment,embarrassment
disenfranchisement,enfranchisement
disequilibrium,equilibrium
disesteem,esteem
disesteem,respect;esteem
disfavor,advantage
disfavour,advantage
disfluency,fluency
disgrace,honor
dishonesty,honesty
dishonor,honor|honor
dishonor,honor|honor
dishonorableness,honorableness
dishonour,honor|honor
dishonour,honor|honor
dishonourableness,honorableness
disillusion,enchant
disincentive,incentive
disinclination,inclination
disinflation,inflation
disingenuousness,ingenuousness
disjunction,connectedness
disjuncture,connectedness
dislike,liking
dislike,like
disloyalty,loyalty
dismantlement,assembly
dismantling,assembly
dismantling,raise|assemble
dismay,elate
disobedience,obedience;compliance|obedience
disorder,orderliness;order|order
disorder,order
disorderliness,orderliness;order
disowning,bequeath
dispensability,indispensability;indispensableness
dispensableness,indispensability;indispensableness
dispersion,concentration
disproportion,proportion
disreputability,respectability;reputability
disreputableness,respectability;reputability
disrepute,repute
disrespect,respect
disrespect,respect|respect;esteem
dissatisfaction,satisfaction
dissension,agreement
dissent,assent|agree
disservice,service
dissimilarity,similarity
dissimilation,anabolism
dissimilitude,likeness;similitude
dissonance,agreement|harmony
dissuasion,persuasion
dissymmetry,symmetry
distemper,good humor
distinctness,indistinctness;softness
distributary,tributary
distribution,concentration
distrust,trust
distrust,trust;trust
distrustfulness,trust
disunion,union
divergence,convergence;convergency
divergency,convergence;convergency
divergent thinking,convergent thinking
divide,unite|multiply
divider,lumper
diving duck,dabbling duck
do,unmake
dock,undock|undock
docking,undock|undock
doctor,break
doctrine of analogy,apophatism
doings,unmake
domestic flight,international flight
domestication,wildness
dos,unmake
doubler,single|multivalent
doubt,certainty
doubtfulness,certainty
dove,hawk
dovishness,hawkishness
downfall,rise
downgrade,upgrade
downslope,ascent
downtick,uptick
downtime,uptime
draft,discharge
draftee,volunteer
drafting,discharge
draw,push|deposit|repel
drawing,push|deposit|repel
dressing,undress|undress
drew,push|deposit|repel
drier,wet|wet|wet|wet|sweet|phlegmy
drinker,nondrinker
drive,attract
driver,nondriver
drop,sharpen|attend to|recuperate
drop-off,increase
drove,attract
drowsiness,wakefulness
drumbeater,nonpartisan
drunkenness,soberness
dry-bulb thermometer,wet-bulb thermometer
dry fly,wet fly
dry season,rainy season
dryer,wet|wet|wet|wet|sweet|phlegmy
dryness,wetness
dubiety,certainty
dubiousness,certainty
dulles,sharpen
dullness,brightness|sharpness
dumb bomb,smart bomb
dysgenics,eugenics
dysphemism,euphemism
dysphoria,euphoria
dystopia,utopia
e-mail,snail mail;snail mail;snail mail
earliness,lateness
earned run,unearned run
earnestness,frivolity
ease,difficulty
easiness,difficulty
easterner,western|western
easy money,tight money
eating apple,cooking apple
ebb,tide
ebbing,tide
ebbtide,flood tide
eccentricity,concentricity
effectiveness,ineffectiveness
effectivity,ineffectiveness
effector,receptor
effectuality,ineffectiveness
effectualness,ineffectiveness
efficaciousness,inefficacy
efficacy,inefficacy
efficiency,inefficiency
effluence,inflow;influx
efflux,inflow;influx
effortfulness,effortlessness
effortlessness,effortfulness
egocentrism,altruism
egoism,altruism
egress,ingress;immersion
elasticity,inelasticity
elation,depression
electrolytic cell,voltaic cell
electronic mail,snail mail;snail mail;snail mail
elegance,inelegance
elevation,natural depression
eligibility,ineligibility
elitist,egalitarian
email,snail mail;snail mail;snail mail
embarkation,disembarkation
embarkment,disembarkation
embarrassment,disembarrassment
emersion,ingress;immersion
emotional person,unemotional person
emotionalism,unemotionality
emotionality,unemotionality
emotionlessness,emotionality
employ,unemployment
employ,fire
employee,employer
employer,employee
employment,unemployment
emptiness,fullness
emptying,fill|fill
encoding,decode
encouragement,discouragement
end,beginning|beginning
end,begin|begin
ending,beginning|beginning
ending,begin|begin
endogamy,exogamy
endotoxin,exotoxin
enemy,friend
enfranchisement,disenfranchisement
engagement,non-engagement;nonparticipation;non-involvement
enlargement,contraction
enlightenment,unenlightenment
enlisting,discharge
enquiry,answer
entering,exit|drop out
environmentalism,hereditarianism
equalitarian,elitist
equality,inequality
equanimity,discomposure
equilibrium,disequilibrium
equipping,disarming;disarmament
equity,unfairness;inequity
equivalence,nonequivalence
equivalent word,antonym
equivocalness,unambiguity;unequivocalness
erecting,level
eremite,cenobite
errancy,inerrancy
essentiality,inessentiality
essentialness,inessentiality
esteem,disesteem|disrespect
esteem,disrespect;disesteem
esthesia,insensibility
estrus,anestrus
ethical drug,over-the-counter drug;over-the-counter medicine
eucaryote,prokaryote
eudaemon,cacodemon
eudaemonia,ill-being
eudaimonia,ill-being
eudemon,cacodemon
eugenics,dysgenics
eukaryote,prokaryote
euphemism,dysphemism
euphoria,dysphoria
euphory,dysphoria
evasion,payment
even-toed ungulate,odd-toed ungulate
evenness,unevenness;variability|unevenness
evergreen plant,deciduous plant
everydayness,uncommonness
evilness,good;goodness
evolution,devolution
exactitude,inexactness
exactness,inexactness
exaggeration,understatement
exchangeability,unexchangeability
exclusion,inclusion
exile,repatriate
existence,nonbeing;nonexistence
exit,enter|be born
exogamy,endogamy
exon,intron
exotoxin,endotoxin
expansion,contraction
expatriate,repatriate
expectedness,unexpectedness
expedience,inexpedience;inexpediency
expediency,inexpedience;inexpediency
expenditure,income
expensiveness,inexpensiveness
experience,inexperience
expert witness,lay witness
expiry,birth
explicitness,inexplicitness
export,import
export,import|import
exportation,import
exporting,import|import
expose,cover
expounding,contract
expression,misconstruction
extension,flexion
extensor,flexor
extensor muscle,flexor
externality,inwardness
extinguishing,ignite
extra time,regulation time
extraordinariness,ordinariness
extraversion,introversion
extroversion,introversion
fabrication,disassembly
face,avoid|back
facing,avoid|back
factuality,counterfactuality
factualness,counterfactuality
fag,refresh
failure,success|success|achiever
faintheartedness,stoutheartedness
faintness,stoutheartedness
fair-mindedness,unfairness
fair ball,foul ball
fairness,unfairness;inequity|unfairness
faithfulness,infidelity;unfaithfulness
fall,ascent|rise|rise
fall,ascend;rise|increase
fall equinox,vernal equinox
fallibility,infallibility
falls,ascent|rise|rise
falls,ascend;rise|increase
falsehood,truth
falseness,truth|sincerity
falsifying,correct
falsity,truth|truth
fame,infamy|infamy
familiarity,unfamiliarity
fancier,plain
farawayness,nearness
farness,nearness
farsightedness,myopia
fast lane,slow lane
fast reactor,thermal reactor
fastening,unfasten|unfasten
fastness,looseness
fat person,thin person
father,mother;female parent
fatigue,refresh
fatigues,refresh
fatness,leanness
fatso,thin person
fault,merit
fault,absolve
faulting,absolve
fauna,flora
favorableness,unfavorableness
favourableness,unfavorableness
fear,fearlessness
fearfulness,fearlessness|fearlessness
fearlessness,fear|fearfulness
feasibility,infeasibility
feasibleness,infeasibility
feature,lack
fecundity,infertility|fruitlessness
fed,starve
feed,starve
feeder,distributary
feeding,starve
felicitousness,infelicity
felicity,infelicity|unhappiness
fellow member,nonmember
female aristocrat,male aristocrat
female child,male child;boy
female monarch,king;male monarch
female offspring,male offspring
female parent,father;male parent
female person,male
female sibling,male sibling
femaleness,maleness
feminineness,maleness
femininity,masculinity
fertility,infertility
fetch,take away
fidelity,infidelity;unfaithfulness
figure,ground
fill,empty|empty
filling,empty|empty
finality,inconclusiveness
find,lose
finding,lose
findings,lose
finish,beginning|start
finish,begin
finishing,start
finishing,begin
finiteness,infiniteness
finitude,infiniteness
fire,hire
firing,hire
firmness,unsoundness|irresoluteness|unsteadiness
firmness of purpose,irresoluteness
first light,sunset
fitness,unfitness|unfitness
fittingness,unfitness
fix,break|unfasten
fixed-width font,proportional font
fixedness,looseness
fixing,break|unfasten
fixings,break|unfasten
fixity,looseness|mutability;mutableness
fixture,looseness
flash-forward,flashback
flashback,flash-forward
flawlessness,imperfection
fleece,undercharge
flex,straighten|unbend
flexibility,inflexibility|inflexibility|intractability
flexibleness,inflexibility|inflexibility
flexion,extension
flexor,extensor
flexor muscle,extensor
flexure,extension
flightless bird,carinate
float,sink
flood,ebbtide
flood tide,ebbtide
flora,fauna
fluency,disfluency
flunk,passing
flunk,pass
flying bird,ratite
focus,blur|blur|blur
focusing,blur|blur|blur
focussing,blur|blur|blur
foe,friend
fogginess,distinctness;sharpness
fold,unfold|open
follies,wisdom
follower,leader
followers,leader
folly,wisdom
foolishness,wisdom
foot,head
forbear,act
forbearance,impatience
force,pull|push
force out,hire
foregone conclusion,uncertainty
foreground,background;play down
foregrounding,background;play down
foreigner,citizen
foreignness,nativeness
forepart,rear
forester,aft
forgoing,postdate|claim
formalism,imitation
formalities,informality
formality,informality
formalness,informality
forward motion,retreat
foul ball,fair ball
founding,abolish
fraction,multiply
free enterprise,non-market economy
free state,slave state
freeing,confine|lodge|enforce|obstruct|blame|block;freeze
freelancer,salaried
freeze,boil|unfreeze;unblock
freezing,boil|unfreeze;unblock
frequenter,infrequent
fresh water,saltwater
fresher,stale|preserved|salty
freshness,staleness
freshwater,saltwater
friend,foe|stranger
friendliness,unfriendliness|unfriendliness
fright,fearlessness
frigidity,hotness
frigidness,hotness
frivolity,seriousness
frivolousness,seriousness
front burner,back burner
front end,rear
fruitfulness,fruitlessness
fruitlessness,fruitfulness
fuller,empty|thin
fullness,emptiness
function,malfunction
functional disorder,organic disorder
fungibility,unexchangeability
fuse,defuse
futurity,past|pastness
fuzziness,distinctness;sharpness
gain,loss
gain,lose|fall back|reduce
gainfulness,unprofitableness;unprofitability
galvanic cell,electrolytic cell
garb,undress
garment,undress
garner,spread
gather,spread
gathering,disassembly
gathering,spread
gaucherie,urbanity
general agent,special agent
general verdict,special verdict
generalist,specialist
generality,particularity
generic drug,brand-name drug
generic wine,varietal;varietal wine
generosity,stinginess
generousness,stinginess
gentleness,abruptness
genuineness,spuriousness
get,leave|take away|end
get-go,middle
getting,leave|take away|end
gibe,disagree
girl,male child;boy|son;boy
give,take|starve
godlessness,theism|godliness
godliness,ungodliness
good-neighborliness,unneighborliness
good-neighbourliness,unneighborliness
good egg,bad egg
good fortune,misfortune;bad luck
good guy,bad guy
good health,ill health
good humor,ill humor
good humour,ill humor
good luck,misfortune;bad luck
good manners,discourtesy
good nature,ill nature
good part,weak part
good person,bad person
good spirit,cacodemon
good temper,ill humor
good weather,bad weather
goodness,bad;badness|evil;evilness
governed,deregulate
governess,deregulate
grace,unseemliness
gracefulness,awkwardness
graciousness,ungraciousness|malignity;malignancy
gradualness,abruptness
grammatical construction,misconstruction
grand larceny,petit larceny
grand theft,petit larceny
grant,deny
granter,withholder
gratitude,ingratitude
gravitation,levitation
gravity,levity
gravity bomb,smart bomb
greenness,ripeness
grime,clean
ground,figure
ground stroke,volley
grounds,figure
growth,nondevelopment|decrease;decrement
guilt,innocence
guiltiness,innocence
gutlessness,gutsiness
gutsiness,gutlessness
hairiness,hairlessness
hairlessness,hairiness
ham,underact
hamming,underact
hand mower,power mower
handiness,inaccessibility;unavailability
happening,dematerialize;dematerialise
happiness,unhappiness|sadness
hard drug,soft drug
hard water,soft water
hardball,softball
hardening,soften|soften
hardihood,timidity
hardiness,timidity
hardness,softness
hardware,software
harmony,dissonance
harness,unharness
hate,love
hate,love
hatred,love
have,lack|abstain|refuse
hawk,dove
hawkishness,dovishness
head,rear|foot|tail
health,illness
health problem,good health
healthfulness,unhealthfulness
healthiness,ill health
heat,coldness|anestrus
heat,cool|cool
heating,cool|cool
heaven,Hell
heavens,Hell
heaviness,lightness
heed,inattentiveness
heedfulness,unmindfulness;heedlessness
heedlessness,attentiveness|mindfulness;heedfulness
heir apparent,heir presumptive
heir presumptive,heir apparent
hell,Heaven
hereditarianism,environmentalism
hereness,thereness
heresy,orthodoxy
heterocercal fin,homocercal fin
heterodactyl foot,zygodactyl foot
heterodoxy,orthodoxy|orthodoxy
heterogeneity,homogeneity
heterogeneousness,homogeneity
heterozygosity,homozygosity
hide,show
hiding,show
high blood pressure,hypotension
high explosive,low explosive
high frequency,low pitch
high pitch,low pitch
high quality,inferiority;low quality
high relief,low relief
high sea,territorial waters;territorial waters
high season,off-season
high status,low status
high temperature,coldness
high tide,low tide
high water,low tide
higher-up,inferior
highlander,lowland
highlands,lowland
highlight,background;play down
highlighting,background;play down
highness,lowness
highwater,low tide
hindu-arabic numeral,Roman numeral
hindu numeral,Roman numeral
hire,fire
hiss,applaud
hissing,applaud
hit,miss
hitch,unhitch
hitchings,unhitch
hitting,miss
hold,let go of|disagree
holding,let go of|disagree
holiness,unholiness
holism,atomism
holistic theory,atomism
hollowness,solidity|sincerity
home game,away game
homeopathy,allopathy
homocercal fin,heterocercal fin
homoeopathy,allopathy
homogeneity,heterogeneity
homogeneousness,heterogeneity
homozygosity,heterozygosity
honestness,dishonesty
honesty,dishonesty
honk,keep down
honor,dishonor|dishonor
honor,dishonor|disrespect|dishonor
honorableness,dishonorableness
honoring,nonobservance
honoring,dishonor|disrespect|dishonor
honour,dishonor|dishonor
honour,dishonor|disrespect|dishonor
honourableness,dishonorableness
honours,dishonor|dishonor
honours,dishonor|disrespect|dishonor
hook,unhook|undercharge
hooking,unhook|undercharge
hooks,unhook|undercharge
hope,despair
hope,despair
hopefulness,hopelessness
hopelessness,hopefulness
hospitableness,inhospitableness
hospitality,inhospitality
host,parasite
hot war,cold war
hotness,coldness
hubby,wife
humaneness,inhumaneness
humbleness,pride|conceit
humility,conceit|pride
hunger,be full
hurry,delay
hurting,be well
husband,wife
husband,waste
hush,louden|louden
hushing,louden|louden
hydrate,dehydrate
hypercalcaemia,hypocalcemia
hypercalcemia,hypocalcemia
hypercapnia,hypocapnia
hypercarbia,hypocapnia
hyperglycaemia,hypoglycemia
hyperglycemia,hypoglycemia
hyperkalemia,hypokalemia
hypermetropia,myopia
hypermetropy,myopia
hypernatremia,hyponatremia
hyperopia,myopia
hyperparathyroidism,hypoparathyroidism
hyperpigmentation,hypopigmentation
hyperpnea,hypopnea
hypersomnia,insomnia
hypertension,hypotension
hyperthermia,hypothermia
hyperthermy,hypothermia
hyperthyroidism,hypothyroidism
hypertonia,hypotonia;hypotonus;hypotonicity
hypertonicity,hypotonicity|hypotonia;hypotonus;hypotonicity
hypertonus,hypotonia;hypotonus;hypotonicity
hypervolaemia,hypovolemia
hypervolemia,hypovolemia
hypocalcaemia,hypercalcemia
hypocalcemia,hypercalcemia
hypocapnia,hypercapnia
hypoglycaemia,hyperglycemia
hypoglycemia,hyperglycemia
hypokalemia,hyperkalemia
hyponatremia,hypernatremia
hypoparathyroidism,hyperparathyroidism
hypopigmentation,hyperpigmentation
hypopnea,hyperpnea
hypotension,hypertension
hypothermia,hyperthermia
hypothyroidism,hyperthyroidism
hypotonia,hypertonia;hypertonus;hypertonicity
hypotonicity,hypertonicity|hypertonia;hypertonus;hypertonicity
hypotonus,hypertonia;hypertonus;hypertonicity
hypovolaemia,hypervolemia
hypovolemia,hypervolemia
idler,busy
idling,run|work
ill-being,well-being
ill health,good health
ill humor,good humor
ill humour,good humor
ill luck,good fortune;good luck
ill nature,good nature
ill service,service
ill turn,service
illegality,legality
illegibility,legibility
illegitimacy,legitimacy
illiberality,liberality
illicitness,licitness
illiteracy,literacy
illness,wellness;wellness
illogic,logicality;logicalness
illogicality,logicality;logicalness
illogicalness,logicality;logicalness
imbalance,balance|symmetry
imbiber,nondrinker
immateriality,materiality|materiality;corporeality
immatureness,maturity
immaturity,maturity
immediacy,mediacy
immediate payment,credit
immediateness,mediacy
immersion,egress;emersion
immobility,mobility
immobilizing,unfreeze;unblock
immoderateness,moderation
immoderation,moderation
immodesty,modesty
immorality,morality
immortality,mortality
immotility,motility
immovability,movability;movableness
immovableness,movability;movableness
immunity,susceptibility
immunocompetence,immunodeficiency
immunodeficiency,immunocompetence
immutability,mutability;mutableness
immutableness,mutability;mutableness
impalpability,tangibility;palpability
impartiality,partiality
impatience,patience
impenetrability,penetrability;perviousness
imperceptibility,perceptibility
imperfectibility,perfectibility
imperfection,perfection
imperfectness,perfection
impermanence,permanence
impermanency,permanence
impermeability,permeability
impermeableness,permeability
impermissibility,permissibility
imperviousness,penetrability;perviousness
impiety,piety
impiousness,piety
implausibility,plausibility
implausibleness,plausibility
implement,exempt
impoliteness,politeness
import,export|inconsequence
import,export|export
importance,unimportance
importation,export
importing,export|export
impossibility,possibility
impossibleness,possibility
impotence,power|potence;potency
impotency,power|potence;potency
impoverishment,wealth
impracticability,practicability;practicableness
impracticableness,practicability;practicableness
impracticality,practicality
impreciseness,preciseness;precision
imprecision,preciseness;precision
improbability,probability
improbableness,probability
improperness,propriety;properness
impropriety,propriety;properness
improvement,decline
improvidence,providence
imprudence,prudence
impureness,purity
impurity,purity
in-basket,out-basket
in-tray,out-basket
inability,ability|ability
inaccessibility,accessibility;availability
inaccuracy,accuracy
inaction,action;activity;activeness
inactivation,activation
inactiveness,action;activity;activeness|activeness
inactivity,action;activity;activeness|activeness|activity
inadequacy,sufficiency;adequacy|adequacy
inadequateness,adequacy
inadmissibility,admissibility
inadvertence,mindfulness;heedfulness
inadvertency,mindfulness;heedfulness
inadvisability,advisability
inanimateness,animateness
inapplicability,applicability
inappositeness,aptness;appositeness
inappropriateness,appropriateness|appropriateness
inaptitude,aptitude
inaptness,aptness;appositeness
inattention,attention
inattentiveness,attentiveness|attentiveness
inaudibility,audibility
inaudibleness,audibility
inauspiciousness,auspiciousness;propitiousness
incapability,capability|capability;capableness
incapableness,capability|capability;capableness
incapacity,capacity|capacity
incaution,caution
incautiousness,caution
incentive,disincentive
incertitude,certainty
incivility,civility
inclemency,good weather
inclementness,good weather
inclination,disinclination
incline,indispose
inclining,indispose
inclusion,exclusion
incognizance,cognizance
incoherence,coherence
incoherency,coherence
income,outgo
incompatibility,compatibility
incompetence,competence
incompetency,competence
incompleteness,completeness
incomprehensibility,comprehensibility
incomprehension,comprehension
incompressibility,compressibility
inconclusiveness,conclusiveness
incongruity,congruity;congruousness
incongruousness,congruity;congruousness
inconsequence,consequence|logicality;logicalness
inconsiderateness,consideration;thoughtfulness
inconsideration,consideration;thoughtfulness
inconsistency,consistency
inconspicuousness,conspicuousness
inconstancy,constancy
inconvenience,convenience
inconvertibility,convertibility
incoordination,coordination
incorporeality,materiality;corporeality
incorrectness,correctness|correctness;rightness
incorruptibility,corruptibility
incorruption,corruptness
incorruptness,corruptness
increase,decrease|decrease;decrement|decrease|decrease
increase,decrease|decrease
incredibility,credibility
incredibleness,credibility
increment,decrease;decrement|decrease
incurability,curability;curableness
incurableness,curability;curableness
indecency,decency
indecision,decisiveness;decision
indecisiveness,decisiveness;decision
indecorousness,decorum;decorousness
indecorum,decorum;decorousness
indestructibility,destructibility
indication,contraindication
indigestibility,digestibility
indigestibleness,digestibility
indirect discourse,direct discourse
indirect evidence,direct evidence
indirectness,directness
indiscipline,discipline
indiscreetness,judiciousness
indispensability,dispensability;dispensableness
indispensableness,dispensability;dispensableness
indistinctness,distinctness;sharpness
individualism,commonality
individuality,commonality
individuation,commonality
inducement,disincentive
inductee,volunteer
inebriation,soberness
inebriety,soberness
ineffectiveness,effectiveness
ineffectuality,effectiveness
ineffectualness,effectiveness
inefficaciousness,efficacy
inefficacy,efficacy
inefficiency,efficiency
inelasticity,elasticity
inelegance,elegance
ineligibility,eligibility
ineptitude,worth
ineptness,suitability;suitableness
inequality,equality
inequity,fairness;equity
inerrancy,errancy
inertia,activeness
inessentiality,essentiality
inexactitude,exactness
inexactness,exactness
inexpedience,expedience;expediency
inexpediency,expedience;expediency
inexpensiveness,expensiveness
inexperience,experience
inexplicitness,explicitness
infallibility,fallibility
infamy,fame|fame
infeasibility,feasibility
infelicity,felicity
inferiority,superiority;high quality
infernal region,Heaven
inferno,Heaven
infertility,fertility
infidelity,fidelity;faithfulness
infield,outfield
infiniteness,finiteness
infinitude,finiteness
inflation,deflation|deflation
inflationary spiral,deflationary spiral
inflexibility,flexibility|flexibility
inflexibleness,flexibility
inflow,outflow;efflux
influx,outflow;efflux
informality,formality
ingenuousness,disingenuousness
ingratitude,gratitude
ingress,egress;emersion
inhibitor,activator
inhospitableness,hospitableness
inhospitality,hospitality
inhumaneness,humaneness
inhumanity,humaneness
initiate,uninitiate
injudiciousness,judiciousness
injustice,justice
inkiness,white
inmarriage,exogamy
inmate,outpatient
innocence,guilt
inopportuneness,opportuneness
inpatient,outpatient
inquiry,answer
insalubriousness,salubrity;salubriousness
insalubrity,salubrity;salubriousness
insanity,sanity
insecureness,secureness
insecurity,security
insensibility,sensibility
insensitiveness,sensitivity;sensitiveness
insensitivity,sensitivity;sensitiveness
insentience,sentience
insignificance,significance
insincerity,sincerity
insobriety,soberness
insolubility,solvability;solubility|solubility
insolvency,solvency
insomnia,hypersomnia
instability,stability|balance|stability;stableness
insubordination,subordination
insubstantiality,substantiality
insufficiency,sufficiency;adequacy
insulator,conductor
insurability,uninsurability
intangibility,tangibility;palpability
intangibleness,tangibility;palpability
integrating,segregation
integrating,disintegrate|segregate|differentiate
integration,segregation
intelligence,stupidity
intelligibility,unintelligibility
intemperance,temperance
intensity,softness
interchangeability,unexchangeability
interchangeableness,unexchangeability
interdict,permit;allow
interest,uninterestingness
interest,bore
interestingness,uninterestingness
interference,nonintervention;noninterference
intermarriage,endogamy|exogamy
internality,outwardness
international flight,domestic flight
international law,civil law
international waters,territorial waters;territorial waters
internationalism,nationalism
interrogation,answer
intervention,nonintervention;noninterference
intolerance,tolerance
intoxication,soberness
intractability,tractability
intractableness,tractability
intransitiveness,transitivity
intransitivity,transitivity
intron,exon
introversion,ambiversion
introvert,extrovert
inutility,utility;usefulness
invariability,unevenness;variability|variability;variableness
invariableness,variability;variableness
invariance,variability;variableness
investing,divest|divest
invisibility,visibility
invisibleness,visibility
involuntariness,willingness
involution,non-engagement;nonparticipation;non-involvement
involvement,non-engagement;nonparticipation;non-involvement
invulnerability,vulnerability
inwardness,outwardness|outwardness|outwardness
irreality,reality
irregularity,regularity
irrelevance,relevance
irrelevancy,relevance
irresoluteness,resoluteness
irresolution,resoluteness
irresponsibility,responsibility;responsibleness
irresponsibleness,responsibility;responsibleness
irreverence,reverence
irreversibility,reversibility
irreversible process,reversible process
isotropy,anisotropy
issue,recall
issuing,recall
jam,free
james,free
jamming,free
jibe,disagree
join,disjoin|disjoin
joining,disjoin|disjoin
jointure,disunion
joy,sorrow
joy,sadden
joyfulness,sorrow
joyousness,sorrow
judgement in personam,judgment in rem
judgement in rem,judgment in personam
judgment in personam,judgment in rem
judgment in rem,judgment in personam
judgment of conviction,acquittal
judiciousness,injudiciousness
juicer,nondrinker
june 21,winter solstice
justice,injustice
justness,injustice
juvenile person,adult
kainogenesis,palingenesis
katabolism,anabolism
katamorphism,anamorphism
keenness,dullness
keep,discontinue|lose|let|break
keeping,discontinue|lose|let|break
kenogenesis,palingenesis
kick,cheer
kicking,cheer
kickoff,middle
kid,parent
kinaesthesia,kinanesthesia
kinaesthesis,kinanesthesia
kinanesthesia,kinesthesia
kindness,unkindness
kinesthesia,kinanesthesia
kinesthesis,kinanesthesia
kinesthetics,kinanesthesia
king,queen;female monarch
kip,wake
knock,praise
knocking,praise
knot,unravel;unknot
know,ignore
knowingness,incognizance
kvetch,cheer
lace,untwine
lacing,untwine
lack,have
lactate,bottlefeed
lady,Lord;nobleman
laissez-faire economy,non-market economy
laity,clergy
largeness,smallness;littleness|unpretentiousness
lash,unlash
lashings,unlash
lateness,earliness
laugh,cry
launch,abolish
launching,abolish
laurels,dishonor
law of nations,civil law
lawfulness,unlawfulness
laxation,tightening
lay witness,expert witness
layman,clergyman
layperson,clergyman
lead,deficit
lead,follow
leaded gasoline,unleaded gasoline
leaded petrol,unleaded gasoline
leader,follower
leaders,follower
leaner,fat|rich
leanness,fatness
leave,arrive|enter|disinherit
leaving,arrive|enter|disinherit
led,follow
lee side,windward
lees,windward
legal age,minority
legality,illegality
legibility,illegibility
legitimacy,illegitimacy
lender,borrower
lending,borrow
lengthening,shorten|shorten
lent,borrow
lessening,increase
lessening,increase|increase
let,prevent|forbid;disallow
letting,prevent|forbid;disallow
leveling,raise
levitation,gravitation
levity,gravity
levorotation,dextrorotation
lexical ambiguity,monosemy
liabilities,asset
liability,asset
liar,square shooter
liberalist,conservative
liberality,illiberality
liberalness,illiberality
liberator,captor
libertarian,necessitarian
licence,decertify
license,decertify
licitness,illicitness
licking,victory
lie,stand|arise
lied,stand|arise
lifelessness,motion|animateness
lift,lower|fall
lightening,weigh down|darken|darken
lighter,heavy|dark|heavy|heavy|heavy|dark|heavy|heavy
lighting,dark
lighting,extinguish
lightness,heaviness|darkness
likelihood,unlikelihood;unlikeliness
likeliness,unlikelihood;unlikeliness
likeness,unlikeness;dissimilitude
liking,dislike
liking,dislike
limitlessness,finiteness
limpidity,obscurity;unclearness
lingering,rush
link,disconnectedness
link,dissociate|disconnect
links,disconnectedness
links,dissociate|disconnect
listed security,unlisted security
literacy,illiteracy
little girl,male child;boy
littleness,largeness;bigness
live birth,stillbirth
liveborn infant,stillborn infant
liveness,inanimateness
liveness,deaden
loading,unloading
loan,borrow
loaner,borrower
loaning,borrow
location,studio
lock,unlock|disengage|unlock
locking,unlock|disengage|unlock
lodge,dislodge
lodging,dislodge
lodgings,dislodge
loftiness,lowness
logicality,illogicality;illogicalness
logicalness,illogicality;illogicalness
long suit,weak point
longanimity,impatience
longness,shortness|shortness
longsightedness,myopia
look,back
loop,open circuit
loop,uncoil
looping,uncoil
looseness,fixedness|tightness
looseness,stiffen|stiffen
loosening,tightening
loosening,stiffen|stiffen
lord,Lady;noblewoman
loser,winner|achiever|winner
losings,winnings
losings,keep|win|find|profit|win|gain
loss,gain
losses,winnings|gain
loudness,softness
love,hate
love,hate
low explosive,high explosive
low frequency,high pitch
low pitch,high pitch
low quality,superiority;high quality
low relief,high relief
low spirits,high
low status,high status
low temperature,hotness
low tide,high tide
low water,high tide
lower,raise
lower,high|high|high
lower-case letter,uppercase
lower limit,maximum
lowlands,highland
lowliness,high status
lowness,high status|highness
loyalty,disloyalty
lucidity,obscurity;unclearness
lucidness,obscurity;unclearness
luckiness,misfortune;bad luck
lucrativeness,unprofitableness;unprofitability
lug,unstuff
luging,unstuff
lull,agitate
lumper,splitter
lying,stand|arise
magnification,understatement
major surgery,minor surgery
majority,minority|minority
make,unmake|break
making,unmake|break
malacopterygian,spiny-finned fish
malady,wellness;wellness
male aristocrat,female aristocrat
male child,female child;girl
male monarch,queen;female monarch
male offspring,female offspring
male parent,mother;female parent
male person,female
male sibling,female sibling
maleficence,beneficence|beneficence
maleness,femaleness
malevolence,benevolence
malfunction,function
malignance,benignity;benignancy
malignancy,benignity;benignancy
malignity,benevolence|benignity;benignancy
malleability,unmalleability
man,woman|civilian|woman
man-child,female offspring
man of the cloth,layman
march equinox,autumnal equinox
margin account,cash account
marginality,centrality
mark,ignore
market economy,non-market economy
marking,ignore
marks,ignore
married man,wife
married woman,husband
masculinity,femaleness|femininity
mask,unmask
masking,unmask
masochist,sadist
match,disagree
materiality,immateriality|immateriality;incorporeality
mates,disentangle;unsnarl
mating,disentangle;unsnarl
matting,disentangle;unsnarl
maturation,nondevelopment
matureness,immaturity
maturity,immaturity
maximation,minimization
maximisation,minimization
maximization,minimization
meaningfulness,meaninglessness
meaninglessness,meaningfulness
mediacy,immediacy
mediateness,immediacy
medulla,cortex
meeting,diverge
melioration,decline
member,nonmember
men,woman|civilian|woman
mend,break
mendacity,veracity
mending,break
mental ability,incapacity
mental disease,mental health
mental health,mental illness
mental illness,mental health
mercifulness,mercilessness
mercilessness,mercifulness
mercy,mercilessness
merit,demerit
merit system,spoils system
mesh,disengage
meshing,disengage
messiness,tidiness
metier,weak point
midsummer,winter solstice
militarisation,demobilization
militarization,demobilization
military man,civilian
military personnel,civilian
military volunteer,draftee
mind,forget
mindfulness,unmindfulness;heedlessness
minimisation,maximization
minimization,maximization
minor surgery,major surgery
minority,majority|majority
miscarriage,live birth
mischief,beneficence
misconception,conception
misconduct,behave
misconstruction,construction
misfortune,good fortune;good luck
misogynism,philogyny
misogyny,philogyny
miss,attend|attend to|have|hit
mistrust,trust
mistrust,trust;trust
mix,segregate
mixing,segregate
mobilisation,demobilization
mobility,immobility
mobilization,demobilization
moderateness,immoderation
moderation,immoderation|intemperance
modern font,old style
modestness,immodesty
modesty,immodesty
moment,inconsequence
monetisation,demonetization
monetization,demonetization
monism,pluralism
monody,polyphony;polyphonic music
monophonic music,polyphony;polyphonic music
monophony,polyphony;polyphonic music
monosemy,polysemy
monospaced font,proportional font
monotheism,polytheism
morality,immorality
morbidity,wholesomeness
morbidness,wholesomeness
morning,sunset
mortal sin,venial sin
mortality,immortality
mother,father;male parent
motility,immotility
motion,motionlessness
motionlessness,motion
motivator,disincentive
motor mower,hand mower
mount,wane|hop out
mounting,wane|hop out
movability,immovability;immovableness
movableness,immovability;immovableness
move,stay in place|stand still|stay|rest|refrain
muliebrity,masculinity
multiculturalism,nationalism
multidimensional language,one-dimensional language
mundaneness,naivete|extraordinariness
mundanity,naivete|extraordinariness
muscle sense,kinanesthesia
mushroom,toadstool
mutability,immutability;immutableness
mutableness,immutability;immutableness
muzzle,unmuzzle
myopia,hyperopia
nadir,zenith
naiveness,sophistication
naivete,sophistication
naivety,sophistication
nakedness,closeness
narrow-mindedness,broad-mindedness
narrowness,wideness|broad-mindedness
nascence,death
nascency,death
nastiness,niceness
nationalisation,denationalization
nationalism,multiculturalism|internationalism
nationalization,denationalization
nativeness,foreignness
nativity,death
natural depression,natural elevation
natural elevation,natural depression
natural language,artificial language
natural object,artifact
naturalness,unnaturalness
ne plus ultra,imperfection
neap,springtide
neap tide,springtide
nearness,farness
nearsightedness,hyperopia
neatness,untidiness
necessitarian,libertarian
necessity,inessential
need,obviate
negative charge,positive charge
negativeness,positivity;positiveness|positivity;positiveness|positivity;positiveness
negativism,positivity;positiveness
negativity,positivity;positiveness|positivity;positiveness|positivity;positiveness
neglect,attend to
neighborliness,unneighborliness
neighbourliness,unneighborliness
nephew,niece
nether region,Heaven
neurotic depression,psychotic depression
newness,oldness
niceness,impoliteness|nastiness
niece,nephew
night,day
night game,day game
night school,day school
nighttime,day
nix,permit;allow
nobleman,Lady;noblewoman
noblewoman,Lord;nobleman
node,antinode
nominative case,oblique
non-dedicated file server,dedicated file server
non-engagement,engagement;participation;involvement
non-involvement,engagement;participation;involvement
non-market economy,market economy
non-proliferation,proliferation;proliferation
non-volatile storage,volatile storage;volatile storage
nonabsorbency,absorbency
nonage,majority
nonalignment,alignment
nonalinement,alignment
nonattendance,attendance
nonbeing,being
nonbiodegradable pollution,biodegradable pollution
noncitizen,citizen
noncoding dna,exon
noncompliance,obedience;compliance
nonconductor,conductor
nonconformance,conformity;conformism|conformity
nonconformism,conformity;conformism
nonconformity,conformity;conformism|conformity
nondevelopment,development
nondrinker,drinker
nondriver,driver
nonentity,existence
nonequivalence,equivalence
nonexistence,existence
noninterference,intervention;interference
nonintervention,intervention;interference
nonmember,member
nonobservance,observance
nonparticipation,engagement;participation;involvement
nonpartisanship,partiality
nonpayment,payment|payment
nonproliferation,proliferation;proliferation
nonreligious person,religious person
nonremittal,payment
nonsingular matrix,singular matrix
nonsmoker,smoker
nonstarter,achiever
nonuniformity,uniformity
nonvolatile storage,volatile storage;volatile storage
nonworker,worker
normalcy,abnormality
normality,abnormality
northernness,southernness
note,ignore
notice,ignore
nowness,futurity
nurse,bottlefeed
nursing,bottlefeed
obedience,disobedience|disobedience
obeisance,disobedience
object program,source program
oblique angle,right angle
oblique case,nominative
oblique triangle,right triangle
obscureness,clarity
obscurity,clarity|prominence
observance,nonobservance
obtrusiveness,unobtrusiveness
obtuseness,acuteness
obverse,reverse
occupant,nonresident
occupier,nonresident
odd-toed ungulate,even-toed ungulate
oestrus,anestrus
off-season,high season
offence,defense;defence
offense,defense;defence
offerer,on|on
offset,middle
old style,modern
old style font,modern
oldness,youngness|newness
one-dimensional language,multidimensional language
ontogenesis,nondevelopment
ontogeny,nondevelopment
onward motion,retreat
opacity,transparency|clarity
opaqueness,clarity
open chain,closed chain
open circuit,closed circuit
open interval,closed interval
openness,closeness
opportuneness,inopportuneness
opposer,agonist
opposite word,synonym
opprobrium,fame
optimism,pessimism|pessimism
optimist,pessimist
order,disorder|disorderliness;disorder
order,deregulate|disorder
ordering,deregulate|disorder
orderliness,disorderliness;disorder
ordinariness,extraordinariness
organic disorder,functional disorder
orient,disorient
original sin,actual sin
originality,unoriginality
orthodoxy,unorthodoxy|unorthodoxy
otc security,listed security
otherworldliness,worldliness
out-basket,in-basket
out-of-the-box thinking,convergent thinking
out-tray,in-basket
outer garment,undergarment
outfield,infield
outflow,inflow;influx
outgo,income
outlander,citizen
outlay,income
outpatient,inpatient
outset,middle
outwardness,inwardness|inwardness|inwardness
over-the-counter drug,prescription drug;prescription medicine
over-the-counter medicine,prescription drug;prescription medicine
over the counter security,listed security
overachievement,underachievement
overacting,underact
overbid,underbid
overcasting,clear up
overcharge,undercharge
overclothes,underdress
overestimate,underestimate|undervalue;underestimate
overgarment,undergarment
overlook,attend to
overrating,underestimate
overshoot,undershoot
overstatement,understatement
ovulation,anovulation
pack,unpack
package,hardware
package,unbox
packaging,unbox
packing,unpack
pain,pleasure
painfulness,pleasure
pains,pleasure
painstakingness,unconscientiousness
palatability,unpalatability
palatableness,unpalatability
palingenesis,cenogenesis
palpability,intangibility;impalpability
paper loss,paper profit
paper profit,paper loss
parallel operation,serial operation
parallelogram,trapezium
parasite,host
parent,child
partiality,impartiality
participation,non-engagement;nonparticipation;non-involvement
particular proposition,universal;universal proposition
particularity,generality
partisanship,impartiality
passive trust,active trust
passive voice,active voice
past times,future
pastness,presentness
patience,impatience
patness,inopportuneness
pay,default
payment,nonpayment|nonpayment
peace,war
peacenik,hawk
peach,keep quiet
peak,bottom out
peak season,off-season
peel,dress
peeling,dress
peeress,Lord;nobleman
pellucidity,obscurity;unclearness
penalty,reward
penetrability,impenetrability;imperviousness
perceptibility,imperceptibility
perceptiveness,unperceptiveness
perdition,Heaven
perfecter,imperfect
perfectibility,imperfectibility
perfection,imperfection
periapsis,apoapsis;point of apoapsis
perigee,apogee
perihelion,aphelion
perijove,apojove
perilune,aposelene;apolune
periselene,aposelene;apolune
perissodactyl,even-toed ungulate
perissodactyl mammal,even-toed ungulate
peristalsis,anastalsis
permanence,impermanence
permanency,impermanence
permeability,impermeability
permeableness,impermeability
permissibility,impermissibility
permissiveness,unpermissiveness
permit,forbid;disallow|prevent
personal judgement,judgment in rem
personal judgment,judgment in rem
persuasion,dissuasion
persuasiveness,unpersuasiveness
pertinence,inapplicability
pertinency,inapplicability
perviousness,impenetrability;imperviousness
pessimism,optimism|optimism
pessimist,optimist
petit larceny,grand larceny
petty larceny,grand larceny
phanerogamae,Cryptogamia
philogyny,misogyny
physical fitness,unfitness
physicalness,immateriality;incorporeality
piece,disassemble
piety,impiety
pigmentation,depigmentation
pilosity,hairlessness
pin,unpin
pining,unpin
pinning,unpin
piousness,impiety
pit,Heaven
place,divest
plaintiff,defendant
plantigrade mammal,digitigrade mammal
plasticity,unmalleability
plausibility,implausibility
plausibleness,implausibility
play,tightness
pleasance,pain
pleasantness,unpleasantness|unpleasantness
pleasingness,unpleasingness
pleasure,pain
pleasure-pain principle,reality principle
pleasure-unpleasure principle,reality principle
pleasure principle,reality principle
pleurocarp,acrocarp
pleurocarpous moss,acrocarp
plosive,continuant consonant
plosive consonant,continuant consonant
plosive speech sound,continuant consonant
pluck,gutlessness
pluck,undercharge
pluckiness,gutlessness
plume,undercharge
plural form,singular
pluralism,monism
point,unpointedness
point of apoapsis,periapsis;point of periapsis
point of periapsis,apoapsis;point of apoapsis
pointedness,unpointedness
politeness,impoliteness
political correctitude,political incorrectness
political correctness,political incorrectness
political incorrectness,political correctness
pollution,decontamination
polyphonic music,monophony;monophonic music
polyphony,monophony;monophonic music
polysemy,monosemy
polytheism,monotheism
poor people,rich people;rich
poorness,wealth
popularity,unpopularity
populated area,rural area
porosity,solidity
porousness,solidity
positive charge,negative charge
positiveness,negativity;negativeness|negativity;negativeness|unfavorableness|negativity;negativeness
positivism,negativity;negativeness
positivity,negativity;negativeness|negativity;negativeness|unfavorableness|negativity;negativeness
possibility,impossibility
possibleness,impossibility
posteriority,anteriority|priority
postulate,obviate
potence,impotency;impotence
potency,impotency;impotence
potentiality,incapability
poverty,wealth
power,powerlessness;powerlessness|inability
power mower,hand mower
powerfulness,powerlessness;powerlessness
powerlessness,power
practicability,impracticability;impracticableness
practicableness,impracticability;impracticableness
practicality,impracticality
praise,criticize
precariousness,certainty
precedence,posteriority
precedency,posteriority
precipitousness,gradualness
preciseness,impreciseness;imprecision
precision,impreciseness;imprecision
predictability,unpredictability
prefix,suffix
preparation,resolution
prescription drug,over-the-counter drug;over-the-counter medicine
prescription medicine,over-the-counter drug;over-the-counter medicine
prescriptive linguistics,descriptive linguistics
presence,absence|absence
presentness,futurity
preserve,discontinue
preserves,discontinue
pretension,unpretentiousness
pretentiousness,unpretentiousness
prevaricator,square shooter
pride,humility
pridefulness,humility
primary cell,electrolytic cell
priority,posteriority
private enterprise,non-market economy
privatisation,nationalization
privatization,nationalization
pro-lifer,pro-choice
probability,improbability
procaryote,eukaryote
proceeding,discontinue
proceedings,discontinue
proceeds,discontinue
procession,retreat
productiveness,unproductiveness
productivity,unproductiveness
profit,lose
profitability,unprofitableness;unprofitability
profitableness,unfavorableness|unprofitableness;unprofitability
profits,losings
profits,lose
profoundness,shallowness|superficiality
profundity,superficiality|shallowness
progress,retreat
progress,regress|recede
progression,retreat
prokaryote,eukaryote
proliferation,nonproliferation
prominence,obscurity
promotion,demotion
promptness,tardiness
pronation,supination
proper name,common noun
proper noun,common noun
properness,impropriety;improperness
propitiousness,inauspiciousness;unpropitiousness
proportion,disproportion
proportional font,fixed-width font
proprietary drug,generic drug
propriety,impropriety;improperness
prosecution,defense|defense
providence,improvidence
prudence,imprudence
psychopathy,mental health
psychotic depression,neurotic depression
puke,keep down
puking,keep down
pull,push|repel
pulling,push|repel
punctuality,tardiness
purchase,sell
purchasing,sell
pureness,impurity
purge,rehabilitate|keep down
purity,impurity
purposefulness,purposelessness
purposelessness,purposefulness
push,pull
push back,attract
pushing,pull
put,call option
put,divest
put option,call option
putting,divest
qualifying,failing
qualifying,disqualify|disqualify
queen,king;male monarch
queen regnant,king;male monarch
queens,king;male monarch
quenching,ignite
query,answer
question,answer
quickening,deceleration
quickening,decelerate
race,linger
racing,linger
radial asymmetry,radial symmetry
radial symmetry,radial asymmetry
raggedness,smoothness
raiment,undress
rainy season,dry season
raise,descent
raise,lower|level|demote
rally,demobilize
ratite,carinate
ratite bird,carinate
ravel,unravel;unknot
raveling,ravel|unravel;unknot
ravelling,ravel|unravel;unknot
rawness,completeness|experience
razing,raise
readability,illegibility
realism,unreality
reality,unreality|unreality
reality principle,pleasure principle
realness,unreality
recall,forget|issue
recapitulation,cenogenesis
receptor,effector
reconditeness,clarity
record,erase
recording,erase
recto,verso
red ink,gain
redress,wrong
reduced instruction set computer,complex instruction set computing;complex instruction set computer;CISC
reduced instruction set computing,complex instruction set computing;complex instruction set computer;CISC
reducing,blow up|oxidize;oxidise|expand|gain
reduction,increase
reentering angle,salient angle
reentrant angle,salient angle
refrain,act|consume
refuse,accept|accept|lend oneself|allow|admit
regaining,lose
regard,inattentiveness|disesteem|disrespect
regress,progress
regularity,irregularity
regulating,deregulate
regulation time,overtime
reject,accept|accept|approve|admit
rejection,acceptance
relapse,get well
relapsing,get well
relatedness,unrelatedness
release,hold|confine|block;freeze
relegating,promote
relevance,irrelevance
relevancy,irrelevance
reliability,undependability;undependableness;unreliability;unreliableness
reliableness,undependability;undependableness;unreliability;unreliableness
religious person,nonreligious person
relinquishing,hold
remains,change
remembering,forget|forget
remoteness,nearness
renaissance man,specialist
renown,infamy
repair,break
repatriate,expatriate
repulse,attract|attract
repulsion,attraction
repulsive force,attraction
reputability,unrespectability;disreputability
reputation,disrepute
repute,disrepute
requirement,inessential
requisition,derequisition
resister,agonist
resoluteness,irresoluteness
resolution,irresoluteness|preparation
resolve,irresoluteness
respect,disesteem|disrespect
respect,disrespect;disesteem|disrespect
respectability,unrespectability;disreputability
respects,disesteem|disrespect
respects,disrespect;disesteem|disrespect
responsibility,irresponsibility;irresponsibleness
responsibleness,irresponsibility;irresponsibleness
responsiveness,unresponsiveness
rest,be active|change
rest day,workday
restraint,unrestraint
restrictiveness,permissiveness
retailing,wholesale
retard,accelerate
retardation,acceleration
retch,keep down
retreat,advance
retreat,advance
retreated,advance
reverence,irreverence
reversal,affirmation
reversibility,irreversibility
reversible process,irreversible process
reward,penalty
reward,dishonor
rex,queen;female monarch
rich people,poor people;poor
riches,poor people;poor
ricketiness,steadiness
ride,walk
riding,walk
right-angled triangle,oblique triangle
right angle,oblique angle
right triangle,oblique triangle
righteousness,unrighteousness
rightfulness,wrong;wrongfulness
rightness,wrongness|inappropriateness|incorrectness;wrongness
rigidity,flexibility
rigidness,flexibility
ring,open chain
rings,open chain
ripeness,greenness
risc,complex instruction set computing;complex instruction set computer;CISC
rise,fall|descent|fall
rise,fall|sit down|wane|go to bed;turn in|set
rising prices,deflation
rising tide,ebbtide
rising trot,sitting trot
rivalry,cooperation
road game,home game
roll,unwind
roman numeral,Arabic numeral
romantic movement,classicism
romanticism,classicism
root,descendant
roots,descendant
rotor,stator
rotor coil,stator
roughness,smoothness
rounder,square
roundness,angularity
rudeness,courtesy
run,malfunction|idle
rural area,urban area
rushing,linger|delay
rusticity,urbanity
rut,anestrus
sack,hire
sacking,hire
saddle,unsaddle
sadist,masochist
sadness,happiness
safeness,dangerousness
safety,danger
salient angle,reentrant angle
saltwater,fresh water
salubriousness,insalubrity;insalubriousness
salubrity,insalubrity;insalubriousness
sameness,difference
sanction,disapprove
sanctitude,unholiness
sanctity,unholiness
saneness,insanity
sang,keep quiet
sanitariness,unsanitariness
sanity,insanity
sat,stand|arise
satisfaction,dissatisfaction
satisfactoriness,unsatisfactoriness
scarceness,abundance
scarcity,abundance
scent,deodorize;deodourise
school text,trade edition
schoolbook,trade edition
scrag,fat person
scramble,unscramble
screw,unscrew
screwing,unscrew
scrupulousness,unscrupulousness
seal,unseal
sealing,unseal
seasonableness,unseasonableness;untimeliness
seawater,fresh water
secretiveness,openness
secured bond,unsecured bond
secureness,insecureness|looseness
securer,insecure|insecure|insecure
security,insecurity
seemliness,unseemliness
segregate,desegregate
segregation,integration
self-centeredness,altruism
self-concern,altruism
self-consciousness,unselfconsciousness
self-distrust,confidence
self-doubt,confidence
self-fertilisation,cross-fertilization
self-fertilization,cross-fertilization
self-interest,altruism
self-pollination,cross-pollination
selfishness,unselfishness
selflessness,egoism
sell,buy
selling,buy
sense of movement,kinanesthesia
sense of purpose,purposelessness
sense organ,effector
sensibility,insensibility
sensitiveness,insensitivity;insensitiveness
sensitivity,insensitivity;insensitiveness
sensory receptor,effector
sentence,acquittal
sentience,insentience
separation,union
september equinox,vernal equinox
sequential operation,parallel operation
sequestration,integration
serial operation,parallel operation
serious-mindedness,frivolity
seriousness,frivolity
service,disservice
serviceman,civilian
services,disservice
setting,rise
settle,float
settling,float
settlings,float
shallowness,profundity|deepness
shame,honor
sharper,dull|dull|flat
sharpness,dullness|indistinctness;softness|dullness
sheathing,unsheathe
ship,disembark
shipping,disembark
shop,boycott;boycott
shopping,boycott;boycott
shortening,lengthen|expand|lengthen
shortness,longness|longness|tallness
shortsightedness,hyperopia|providence
shout,whisper
shouting,whisper
show,disprove|hide
showing,disprove|hide
showtime,middle
shrink,stretch;expand
shrinking,stretch;expand
shutting,opening
shutting,open|open|admit
sickness,wellness;wellness
significance,insignificance
silence,sound
silence,louden
similarity,dissimilarity
similitude,unlikeness;dissimilitude
simpleness,complexity|difficulty
simplicity,complexity|difficulty
simultaneous operation,serial operation
sincerity,insincerity|frivolity
singular form,plural
singular matrix,nonsingular matrix
sink,source
sink,float
sinking,float
sis,brother
sister,brother
sitter,stander
sitting trot,rising trot
skillfulness,unskillfulness
skim milk,whole milk
skimmed milk,whole milk
skin and bones,fat person
slave state,free state
sleep,wake
sleepiness,wakefulness
sleeplessness,sleepiness
slenderness,thickness
sloppiness,carefulness
slow lane,fast lane
slowing,acceleration
slowing,accelerate
slug,work
slumber,wake
slur,focus
small letter,uppercase
smallness,largeness;bigness
smart bomb,dumb bomb
smoker,nonsmoker
smoother,rough|rough|staccato|rough
smoothness,roughness
snail mail,electronic mail
snap,inelasticity
snarl,disentangle;unsnarl
soak,undercharge
soberness,drunkenness
sobriety,drunkenness
sociability,unsociability
sociableness,unsociability
socialism,capitalism
socialist economy,capitalism
soft-finned fish,spiny-finned fish
soft drug,hard drug
soft spot,good part
soft water,hard water
softball,hardball
softball game,hardball
softness,hardness|fitness|loudness|distinctness;sharpness
software,hardware
software package,hardware
software program,hardware
software system,hardware
soil,clean
soiling,clean
solar apex,antapex
solderer,unsold
solemnity,levity
solidity,porosity|hollowness
solidness,porosity|insubstantiality
solubility,unsolvability;insolubility|insolubility
solvability,unsolvability;insolubility
solvency,insolvency
somnolence,wakefulness
son,daughter;girl
sophistication,naivete
sorrow,joy
sounder,unsound|unsound
soundness,unsoundness|unsoundness|unsoundness
source,sink
source program,object program
souring,sweeten
southernness,northernness
spareness,fatness
spat,boo
special agent,general agent
special verdict,general verdict
specialiser,generalist
specialist,generalist
speciality,weak point
specializer,generalist
specialness,generality
specialty,weak point
spectral color,achromatic color
spectral colour,achromatic color
speed,linger|decelerate|decelerate
speeding,linger|decelerate|decelerate
speedup,deceleration
spell,unspell
spelling,unspell
spelt,unspell
spending,income
spiny-finned fish,soft-finned fish
spiritism,worldliness
spiritualism,worldliness
spirituality,worldliness
split ticket,straight ticket
split up,unite
splitter,lumper
spoils system,merit system
sponginess,incompressibility
sponsor,boycott;boycott
spontaneous abortion,live birth
spotlight,background;play down
spreading,gather|fold
spring equinox,autumnal equinox
springtide,neap tide
spuriousness,genuineness
squandering,conserve
square shooter,liar
squeezability,incompressibility
stabilisation,destabilization;destabilisation
stability,instability;unstableness|instability|inconstancy
stabilization,destabilization;destabilisation
stableness,instability;unstableness
staleness,freshness
stand,sit|yield
stander,sitter
start,middle|finish
start,end|end|end|stop|stop
starting time,middle
state of war,peace
stator,rotor
stator coil,rotor
stay,change|move|depart
stays,change|move|depart
steadiness,unsteadiness|unsteadiness
steeper,gradual
steepness,gradualness
step-down,increase
step-up,decrease
sterility,fertility
stick,dislodge|move
stiffening,loosen|loosen
stifle,stimulate
stigmatism,astigmatism
stillbirth,live birth
stillborn infant,liveborn infant
stillness,motion
stinginess,generosity
stop,continuant consonant
stop,start|continue|start|begin
stop consonant,continuant consonant
stopes,start|continue|start|begin
stopping,start|continue|start|begin
stops,continuant consonant
stops,start|continue|start|begin
stoutheartedness,faintheartedness
straight arrow,liar
straight line,curve
straight shooter,liar
straight ticket,split ticket
straightness,curliness|crookedness|indirectness
strain,relax;unstrain
strangeness,familiarity|nativeness
stranger,acquaintance|acquaintance
stranger,familiar|native
strap,unstrap
stratified language,unstratified language
strength,weakness|weak point|unpersuasiveness|weakness
strengthening,weakening|weakening
strengthening,weaken|weaken
stretching,shrink
strike,miss
string,unstring
strings,unstring
strip,dress
stripes,dress
striping,dress
stripping,dress
strong point,weak point
strong suit,weak point
studio,location
stuff,unstuff
stuffing,unstuff
stupidity,intelligence
suasion,dissuasion
subject case,oblique
submersible warship,surface ship
subordination,insubordination
subsequence,priority
subsequentness,priority
substantiality,insubstantiality
substantialness,insubstantiality
subtraction,addition
succeeder,loser
success,failure|failure|loser
suck,bottlefeed
sucking,bottlefeed
suckling,bottlefeed
sufficiency,insufficiency;inadequacy
suffix,prefix
suitability,unsuitability;unsuitableness
suitableness,unsuitability;unsuitableness
summer solstice,winter solstice
sundown,sunrise
sung,keep quiet
sunniness,uncheerfulness
sunshine,uncheerfulness
sunup,sunset
superficiality,profundity
superiority,inferiority;low quality
supination,pronation
supply,demand
supply,recall
supplying,recall
support,negate
surcharge,undercharge
sure thing,uncertainty
surface mail,air mail
surface ship,submersible
surge,ebb
surprisingness,expectedness
surrender,resist
susceptibility,unsusceptibility
susceptibleness,unsusceptibility
swearing,mistrust
sweetening,sour
sweetness,unpleasantness
swim,sink
symmetricalness,asymmetry
symmetry,asymmetry|disproportion|anisotropy
sympatry,allopatry
syncategorem,categorem;categoreme
syncategoreme,categorem;categoreme
synchroneity,asynchronism;desynchronization;desynchronizing
synchronicity,asynchronism;desynchronization;desynchronizing
synchronisation,asynchronism;desynchronization;desynchronizing
synchronising,desynchronize;desynchronise
synchronism,asynchronism;desynchronization;desynchronizing
synchronization,asynchronism;desynchronization;desynchronizing
synchronizing,asynchronism;desynchronization;desynchronizing
synchronizing,desynchronize;desynchronise
synchronous operation,asynchronous operation
synchrony,asynchronism;desynchronization;desynchronizing
synergist,antagonist
synonym,antonym
synthesis,analysis
synthetic thinking,analysis
tack,disassemble
tacking,disassemble
tackle,unharness
tact,tactlessness
tactfulness,tactlessness
tactlessness,tactfulness
tail,head
tails,head
taint,disinfect
take,give|refuse|obviate|abstain|disclaim
takings,give|refuse|obviate|abstain|disclaim
talk,keep quiet
talking,keep quiet
talks,keep quiet
tallness,shortness
tally,disagree
tameness,wildness
tamer,wild|wild
tangibility,intangibility;impalpability
tangibleness,intangibility;impalpability
tangle,unravel;unknot|disentangle;unsnarl
tape,erase
taper file,blunt file
taping,erase
tardiness,punctuality
target program,source program
tastefulness,tastelessness
tastelessness,tastefulness
tattle,keep quiet
tautness,looseness
technophile,technophobe
technophobe,technophile
teemingness,scarcity
temperance,intemperance
temporalty,clergy
tenuity,thickness
territorial waters,high sea
terseness,verboseness
text,trade edition
text edition,trade edition
the true,falsity
theism,atheism
thereness,hereness
thermal reactor,fast reactor
thickness,thinness|thinness
thin person,fat person
think,forget
thinner,thick|fat|thick|full
thinness,thickness|fatness|thickness
thinning,thicken|thicken|gain
thought,forget
thoughtfulness,inconsideration;thoughtlessness|unthoughtfulness
thoughtlessness,consideration;thoughtfulness|thoughtfulness
throne,dethrone
thyrotoxicosis,hypothyroidism
tide,ebb
tidiness,untidiness|untidiness
tidings,ebb
tie,untie|disconnect
tight money,easy money
tightening,loosening
tightness,distribution|looseness
time off,work time
time to come,past
timeliness,unseasonableness;untimeliness|inopportuneness
timidity,boldness
timorousness,boldness
tipsiness,soberness
tire,refresh|interest
toadstool,mushroom
tobacco user,nonsmoker
togs,undress
tolerance,unpermissiveness|intolerance
tonality,atonality
tone,atonicity
tongue,artificial language
tonicity,atonicity
tonus,atonicity
top of the inning,bottom
toper,nondrinker
tough luck,good fortune;good luck
tractability,intractability
tractableness,intractability
trade book,text edition
trade edition,text edition
tragedy,comedy
transitiveness,intransitivity
transitivity,intransitivity
transparence,opacity
transparency,opacity
transport,disenchant
trapezium,parallelogram
travel,stay in place
traveling,stay in place
travelling,stay in place
tribalisation,detribalization;detribalisation
tribalization,detribalization;detribalisation
triumph,defeat
true statement,falsehood
trueness,falsity|disloyalty
trust,distrust
trust,mistrust
trustfulness,distrust
trustiness,untrustworthiness;untrustiness
trustingness,distrust
trustworthiness,untrustworthiness;untrustiness
truth,falsity|falsehood|inaccuracy
truthfulness,untruthfulness
tune,untune
tuning,untune
turn,unbend
turning,unbend
twine,untwine|unwind|untwist
twist,unbend|untwist
tying,untie|disconnect
type,antitype
typewriter font,proportional font
typicality,atypicality
ugliness,beauty
unacceptability,acceptability
unacceptableness,acceptability
unadaptability,adaptability
unaffectedness,affectedness
unalterability,alterability
unambiguity,ambiguity;equivocalness
unappetisingness,appetizingness
unappetizingness,appetizingness
unapproachability,approachability
unattractiveness,attractiveness
unavailability,accessibility;availability
unbalance,balance
unbalance,balance
unbecomingness,becomingness
unbelief,belief
unbounded interval,closed interval
unboundedness,finiteness
unbreakableness,breakableness
unceremoniousness,ceremoniousness
uncertainness,certainty
uncertainty,certainty|certainty
unchangeability,changeableness
unchangeableness,changeableness
unchangingness,changeableness
uncheerfulness,cheerfulness|cheerfulness
uncle,aunt
uncleanliness,cleanliness
uncleanness,cleanness
unclearness,clearness
uncloudedness,opacity
uncomfortableness,comfort
uncommonness,commonness
uncommunicativeness,communicativeness
unconcern,concern
uncongeniality,congeniality
unconnectedness,connectedness
unconscientiousness,conscientiousness|conscientiousness
unconsciousness,consciousness
unconventionality,conventionality|conventionality
uncovering,cover
uncreativeness,creativeness
undependability,dependability;dependableness;reliability;reliableness
undependableness,dependability;dependableness;reliability;reliableness
underachievement,overachievement
undercharge,overcharge
underestimate,overvalue;overestimate|overestimate
undergarment,overgarment
underrating,overestimate
understandability,incomprehensibility
understatement,overstatement
undesirability,desirability
undiscipline,discipline
undoing,make|wrap
undress,dress
undulatory theory,corpuscular theory;corpuscular theory of light
unearned run,earned run
unemotional person,emotional person
unemotionality,emotionality
unemployment,employment
unenlightenment,enlightenment
unequivocalness,ambiguity;equivocalness
unevenness,evenness;invariability|evenness
unexchangeability,exchangeability
unexpectedness,expectedness
unfairness,fairness|fairness;equity
unfaithfulness,fidelity;faithfulness
unfamiliarity,familiarity
unfastening,fasten|fasten
unfavorableness,favorableness
unfavourableness,favorableness
unfeasibility,feasibility
unfitness,fitness|ability|fitness
unfolding,fold
unfriendliness,friendliness|friendliness
ungodliness,godliness
ungraciousness,graciousness
ungratefulness,gratitude
unhappiness,happiness|happiness
unhealthfulness,healthfulness
unhealthiness,good health
unholiness,holiness
unification,separation|disunion
uniformity,nonuniformity
uniformness,nonuniformity
unimportance,importance
uninsurability,insurability
unintelligibility,intelligibility
uninterestingness,interestingness
uniting,disunion
uniting,divide|disunify
universal agent,special agent
universal proposition,particular;particular proposition
unjustness,justice
unkindness,kindness
unlawfulness,lawfulness
unleaded gasoline,leaded gasoline
unleaded petrol,leaded gasoline
unlikelihood,likelihood;likeliness
unlikeliness,likelihood;likeliness
unlikeness,likeness;similitude
unlisted security,listed security
unloading,loading
unmalleability,malleability
unmasking,mask
unmercifulness,mercifulness
unmindfulness,mindfulness;heedfulness
unnaturalness,naturalness
unneighborliness,neighborliness
unobtrusiveness,obtrusiveness
unoriginality,originality
unorthodoxy,orthodoxy|orthodoxy
unpalatability,palatability
unpalatableness,palatability
unperceptiveness,perceptiveness
unpermissiveness,permissiveness
unpersuasiveness,persuasiveness
unpleasantness,pleasantness|pleasantness
unpleasingness,pleasingness
unpointedness,pointedness
unpopularity,popularity
unpredictability,predictability
unpretentiousness,pretentiousness
unproductiveness,productiveness
unprofitability,profitableness;profitability
unprofitableness,profitableness;profitability
unpropitiousness,auspiciousness;propitiousness
unreality,reality|reality
unregularity,regularity
unrelatedness,relatedness
unreliability,dependability;dependableness;reliability;reliableness
unreliableness,dependability;dependableness;reliability;reliableness
unrespectability,respectability;reputability
unresponsiveness,responsiveness
unrestraint,restraint
unrighteousness,righteousness
unsanitariness,sanitariness
unsatisfactoriness,satisfactoriness
unscrupulousness,scrupulousness
unseasonableness,seasonableness;timeliness
unsecured bond,secured bond
unseemliness,seemliness
unselfconsciousness,self-consciousness
unselfishness,selfishness
unsimilarity,similarity
unskillfulness,skillfulness
unsnarling,entangle;snarl
unsociability,sociability
unsociableness,sociability
unsolvability,solvability;solubility
unsoundness,soundness|soundness
unstableness,stability;stableness
unsteadiness,steadiness|steadiness
unstratified language,stratified language
unsuccessful person,achiever
unsuitability,suitability;suitableness
unsuitableness,suitability;suitableness
unsusceptibility,susceptibility
untangling,ravel;knot
unthoughtfulness,thoughtfulness
untidiness,tidiness|tidiness
untimeliness,seasonableness;timeliness|opportuneness
untrustiness,trustworthiness;trustiness
untrustworthiness,trustworthiness;trustiness
untruth,truth
untruthfulness,truthfulness
untying,tie
untypicality,typicality
unusefulness,utility;usefulness
unusualness,usualness
unvariedness,variedness
unveiling,veil
unwariness,wariness
unwellness,wellness;wellness
unwholesomeness,wholesomeness
unwillingness,willingness
unwiseness,wisdom
unworthiness,worthiness|appropriateness
upgrade,descent
upgrade,downgrade|demote
uplift,depress
uplifting,depress
upper-case letter,lowercase
upper limit,minimum
uprising,sit down|set|fall|go to bed;turn in
upstager,downstage
uptick,downtick
uptime,downtime
urban area,rural area
urbanity,rusticity
usefulness,inutility;uselessness
uselessness,utility;usefulness
usualness,unusualness
utopia,dystopia
valgus,varus
value,disrespect;disesteem
values,disrespect;disesteem
vanishing,appear|appear
vanity,humility
vantage,disadvantage
variability,invariability;invariableness|evenness;invariability
variableness,invariability;invariableness
variance,invariability;invariableness
variedness,unvariedness
varietal,generic;generic wine
varietal wine,generic;generic wine
varus,valgus
veering,back
vegetation,fauna
veil,unveil
veiling,unveil
venial sin,mortal sin
veracity,mendacity
verboseness,terseness
verbosity,terseness
verity,falsity
vermiculation,anastalsis
vernal equinox,autumnal equinox
verso,recto|obverse
vest,divest
veto,permit;allow
victor,loser
victory,defeat
virtue,demerit
visibility,invisibility
visibleness,invisibility
vitalness,dispensability;dispensableness
vocalizing,devoice
voice,devoice
voicing,devoice
voiding,validate|validate
volatile storage,non-volatile storage
volley,ground stroke
voltaic cell,electrolytic cell
volume,softness
vomit,keep down
vomiting,keep down
vowel,consonant
vowel sound,consonant
vulnerability,invulnerability
wake,sleep|fall asleep|cause to sleep
wakefulness,sleepiness
wakening,cause to sleep|fall asleep
walk,ride
wane,wax|wax
war,peace
war,make peace
war hawk,dove
wariness,unwariness
warmer,cool|cool|cool
wasting,conserve
waterlessness,wetness
wave theory,corpuscular theory;corpuscular theory of light
wave theory of light,corpuscular theory;corpuscular theory of light
waviness,straightness
wax,wane|wane
weak part,good part
weak point,strong point
weak spot,good part
weakness,strength|strength
wealth,poverty
wealthiness,poverty
wear,refresh
weave,unweave
weaving,unweave
wedge,dislodge
weed,cultivated plant
weeds,cultivated plant
weight,unburden
weightiness,lightness
weighting,unburden
weightlessness,heaviness
welcomer,unwelcome
welfare,ill-being
well-being,ill-being
wellbeing,ill-being
wellness,illness
wester,east
westerner,eastern|eastern
wet-bulb thermometer,dry-bulb thermometer
wet-nurse,bottlefeed
wet fly,dry fly
wetness,dryness
wetter,dry|dry|dry|dry
wetting,dry
whisper,shout
whiteness,black
whiteness,blacken
whitening,blacken
whiting,blacken
whole milk,skim milk
wholesomeness,unwholesomeness
wideness,narrowness
wideness,narrow|take in
widening,narrowing|narrowing
widening,narrow|take in
wife,husband
wilder,tame|tame
wildness,tameness
will,disinherit
willingness,unwillingness
win,losings
win,lose|lose|fall back|fail
wind,unwind
winner,loser|loser|loser
winnings,losings
winter solstice,summer solstice
wire,unwire
wiring,unwire
wisdom,folly|unsoundness
wiseness,unsoundness|folly
wish,begrudge
wishing,begrudge
withholder,granter
woman,man|man
work,idle|malfunction
work day,rest day
work time,time off
workday,rest day
worker,nonworker
working day,rest day
workings,idle|malfunction
works,idle|malfunction
worldliness,naivete|otherworldliness
worry,reassure
worthiness,unworthiness
worthlessness,worth
wrap,unwrap|unwind
wrapping,unwrap|unwind
wrongfulness,right;rightfulness
wrongness,appropriateness|rightness|correctness;rightness
xerotes,wetness
yang,yin
yes,no
yesteryear,future
yield,stand|survive
yin,yang
yoke,unyoke
youngness,oldness
youth,aged
zealot,nonpartisan
zenith,nadir
zip,unzip
zipper,unzip
zoology,flora
zygodactyl foot,heterodactyl foot
abbreviate,expand
abduct,adduct
abide by,disrespect
abolish,establish
abridge,expand
absolve,blame
absorb,emit
abstain,consume
accede,dissent
accelerate,decelerate|decelerate
accept,reject|refuse|refuse
accommodate,disoblige
acetify,sweeten|alkalize
acidify,sweeten|alkalize
acidulate,sweeten
acknowledge,deny
acquiesce,dissent
acquire,lose
acquit,convict
activate,inactivate
add together,subtract
adjust,skew
admire,look down on
admit,deny|reject|exclude
aestivate,hibernate;hibernate
affirm,negate
aggrade,degrade
aggravate,better
agitate,calm
agree,disagree|disagree
align,skew
aline,skew
alkalify,acidify
alkalise,acidify
alkalize,acidify
allow,prevent|forbid;disallow|deny
allow in,reject
ameliorate,worsen|worsen
amend,worsen
amplify,understate
anaesthetise,bring to
anaesthetize,bring to
analyse,synthesize
analyze,synthesize
anathemise,bless
anathemize,bless
anesthetise,bring to
anesthetize,bring to
annul,validate
ante up,default
antecede,postdate
antedate,postdate|postdate
appear,disappear|disappear
applaud,boo
apply,defy|exempt
appreciate,depreciate|depreciate
apprise,depreciate|depreciate
apprize,depreciate|depreciate
approbate,reprobate
approve,disapprove|disapprove
arise,sit down|fall|go to bed;turn in
arouse,fall asleep|sedate;de-energize;de-energise|cause to sleep
arrange,disarrange
arrive,leave
arrogate,forfeit
ascend,descend|set
ask,obviate
assail,defend
assemble,disassemble
assimilate,dissimilate|dissimilate|dissimilate
assoil,convict
assure,worry
attach,detach|detach
attaint,honor
attend,miss
attend to,neglect
attract,repel|repel
avoid,confront|validate
avouch,disavow
avow,disavow
awaken,cause to sleep|fall asleep
babble out,keep quiet
back up,unclog
basify,acidify
be active,rest
be born,die
be full,starve
be quiet,open up
be sick,keep down
be well,suffer
bear away,bring
bear in mind,forget
bear off,bring
bear on,discontinue
beat back,attract
beautify,uglify
bedamn,bless
beef up,weaken
begrime,clean
begrudge,wish
behave,misbehave
believe,disbelieve
belittle,flatter
belt along,linger
belt up,open up
bemire,clean
bequeath,disinherit
beshrew,bless
bestride,hop out
betray,undeceive
blab,keep quiet
blab out,keep quiet
blacken,whiten
blandish,disparage
blank out,remember
bless,curse|desecrate
blow out,ignite
blow up,reduce|deflate
borrow,lend
bottlefeed,breastfeed
bottom out,top out
bounce back,get worse
branch out,specialize
break apart,assemble|unify
break down,synthesize
break even,profit
break up,assemble
breastfeed,bottlefeed
breathe in,exhale
breathe out,inhale
brighten,darken|overcast
bring,take away
bring around,anesthetize
bring back,anesthetize
bring down,raise
bring forward,back
bring home the bacon,fail
bring off,fail
bring round,anesthetize
bring to,anesthetize
bring together,disjoin
bring up,lower
broaden,specialize
bucket along,linger
build up,disarm
buoy up,weigh down
bury,remember
button up,open up
buy at,boycott;boycott
buy the farm,be born
calcify,decalcify
call back,forget
call for,obviate
calm down,agitate
cannonball along,linger
carry away,bring
carry off,fail|bring
carry on,discontinue
carry to term,miscarry
carve up,unite
cash in one's chips,be born
cast down,elate
cast off,cast on
cast on,cast off
catch some z's,wake
cause to sleep,awaken
centralise,decentralize;decentralise;deconcentrate
centralize,decentralize;decentralise;deconcentrate
certify,decertify
charge up,calm
check in,check out
check out,check in
cheer up,complain
chirk up,complain
choke off,unclog
choke up,unstuff
chuck up the sponge,enter
clam up,open up
clarify,obfuscate
classify,declassify
clear up,obfuscate|overcast
climb on,hop out
clock in,clock out;punch out
clock off,clock in;punch in
clock on,clock out;punch out
clock out,clock in;punch in
clog up,unclog
close down,open
clothe,undress
clutter up,unclutter
cognise,ignore
cognize,ignore
collide with,miss
colligate,dissociate
colly,clean
colonise,decolonize;decolonise
colonize,decolonize;decolonise
color in,discolor
colorise,discolor
colorize,discolor
colour in,discolor
colourise,discolor
colourize,discolor
come after,precede
come alive,fall asleep
come along,disappear|regress
come away,attach
come before,succeed
come down,ascend;rise
come in,exit|go out
come off,attach
come on,regress|go off
come through,succumb|fail
come up,go|fall|go off|set
commence,end|end
commit,divest
commove,calm
communicate,excommunicate
compensate,wrong
complain,cheer
complicate,simplify
comport,misbehave
conceal,show
concur,disagree
confine,free
confirm,negate
conform,deviate
conform to,violate
confront,avoid
confute,prove
congest,unclog
conjoin,disjoin
connect,disconnect|dissociate|unplug
consume,abstain
contaminate,decontaminate
continue,discontinue|discontinue
contract in,contract out
contract out,contract in
contradict,affirm
contraindicate,indicate
convalesce,deteriorate
converge,diverge|diverge|diverge
convey,take away
cool down,heat|heat
cork up,uncork
correspond,disagree
corroborate,negate
couple on,uncouple
couple up,uncouple
crawl in,get up;turn out
criminalise,legalize;decriminalize;decriminalise
criminalize,legalize;decriminalize;decriminalise
criticise,praise
criticize,praise
curdle,homogenize
dampen,stimulate
darken,lighten|brighten
dawdle,rush
de-energise,energize;energise
de-energize,energize;energise
de-escalate,escalate
de-iodinate,iodinate
de-ionate,ionate
deactivate,activate
deaden,enliven
debark,embark
decalcify,calcify
deceive,undeceive
decelerate,accelerate|accelerate
decentralise,centralize;concentrate
decentralize,centralize;concentrate
decertify,certify
decipher,encode
deck out,underdress;dress down
deck up,underdress;dress down
declassify,classify
decode,encode
decolonise,colonize;colonise
decolonize,colonize;colonise
decompress,compress|pressurize;pressurise|tense
deconcentrate,centralize;concentrate
deconsecrate,consecrate
decontaminate,contaminate
decouple,couple|associate
decriminalise,outlaw;outlaw;criminalize;criminalise
decriminalize,outlaw;outlaw;criminalize;criminalise
decrypt,encode
dedifferentiate,differentiate
deduct,add
default on,pay up
defend,attack|prosecute
deflate,inflate|inflate|inflate
deform,unbend
defuse,fuse
defy,lend oneself
degauss,magnetize;magnetise
deglycerolise,glycerolize
deglycerolize,glycerolize
degrade,aggrade
dehumanise,humanize
dehumanize,humanize
dehumidify,humidify
dehydrate,hydrate
dehydrogenate,hydrogenate
deject,elate
delete,record
deliver the goods,fail
demagnetise,magnetize;magnetise
demagnetize,magnetize;magnetise
dematerialise,materialize;materialise
dematerialize,materialize;materialise
demilitarise,militarize;militarise|arm
demilitarize,militarize;militarise|arm
demob,mobilize;mobilise
demobilise,mobilize|mobilize;mobilise
demobilize,mobilize|mobilize;mobilise
demonstrate,disprove
demoralise,elate
demoralize,elate
demote,promote
demulsify,emulsify|emulsify
demystify,mystify
demythologise,mythologize
demythologize,mythologize
denationalise,nationalize;nationalise
denationalize,nationalize;nationalise
denaturalise,naturalize|naturalize
denaturalize,naturalize|naturalize
denazify,nazify
denitrify,nitrify
deny,admit|allow
deodorise,odorize;odourise
deodorize,odorize;odourise
deodourise,odorize;odourise
deoxidise,oxidize;oxidise
deoxidize,oxidize;oxidise
depart,come|conform|stay
depersonalise,personalize;personalise
depersonalize,personalize;personalise
deport,repatriate
depreciate,appreciate|appreciate
depress,elate
depressurise,pressurize;pressurise
depressurize,pressurize;pressurise
deprive,enrich
derecognise,certify
derecognize,certify
deregulate,regulate
derequisition,requisition
derestrict,restrict
desalinate,salinate
desalinise,salinate
desalinize,salinate
desalt,salinate
descend,ascend;rise
desecrate,consecrate
desegregate,segregate
desensitise,sensitize;sensitise|sensitize
desensitize,sensitize;sensitise|sensitize
desist,consume
destabilise,stabilize;stabilize|stabilize;stabilise
destabilize,stabilize;stabilize|stabilize;stabilise
destalinise,stalinize
destalinize,stalinize
desynchronise,synchronize;synchronise
desynchronize,synchronize;synchronise
detach,attach|attach
detain,free|rush
deter,persuade
deteriorate,recuperate
detest,love
dethrone,enthrone
detransitivise,transitivize
detransitivize,transitivize
devaluate,appreciate
devalue,appreciate
devitalise,vitalize
devitalize,vitalize
devoice,voice
devolve,recuperate
differ,equal|agree
differentiate,integrate|dedifferentiate
dilate,contract
diminish,increase
dine in,eat out
dine out,eat in
disable,enable
disaccord,agree
disagree,agree|agree
disallow,permit;allow
disappear,appear|appear
disapprove,approve|approve
disarm,arm
disarrange,arrange
disassemble,assemble
disavow,avow
disbelieve,believe
disburden,burden
discase,dress
disclaim,claim|claim
discolor,color
discontinue,continue|continue
discourage,encourage
disembark,embark
disenable,enable
disenchant,enchant
disenfranchise,enfranchise
disengage,engage|obstruct|engage
disentangle,entangle;snarl
disfranchise,enfranchise
disgorge,keep down
dishearten,hearten
disincarnate,incarnate
disincline,dispose
disinfect,infect
disinherit,bequeath
disintegrate,integrate
disinvest,invest|invest
disjoin,join|join
dislodge,lodge
dismantle,raise|assemble
dismiss,hire
disobey,obey
disoblige,oblige
disorganise,organize;organise
disorganize,organize;organise
disorient,orient
disorientate,orient
disown,bequeath
disparage,flatter
dispirit,elate
displace,hire
displease,please
dispose,indispose|disqualify
disprove,prove
disqualify,qualify|qualify
disrobe,dress
dissatisfy,satisfy
dissect,synthesize
dissever,unite
dissimilate,assimilate|assimilate|assimilate
dissociate,associate
dissuade,persuade
distort,untwist
distribute,gather
disunify,unify
diverge,converge|converge|converge|conform
diversify,specialize
divest,invest|invest
dope off,wake up
download,upload
downplay,overstate|foreground;play up
doze off,wake up
draw a blank,remember
draw back,advance
draw in,repel|pull out
draw off,deposit
dress down,dress up;overdress
dress up,underdress;dress down
drift off,wake up
drop by the wayside,enter
drop dead,be born
drop off,wake up|gain
drop out,enter
drowse off,wake up
dry out,wet
dry up,hydrate
dulcify,sour
dulcorate,sour
dummy up,open up
eat in,eat out
eat out,eat in
ebb away,tide
ebb down,tide
ebb off,tide
ebb out,tide
economise,waste
economize,waste
edulcorate,sour
elate,depress
elevate,demote|lower
eliminate,necessitate
elucidate,obfuscate
embark,disembark
embellish,uglify
embolden,dishearten
emigrate,immigrate
emit,absorb
emulsify,demulsify|demulsify
enable,disable
enchant,disenchant
enclothe,undress
encode,decode
encourage,discourage
endure,enjoy
energise,sedate;de-energize;de-energise
energize,sedate;de-energize;de-energise
enforce,exempt
enfranchise,disenfranchise
engage,fire|disengage|disengage
enjoy,suffer
enlace,untwine
enlarge,reduce|contract
enlist,discharge
enliven,deaden
enrapture,disenchant
enrich,deprive|impoverish
entangle,disentangle;unsnarl
enter,exit|drop out
enthral,disenchant
enthrall,disenchant
enthrone,divest|dethrone
entwine,untwine
equilibrate,unbalance
equilibrise,unbalance
equilibrize,unbalance
erase,record
escalate,de-escalate
establish,abolish|disprove
estivate,hibernate;hibernate
exacerbate,better
exaggerate,understate
exasperate,better
except,include
excite,stifle|calm
exclude,include|admit|include
excommunicate,communicate
exculpate,convict
exhale,inhale
exonerate,convict
expand,contract|contract
expatiate,contract
expire,be born|inhale
explode,implode
exposit,contract
expound,contract
express joy,cry
express mirth,cry
exsiccate,hydrate
extinguish,ignite
face up,avoid
fag out,refresh
fail,succeed|manage|pass|pass
fall asleep,wake up
fall back,gain
fall behind,gain
fall by the wayside,enter
fall short of,satisfy
falsify,correct
famish,be full|feed
fancify,uglify
fancy up,underdress;dress down
fasten,unfasten|unfasten
fig out,underdress;dress down
fig up,underdress;dress down
file in,file out
file out,file in
fill up,empty|empty
fit out,undress
flake out,wake up
flatten,sharpen
flatter,disparage
flatter,contrasty|natural
flesh out,contract
flush it,pass
focalise,blur|blur
focalize,blur|blur
fold up,unfold
follow,precede|predate|precede
forbid,permit;allow
force back,attract
foredate,postdate
forego,postdate|claim
foreshorten,expand
forget,remember|remember|mind
forgo,postdate|claim
formalise,invalidate
formalize,invalidate
fortify,weaken|disarm
freshen,tire
fulfil,fall short of
fulfill,fall short of
furbish up,break
gain ground,fall back
gazump,undercharge
generalise,specify
generalize,specify
get ahead,fall back
get along,regress
get down,raise|elate|end
get dressed,undress
get going,stop
get in,exit|pull out
get into,exit
get off,get on|hop on
get on,get off|hop out|regress
get out,enter|pull in
get over,get worse
get rid of,establish
get up,sit down|go to bed;turn in|lower|underdress;dress down
get well,get worse
get worse,get well
gird,disarm
give-up the ghost,be born
give notice,hire
give off,absorb
give out,absorb
give suck,bottlefeed
give the axe,hire
give the sack,hire
give up,claim|enter|continue|resist
gladden,sadden|sadden
glycerolise,deglycerolize
glycerolize,deglycerolize
go against,conform to|keep
go along,discontinue
go away,come|arrive|appear
go down,ascend;rise|float|rise
go for,refuse
go forth,arrive
go in,exit
go into,exit
go off,go on|explode
go on,discontinue|recede|go off
go out,enter|come in
go to,miss
go to bed,get up;turn out
go to sleep,get up;turn out
go under,float|rise
go up,fall|descend
go wrong,succeed
govern,deregulate
gratify,dissatisfy
gussy up,underdress;dress down
habilitate,undress
hallow,desecrate
ham it up,underact
hand-wash,machine wash
handwash,machine wash
happen,dematerialize;dematerialise
harden,soften|soften
hasten,linger
hearten,dishearten
heat up,cool|cool
hibernate,estivate
hie,linger
hit the hay,get up;turn out
hit the sack,get up;turn out
hold on,lose
hold out,surrender
hold up,rush
hole up,estivate
homogenise,curdle;curdle|curdle
homogenize,curdle;curdle|curdle
hop on,hop out
hop out,hop on
hot up,cool
humanise,dehumanize
humanize,dehumanize
humidify,dehumidify
hush up,louden
hydrogenate,dehydrogenate
hyperbolise,understate
hyperbolize,understate
ignite,extinguish
ignore,notice|know
illegalise,legalize;decriminalize;decriminalise
illegalize,legalize;decriminalize;decriminalise
immigrate,emigrate
immobilise,unfreeze;unblock
immobilize,unfreeze;unblock
impede,free
impinge on,miss
implode,explode
impoverish,enrich|enrich
imprecate,bless
improve,worsen|worsen
inactivate,mobilize|activate
incapacitate,enable
include,exclude|exclude|exclude
indicate,contraindicate|contraindicate
indispose,dispose|qualify
individualise,depersonalize;depersonalise
individualize,depersonalize;depersonalise
infect,disinfect
inflate,deflate|deflate|deflate
infract,keep
ingest,abstain
inhale,exhale
inspan,outspan
inspire,exhale
inspissate,thin|thin
integrate,disintegrate|segregate|differentiate
intensify,de-escalate
interlace,untwine
intertwine,untwine
interweave,unweave
intoxicate,depress
intransitivise,transitivize
intransitivize,transitivize
intromit,reject
invalidate,validate|validate|validate
invest,divest|divest
invigorate,deaden
involve,obviate
iodinate,de-iodinate
ionate,de-ionate
irritate,soothe
jump on,hop out
justify,blame
keep down,vomit
keep mum,open up
keep one's mouth shut,talk
keep out,admit
keep quiet,talk
keep track,lose track
kick downstairs,promote
kick the bucket,be born
kick upstairs,demote
kip down,get up;turn out
lay claim,forfeit
lay off,continue
laze,work
lead astray,undeceive
lead off,end
leave off,include
leave office,take office
leave out,include|attend to
legalise,outlaw;outlaw;criminalize;criminalise
legalize,outlaw;outlaw;criminalize;criminalise
legitimatise,outlaw;outlaw;criminalize;criminalise
legitimatize,outlaw;outlaw;criminalize;criminalise
legitimise,outlaw;outlaw;criminalize;criminalise
legitimize,outlaw;outlaw;criminalize;criminalise
lend,borrow
lend oneself,defy
lengthen,shorten|shorten
lessen,increase|increase
let down,raise
let go,hold
let go of,hold
let in,exclude|reject
let out,take in
let the cat out of the bag,keep quiet
liberate,confine
lie down,arise
lift up,depress
light up,overcast
lighten,weigh down|darken|darken
lighten up,weigh down|darken|darken
line up,skew
linger,rush
link up,disconnect|dissociate
literalise,spiritualize
literalize,spiritualize
live in,live out
live out,live in
live up to,fall short of
liven,deaden
liven up,deaden
locomote,stay in place
log-in,log out
log in,log out
log off,log in
log on,log out
log out,log in
log z's,wake
look down on,admire
look up to,look down on
loosen,stiffen|stiffen
loosen up,stuff|tense|tense;strain
lose,keep|win|find|profit|win|gain
lose track,keep track
lose weight,gain
louden,quieten|quieten
lucubrate,contract
machine-wash,handwash
machine wash,handwash
magnetise,demagnetize;demagnetise
magnetize,demagnetize;demagnetise
magnify,understate|reduce
make clean,dirty
make full,empty
make headway,fall back
make it,succumb|fail
make peace,war
make relaxed,tense;strain
manage,fail
march on,recede
mark down,mark up
mark up,mark down
materialise,dematerialize;dematerialise
materialize,dematerialize;dematerialise
maximise,minimize;minimise
maximize,minimize;minimise
melanise,whiten
melanize,whiten
meliorate,worsen|worsen
melt off,gain
merge,disunify
militarise,demilitarize;demilitarise
militarize,demilitarize;demilitarise
minify,increase
minimise,overstate|maximize;maximise
minimize,maximize;maximise|overstate
misbehave,behave
miscarry,succeed|carry to term
misdemean,behave
misfunction,function
mobilise,demobilize|demobilize;demobilise
mobilize,demobilize|demobilize;demobilise
moisturise,dehumidify
moisturize,dehumidify
mount up,hop out
move back,advance
move in,pull out|move out
move into,exit
move on,recede
move out,move in
move up,fall
muster in,discharge
muster out,enlist
mystify,demystify
mythicise,demythologize
mythicize,demythologize
mythologise,demythologize
mythologize,demythologize
narrow down,diversify;diversify
nationalise,denationalize;denationalise
nationalize,denationalize;denationalise
naturalise,denaturalize|denaturalize
naturalize,denaturalize|denaturalize
nazify,denazify
necessitate,obviate
negate,affirm
negociate,fail
nigrify,whiten
nitrify,denitrify
nod off,wake up
nullify,validate|validate
obey,disobey
obfuscate,clarify
objectify,personalize;personalise
oblige,disoblige
observe,disrespect|break
obstruct,free
obturate,free
obviate,necessitate
occidentalise,orientalize;orientalise
occidentalize,orientalize;orientalise
occlude,free
odorize,deodorize;deodourise
odourise,deodorize;deodourise
offend,keep
offsaddle,saddle
omit,include|attend to
open up,close|close|close|close up
operate,malfunction|disengage
organise,disorganize;disorganise
organize,disorganize;disorganise
orientalise,occidentalize;occidentalise
orientalize,occidentalize;occidentalise
orientate,disorient
outbid,underbid
outspan,inspan
outwear,refresh
overact,underact
overclothe,underdress
overdraw,understate
overdress,underdress|underdress;dress down
overexpose,underexpose|underexpose
overleap,attend to
overpay,underpay
overplay,underact
overrate,underestimate
overspend,underspend|underspend
overstate,understate
overstock,understock
overvalue,undervalue;underestimate
oxidate,deoxidize;deoxidise
oxidise,deoxidize;deoxidise
oxidize,deoxidize;deoxidise
pack together,decompress
participate,drop out
particularise,generalize
particularize,generalize
pass away,be born
pass on,recede
pass up,accept
patronise,boycott;boycott
patronize,boycott;boycott
pay cash,charge
pay up,default
pelt along,linger
perish,be born
perk up,sedate;de-energize;de-energise
perplex,simplify
personalise,depersonalize;depersonalise
personalize,depersonalize;depersonalise
persuade,dissuade
phase in,phase out
phase out,phase in
pick apart,praise
pick at,flatter
pick up,depress
pipe down,louden
play down,foreground;play up
play up,background;play down
pleach,unbraid
plug in,unplug
plug into,unplug
pop in,pop out
pop off,be born
pop out,pop in
postdate,predate|predate
precede,postdate|succeed|follow
predate,postdate|postdate
pressurise,depressurize;depressurise
pressurize,depressurize;depressurise
pretermit,attend to
prettify,uglify
prevent,let
prink,underdress;dress down
prise,disrespect;disesteem
proceed,discontinue
prohibit,permit;allow
promote,demote
proscribe,permit;allow
prosecute,defend
prove,disprove
pull ahead,fall back
pull away,advance
pull back,advance
pull down,raise
pull in,repel|pull out
pull off,fail
pull out,pull in
pull round,succumb
pull through,succumb
pull together,spread
punch in,clock out;punch out
punch out,clock in;punch in
put off,hearten
put out,bring to
put together,disassemble
put under,bring to
put up,level
qualify,disqualify|disqualify
quash,validate
quench,ignite
quetch,cheer
quicken,decelerate
quiesce,louden
quiet down,louden
quieten,louden|agitate|louden
quit,continue|take office|stay|enter
rase,raise
ravel out,ravel
ravish,disenchant
raze,raise
reassure,worry
recede,advance|gain
receive,say farewell
recollect,forget
recover,deteriorate
recreate,dishearten
rectify,falsify
recuperate,deteriorate
reduce,blow up|oxidize;oxidise|expand|gain
refresh,tire
refreshen,tire
regain,lose
regorge,keep down
regularise,deregulate
regularize,deregulate
regulate,deregulate
regurgitate,keep down
rehabilitate,purge
rejuvenate,age
relate,dissociate
relax,tense|stiffen|tense;strain
relegate,promote
relent,stand
relieve,enforce
relinquish,hold
rely,mistrust
remain,change
remain firm,yield
remember,forget|forget
repel,attract|attract
represent,prosecute
require,obviate
resent,wish
resign,take office
resist,lend oneself|surrender
restore,break
restrict,derestrict
retire,advance|get up;turn out
retrieve,forget
retrogress,progress
revalue,depreciate
rid of,necessitate
rig out,underdress;dress down
rob,undercharge
roll up,unfurl
roughen,smooth
rouse,calm|cause to sleep
run into,miss
rush along,linger
sack out,get up;turn out
sadden,gladden|gladden
salinate,desalinate
sanctify,desecrate
satisfy,fall short of|dissatisfy
say farewell,welcome
scale down,scale up|blow up
scale up,scale down
send away,hire
sensibilise,desensitize
sensibilize,desensitize
sensify,desensitize
sensitise,desensitize;desensitise|desensitize
sensitize,desensitize|desensitize;desensitise
set about,end
set down,embark
set out,end
set up,abolish|disassemble|level|disarrange
shape up,regress
sharpen,dull|blur|soften|flatten
sheathe,unsheathe
shew,disprove
shop at,boycott;boycott
shorten,lengthen|expand|lengthen
shut down,open
shut one's mouth,talk
shut out,admit
sign in,check out
simplify,complicate
sing,keep quiet
siss,brother
sit,stand|arise
sit down,arise|stand
sleep in,live out
sleep out,live in
slenderize,gain
slim down,gain
slip off,slip on
slip on,slip off
slow down,accelerate|accelerate|tense
slow up,accelerate
smoothen,roughen
snuff it,be born
snuff out,ignite
soften,sharpen|stand|harden|harden
soothe,irritate
sound off,cheer
specialise,generalize|diversify;diversify
specialize,diversify;diversify|generalize
specify,generalize
speed up,decelerate|decelerate
spew,keep down
spill the beans,keep quiet
spiritualise,literalize
spiritualize,literalize
spread out,contract|fold
spue,keep down
squander,conserve
stabilise,destabilize|destabilize;destabilise
stabilize,destabilize;destabilise|destabilize
stagnate,work
stalinise,destalinize
stalinize,destalinize
stand firm,surrender
stand still,move
stand up,sit down|sit
start out,end
start up,stop
starve,be full|feed
stay in place,travel
stay put,move
step down,take office|escalate
step on it,linger
step up,de-escalate
stick around,move
stiffen,loosen|loosen
stimulate,stifle|sedate;de-energize;de-energise
straighten,bend
straighten out,entangle;snarl
strengthen,weaken|weaken
strip down,dress
substantiate,negate
subtract,add
succeed,fail|precede
succumb,survive
suckle,bottlefeed
suffer,enjoy|be well
suggest,contraindicate
summerise,winterize
summerize,winterize
survive,succumb
sustain,negate
swear,mistrust
sweeten,sour
switch off,switch on
switch on,switch off
sync,desynchronize;desynchronise
synchronise,desynchronize;desynchronise
synchronize,desynchronize;desynchronise
synthesise,analyze
synthesize,analyze
tack together,disassemble
take apart,assemble|synthesize
take away,bring|add
take down,raise|raise
take hold,let go of
take in,emit|abstain|let out
take issue,agree
take leave,stay
take off,add
take office,leave office
take out,pack|add|deposit|include
take to heart,neglect
talk into,talk out of
talk out of,talk into
tear down,raise
tense up,relax|relax;unstrain
terminate,begin|begin|hire
thicken,thin|thin
think of,forget
throw in,enter
throw in the towel,enter
throw overboard,claim
throw up,keep down
tick over,run
tie in,dissociate
tire out,refresh
tog,undress
tog out,underdress;dress down
tog up,underdress;dress down
top out,bottom out
touch on,break
tranquilize,agitate|stimulate
tranquillise,agitate|stimulate
tranquillize,agitate|stimulate
transgress,keep
transitivise,detransitivize
transitivize,detransitivize
trick out,underdress;dress down
trick up,underdress;dress down
tune up,untune
turn a loss,profit
turn a profit,lose
turn away,admit
turn down,accept|admit
turn in,get up;turn out
turn off,switch on
turn on,switch off|calm
turn out,switch on|go to bed;turn in
turn up,unfold
uglify,beautify
unbar,bar
unbelt,belt
unbend,bend|bend|tense
unbind,bind
unblock,block;freeze
unbolt,bolt
unbox,box
unbrace,tie
unbraid,braid
unbridle,bridle
unbuckle,buckle
unburden,burden
unbutton,button
uncase,dress
unchain,chain
unchurch,communicate
unclasp,clasp
unclip,clip
unclog,clog
unclothe,dress
unclutter,clutter
uncoil,coil
uncompress,compress
uncork,cork
uncouple,couple
uncover,cover
uncrate,crate
uncross,cross
undeceive,deceive
underact,overact
underbid,outbid|overbid
underdress,overdress|dress up;overdress
underexpose,overexpose|overexpose
underpay,overpay
underplay,overact
underrate,overestimate
undershoot,overshoot
underspend,overspend|overspend
understate,overstate
understock,overstock
undervalue,overvalue;overestimate|appreciate
undo,make|wrap
undock,dock|dock
unfasten,fasten|fasten
unfold,fold
unfreeze,block;freeze
unfurl,roll up
unhallow,consecrate
unharness,harness
unhitch,hitch
unhook,hook
unify,disunify|divide
unite,divide|disunify
unknot,ravel;knot
unlace,tie
unlash,lash
unlax,tense;strain
unlock,lock|lock
unloose,confine
unloosen,confine
unmake,make
unmask,mask
unmuzzle,muzzle
unpack,pack
unpick,ravel;knot
unpin,pin
unplug,plug in
unravel,ravel;knot|ravel
unroll,wind|roll up
unsaddle,saddle
unscramble,scramble|ravel;knot
unscrew,screw
unseal,seal
unsheathe,sheathe
unsnarl,entangle;snarl
unsolder,sold
unspell,spell
unstaple,staple
unstrain,tense;strain
unstrap,strap
unstring,string
unstuff,stuff
untangle,ravel;knot
untie,tie
untune,tune
untwine,twine
untwist,twist
unveil,veil
unweave,weave
unwind,wind|tense|tense;strain
unwire,wire
unwrap,wrap
unyoke,yoke
unzip,zip up
upchuck,keep down
uphold,discontinue
upload,download
uprise,sit down|set|fall|go to bed;turn in
validate,invalidate|invalidate|invalidate
vanish,appear|appear
vary,conform
veer,back
vex,reassure
violate,conform to|keep
vitalise,devitalize
vitalize,devitalize
vitiate,validate
vocalise,devoice
vocalize,devoice
vomit up,keep down
waive,claim
wake up,cause to sleep|fall asleep
waken,cause to sleep|fall asleep
weaken,strengthen|strengthen|escalate
wear down,refresh
wear out,refresh
wear upon,refresh
weep,laugh
weigh down,lighten
weigh on,lighten
weight down,unburden
westernise,orientalize;orientalise
westernize,orientalize;orientalise
whiten,blacken
widen,narrow|take in
wind off,wind
winterise,summerize
winterize,summerize
wish well,begrudge
withdraw,advance|engage|deposit
withstand,surrender
worsen,better|better
wrap up,unwrap|unfurl
zip up,unzip
flawed,perfect
orthodox,unorthodox
true,false
daily,nightly
distribution,concentration
valid,invalid
expand,contract
practical,impractical
privilege,disadvantage
mammoth,tiny
unrelated,related
overnight,daytime
other,same
square,circle
hollow,solid
difficult,easy
luxury,poverty
stimulate,inhibit
proceed,halt
fertile,infertile
empirical,theoretical
pretty,ugly
clinical,emotional
lucky,unlucky
tail,head
privacy,publicity
undergraduate,graduate
encourage,discourage
insecure,secure
professional,amateur
rapid,slow
worthless,valuable
compressed,expanded
prose,poetry
watch,ignore
beast,beauty
pro,con
silent,noisy
inflammatory,anti-inflammatory
remain,leave
wrong,right
whisper,shout
sentimental,unemotional
fascism,democracy
super,inferior
uncle,aunt
exit,entry
matter,antimatter
prominence,obscurity
demise,birth
secular,religious
departure,arrival
bear,deer
figure,ground
conspicuous,inconspicuous
boom,whisper
cloudy,clear
unreasonable,reasonable
forward,backward
wide,narrow
relent,persist
disappoint,satisfy
durable,fragile
loaded,empty
big,small
avoid,seek
invent,destroy
falsehood,truth
learn,forget
out,in
naked,clothed
sink,float
quarrel,peace
antidote,poison
genuine,fake
furious,calm
trust,distrust
vague,specific
grandmother,grandfather
ignore,pay attention
foul,fair
south,north
laugh,cry
indistinguishable,distinguishable
red,blue
disable,enable
visible,invisible
restore,destroy
unconscious,conscious
prosecution,defense
daylight,nighttime
appearance,disappearance
lessen,increase
wealthy,poor
bisexual,monosexual
anal,oral
merit,demerit
authorized,unauthorized
undesirable,desirable
unequal,equal
inflation,deflation
unfold,fold
express,suppress
northwestern,southeastern
majority,minority
applied,theoretical
explosive,stable
spare,occupied
seasoned,unseasoned
distribute,collect
celestial,terrestrial
robust,fragile
dysfunction,function
knockout,revival
spiral,straight
mainland,island
penalty,reward
colored,colorless
defunct,operational
arithmetic,algebra
faulty,flawless
legislative,executive
distance,proximity
cut,heal
postpone,advance
record,erase
disregard,consider
borrow,lend
previous,next
reliable,unreliable
regress,progress
exacerbate,alleviate
dangerous,safe
blessed,cursed
opposite,similar
west,east
unemployment,employment
cow,bull
first,last
possibility,impossibility
foreground,background
illustrious,unknown
barbaric,civilized
longtime,short time
indifferent,passionate
unlimited,limited
breach,comply
frontal,rear
only,many
limited,unlimited
dotted,solid
contingent,inevitable
straight,curved
summer,winter
unlikely,likely
old,new
earthly,celestial
observational,theoretical
centrist,extremist
view,blindness
medial,lateral
extraordinary,ordinary
abolish,establish
cry,laugh
undo,do
cheer,jeer
force,gentleness
hooked,unhooked
mistaken,correct
eldest,youngest
fried,raw
classify,disorganize
loosen,tighten
broaden,narrow
approval,disapproval
eastern,western
polar,equatorial
unbelievable,believable
temporal,eternal
link,unlink
detain,release
outgoing,introverted
barren,fertile
white,black
intuitive,counterintuitive
outlaw,law-abiding citizen
illegal,legal
concept,reality
authorize,prohibit
intelligent,unintelligent
undue,due
contrast,similarity
absent,present
convergence,divergence
shy,outgoing
mixed,pure
head,tail
contemporary,traditional
shameful,honorable
supreme,inferior
procedural,conceptual
ancestor,descendant
segregation,integration
give,take
marginal,central
bent,straight
tomorrow,yesterday
lower,upper
permanent,temporary
lend,borrow
civil,uncivilized
fictitious,real
dormant,active
employment,unemployment
complexity,simplicity
defy,comply
conventional,unconventional
expected,unexpected
automated,manual
bra,panties
include,exclude
pride,humility
outcome,input
obey,disobey
destroy,create
deduct,add
lesbian,straight
unlucky,lucky
specialize,generalize
unable,able
superhuman,human
inverse,direct
least,most
irrational,rational
stale,fresh
exclusive,inclusive
sturdy,fragile
literary,illiterate
regular,irregular
align,misalign
impossible,possible
martial,civilian
frustrated,satisfied
fake,real
veto,approve
approximate,exact
gradual,sudden
impractical,practical
smile,frown
legitimate,illegitimate
limp,stiff
improbable,probable
commence,conclude
put,take
cover,uncover
lightweight,heavyweight
acceptance,rejection
permission,prohibition
manned,unmanned
numerous,few
divest,invest
tropical,polar
likely,unlikely
worsen,improve
decode,encode
excessive,insufficient
defend,attack
southeastern,northwestern
predictive,reactive
divergence,convergence
intensive,relaxed
abandon,keep
fore,aft
criticize,praise
used,new
childbirth,death
hope,despair
extant,extinct
complex,simple
tacit,explicit
nighttime,daytime
premature,mature
comic,tragic
personal,impersonal
weak,strong
invisible,visible
taxable,nontaxable
leading,following
lord,servant
advance,retreat
intense,mild
definite,indefinite
rectangular,circular
mortal,immortal
inward,outward
excess,deficiency
folly,wisdom
question,answer
violate,comply
digital,analog
intensify,diminish
like,dislike
short,long
mean,kind
jam,jelly
all,none
disinfect,contaminate
longitudinal,latitudinal
redundant,essential
simplify,complicate
external,internal
interesting,boring
muscular,frail
stalk,root
establish,dismantle
displeasure,pleasure
appear,disappear
convenient,inconvenient
cease,continue
insignificant,significant
borrower,lender
imaginative,practical
slow,fast
united,divided
park,home
float,sink
solitary,social
frog,toad
rear,front
naughty,nice
eccentric,conventional
sinister,benevolent
hit,miss
tragedy,comedy
conservative,liberal
same,different
idle,busy
end,beginning
proactive,reactive
counterfeit,genuine
plateau,valley
collect,disperse
problem,solution
unavailable,available
visceral,cerebral
dramatic,subtle
risky,safe
revolutionary,traditional
central,peripheral
varied,uniform
unmanned,manned
disadvantaged,advantaged
infrared,ultraviolet
weakness,strength
epidemic,endemic
slowing,speeding
bare,covered
contradict,agree
draw,erase
squat,stand
garner,squander
strike,spare
show,hide
loss,gain
ambiguous,clear
leftist,rightist
upstream,downstream
infinite,finite
desirable,undesirable
pure,impure
opacity,transparency
inland,coastal
harmful,beneficial
notice,ignore
brave,cowardly
ongoing,completed
advantage,disadvantage
contiguous,disjointed
main,secondary
pleasure,pain
noise,silence
wise,foolish
convoluted,straightforward
refuse,accept
solder,desolder
transmitter,receiver
petty,significant
numerical,non-numerical
instability,stability
install,uninstall
simplistic,complex
lodge,shelter
employ,unemploy
decline,increase
top,bottom
compatible,incompatible
geographic,non-geographic
preliminary,final
fugitive,law-abiding citizen
joy,sorrow
calm,agitated
need,have
background,foreground
forfeit,claim
concrete,abstract
widespread,limited
quantitative,qualitative
clear,cloudy
kind,cruel
melody,discord
obsolete,modern
competition,cooperation
able,unable
endless,finite
inaction,action
indicate,conceal
legalize,criminalize
reciprocal,direct
southern,northern
rising,falling
recession,boom
payment,receipt
official,unofficial
safety,danger
column,row
authoritarian,libertarian
wreck,preserve
constant,variable
explicit,implicit
sob,laugh
freeze,melt
proponent,opponent
defective,functional
immoral,moral
various,uniform
bald,hairy
contract,expand
mature,immature
separate,together
refined,crude
strengthen,weaken
prohibition,permission
narrowing,widening
heterosexual,homosexual
reverse,forward
coloured,monochrome
speedy,lethargic
invalid,valid
inappropriate,appropriate
regulated,unregulated
kick,catch
suitable,unsuitable
cruelty,kindness
aboriginal,non-aboriginal
terrible,wonderful
mother,father
massive,tiny
inquiry,response
unspecified,specified
absurd,sensible
birth,death
static,dynamic
female,male
agricultural,industrial
accustomed,unaccustomed
verbal,nonverbal
conception,birth
next,previous
immortality,mortality
transient,permanent
moist,dry
heated,cooled
independent,dependent
evasion,confrontation
observe,ignore
fact,fiction
insertion,removal
borrowing,lending
surgical,non-surgical
contraction,expansion
liberal,conservative
murky,clear
arise,settle
traitor,loyalist
distrust,trust
disbelief,belief
gritty,smooth
psychological,physical
favorite,least favorite
confirm,deny
major,minor
granddaughter,grandfather
descend,ascend
recommend,discourage
absorb,release
swift,sluggish
satisfy,dissatisfy
enlarge,shrink
software,hardware
total,partial
bomb,disarm
present,past
emit,absorb
descriptive,nondescriptive
generic,specific
distant,near
glossy,matte
tender,tough
devil,angel
clandestine,overt
liquid,solid
patient,impatient
attract,repel
resilient,fragile
segregated,integrated
adequate,inadequate
inspiration,despair
sticky,slippery
chronic,acute
covered,exposed
auxiliary,primary
preserve,destroy
hard,soft
antagonist,protagonist
cause,effect
unpredictable,predictable
agree,disagree
intermittent,continuous
sterile,contaminated
intangible,tangible
harvest,planting
mono,stereo
incidental,essential
fix,break
hypothetical,realistic
disappear,appear
validate,invalidate
transparent,opaque
height,depth
sickness,health
traditional,modern
clumsy,graceful
upside,downside
ordinary,extraordinary
immunity,susceptibility
unarmed,armed
inconsistent,consistent
measurable,immeasurable
confident,insecure
senior,junior
enter,exit
reliant,independent
experienced,inexperienced
remove,add
wholesale,retail
fancy,plain
blame,praise
oversized,undersized
mixture,pure
shallow,deep
equip,disarm
finished,unfinished
field,city
steady,unsteady
complain,praise
superficial,deep
lifeless,lively
cool,warm
constructive,destructive
transparency,opacity
diminish,increase
lasting,temporary
written,spoken
assemble,disassemble
sane,insane
day,night
past,future
deflation,inflation
divide,multiply
everything,nothing
downhill,uphill
halt,proceed
catch,release
mark,unmark
awkward,graceful
pass,fail
medical,non-medical
attach,detach
tight,loose
mend,break
fat,thin
rough,smooth
none,all
unprepared,prepared
normal,abnormal
relieve,aggravate
fresh,stale
monarch,commoner
corrupt,honest
elaborate,simple
require,exempt
complicated,simple
direct,indirect
physical,mental
troublesome,easygoing
build,destroy
fall,rise
weakened,strengthened
damned,blessed
detached,attached
nonviolent,violent
bulk,individual
rugged,smooth
foot,hand
extended,contracted
substantive,insubstantial
international,domestic
inexpensive,expensive
reduce,increase
sober,drunk
important,unimportant
imperfect,perfect
patriot,traitor
hatred,love
underdog,favorite
retreat,advance
equal,unequal
darkness,lightness
occasional,frequent
unpaid,paid
minimal,maximal
foster,hinder
near,far
son,daughter
tired,energetic
chilly,warm
lively,dull
king,queen
liking,disliking
soil,sky
religious,secular
antique,modern
viewing,ignoring
servicing,neglecting
insane,sane
civilian,military
crude,refined
landscape,portrait
agreement,disagreement
volatile,stable
obese,skinny
open,closed
yesterday,tomorrow
scatter,gather
wish,regret
involved,uninvolved
adult,child
reward,punishment
deprive,provide
grant,deny
giant,dwarf
dusty,clean
everyday,occasional
improvement,deterioration
enlarged,shrunk
curious,indifferent
winner,loser
regain,lose
unfocused,focused
logical,illogical
instrumental,vocal
union,division
unhealthy,healthy
supernatural,natural
comparable,incomparable
cold,warm
rich,poor
soft,hard
parallel,perpendicular
stiff,flexible
inadequate,adequate
concentrated,diluted
conceal,reveal
boy,girl
sanity,insanity
resolution,problem
keen,apathetic
hot,cool
creditor,debtor
genius,fool
brittle,durable
cockpit,cabin
laughter,tears
broken,fixed
unwelcome,welcome
incompetent,competent
root,tip
feature,bug
catalyst,inhibitor
crooked,straight
elder,younger
immature,mature
avert,embrace
prepared,unprepared
heroic,cowardly
debtor,creditor
graduate,undergraduate
translucent,opaque
unite,divide
recent,ancient
cowardly,brave
flawless,flawed
authentic,fake
approve,disapprove
multiply,divide
default,customized
improper,proper
prefix,suffix
broke,wealthy
dumb,smart
icy,warm
net,gross
economic,uneconomic
inhuman,human
minimum,maximum
unorthodox,orthodox
marry,divorce
method,chaos
legendary,ordinary
extra,lacking
underlying,overt
accurate,inaccurate
clarity,confusion
lineman,receiver
casual,formal
pain,pleasure
widening,narrowing
defendant,plaintiff
blessing,curse
spiritual,materialistic
certainty,uncertainty
frank,evasive
objective,subjective
disconnect,connect
stern,lenient
miserable,joyful
moderate,extreme
worldwide,local
treacherous,trustworthy
foe,friend
insensitive,sensitive
charming,unappealing
downside,upside
anterior,posterior
gay,straight
divorce,marriage
small,large
documentary,fiction
goods,bads
deep,shallow
achievable,unachievable
bottom,top
erect,flat
complete,incomplete
inability,ability
fluorescent,incandescent
most,least
sounding,silent
polluted,clean
dwarf,giant
sophisticated,simple
loud,quiet
inner,outer
escalate,deescalate
woman,man
peace,war
aversion,attraction
parent,child
pay,receive
bright,dim
monumental,insignificant
publicity,privacy
quick,slow
inconsistency,consistency
operative,inoperative
sudden,gradual
subtle,obvious
thin,thick
viable,unviable
indefinite,definite
ineligible,eligible
national,international
pollution,cleanliness
unfortunate,fortunate
annoyed,pleased
torture,comfort
online,offline
pop,classical
density,sparsity
exotic,common
historic,modern
material,immaterial
unfair,fair
imbalance,balance
upright,inverted
weighted,unweighted
impossibility,possibility
shutdown,startup
hire,fire
disclaimer,endorsement
diffuse,concentrated
nude,clothed
firm,soft
multiple,single
loan,repayment
lead,follow
newborn,elderly
power,weakness
flee,pursue
fear,courage
premiere,finale
linger,leave
steep,flat
planetary,stellar
abundance,scarcity
disclaim,claim
retrospect,prospect
object,subject
niece,nephew
repair,damage
lighting,darkness
bourgeois,proletarian
enrich,impoverish
perceive,ignore
data,information
originate,terminate
flexible,rigid
fantastic,terrible
confusion,clarity
triangular,circular
formal,informal
maximal,minimal
engage,disengage
striped,solid
assail,defend
evolution,devolution
synthetic,natural
excavation,filling
comfortable,uncomfortable
intricate,simple
have,lack
settle,disrupt
boil,freeze
commit,withdraw
sponsor,beneficiary
downstairs,upstairs
tremendous,insignificant
debit,credit
aggregate,disperse
bogus,authentic
adjective,noun
stuff,empty
con,pro
immune,susceptible
optional,mandatory
useful,useless
heating,cooling
subordinate,superior
general,specific
host,guest
intrinsic,extrinsic
disapproval,approval
acceptable,unacceptable
truthful,deceptive
full,empty
secondary,primary
evil,good
affirmative,negative
closing,opening
unlawful,lawful
irregular,regular
plus,minus
analytic,synthetic
exclusion,inclusion
ambitious,unambitious
analysis,synthesis
condemn,praise
stack,unstack
farther,closer
believable,unbelievable
manual,automatic
crazy,sane
appreciation,criticism
incomplete,complete
unaffected,affected
silence,noise
oppose,support
muddy,clean
former,latter
alternative,mainstream
oral,written
upcoming,past
inactive,active
easy,hard
warm,cool
victorious,defeated
disadvantage,advantage
guy,girl
server,client
primitive,advanced
explain,confuse
unmarked,marked
competitive,cooperative
unlike,like
obscurity,prominence
subtract,add
recreational,professional
figured,plain
ship,dock
canned,fresh
available,unavailable
creator,destroyer
few,many
glut,famine
covert,overt
timid,bold
sunset,sunrise
enable,disable
certain,uncertain
mountainous,flat
remember,forget
credit,debit
polite,rude
back,front
sad,happy
sunlight,moonlight
nonpartisan,partisan
huge,tiny
discrete,continuous
troubled,peaceful
corporate,individual
accompany,leave alone
file,delete
aged,fresh
inevitable,avoidable
offset,aligned
ill,healthy
vertical,horizontal
disagree,agree
fifth,first
ethical,unethical
walk,run
supplementary,complementary
sell,buy
surrogate,primary
malfunction,function
ready,unprepared
decent,indecent
grey,colorful
length,width
operate,shut down
answer,question
overt,covert
east,west
widen,narrow
periphery,center
knock,answer
follower,leader
stability,instability
waste,conserve
unloaded,loaded
lay,stand
snowy,sunny
represent,misrepresent
differ,similar
thick,thin
order,chaos
loser,winner
disobedience,obedience
experimental,traditional
juvenile,mature
revoke,grant
insanity,sanity
belief,doubt
dependent,independent
elevation,depression
disappointed,satisfied
friendly,unfriendly
damn,bless
withdrawal,deposit
distress,comfort
conform,rebel
illicit,licit
interior,exterior
girl,boy
right,wrong
farewell,greeting
descendant,ancestor
action,inaction
hearing,deafness
weep,laugh
dissent,consent
future,past
extreme,moderate
efficient,inefficient
powdered,solid
curly,straight
willingness,reluctance
keep,discard
whites,blacks
north,south
expansion,contraction
orderly,chaotic
wicked,virtuous
downstream,upstream
secret,public
foreigner,native
commonplace,rare
married,single
narrow,wide
involve,exclude
quit,continue
propel,halt
youthful,elderly
sour,sweet
hidden,visible
archaic,modern
renowned,unknown
forget,remember
decorative,plain
service,disservice
posterior,anterior
shady,sunny
judicial,extrajudicial
subconscious,conscious
utopian,dystopian
affirm,deny
asleep,awake
helpless,capable
mention,ignore
disappearance,appearance
rejection,acceptance
bad,good
studio,location
fuzzy,smooth
bulky,compact
familiar,unfamiliar
dissatisfaction,satisfaction
meaningful,meaningless
positive,negative
flat,curved
potential,actual
defeat,victory
armed,unarmed
partisan,bipartisan
acquaintance,stranger
unmarried,married
misconception,understanding
aquatic,terrestrial
tilted,straight
vocal,silent
mundane,extraordinary
satisfaction,dissatisfaction
conscious,unconscious
unwillingness,willingness
find,lose
shout,whisper
tolerance,intolerance
incapable,capable
ample,scarce
acidic,alkaline
continue,stop
rebellious,compliant
high,low
acceleration,deceleration
militant,peaceful
participate,withdraw
identical,different
hardware,software
superior,inferior
specific,general
income,expense
dry,wet
neutral,biased
psychic,non-psychic
ridicule,praise
worry,relax
sensitive,insensitive
handsome,ugly
depart,arrive
launch,land
curl,straight
employer,employee
release,retain
single,married
abhor,adore
destructive,constructive
minor,major
invest,withdraw
tiny,giant
defensive,offensive
strong,weak
basic,advanced
tart,sweet
exceed,fall short
lock,unlock
improve,deteriorate
benefit,disadvantage
lack,abundance
global,local
gather,scatter
found,lost
sweet,sour
garbage,cleanliness
freedom,oppression
medieval,modern
male,female
intake,output
automatic,manual
northwest,southeast
domestic,wild
common,rare
left,right
allow,forbid
impartial,biased
unusual,usual
sunrise,sunset
opening,closing
survive,perish
exclude,include
gentle,rough
opponent,ally
protect,harm
beginning,end
charge,discharge
extend,contract
unnecessary,necessary
dull,bright
federal,state
deficiency,surplus
angular,rounded
justice,injustice
integration,differentiation
liabilities,assets
interrogation,explanation
hairy,bald
sorrow,joy
hell,heaven
focused,distracted
unregulated,regulated
depression,elation
noisy,quiet
boring,interesting
knowledge,ignorance
remote,nearby
unreliable,reliable
brother,sister
amusing,boring
poetry,prose
desperate,content
delete,save
romantic,platonic
prospective,retrospective
comparative,superlative
level,uneven
peaceful,violent
northeastern,southwestern
attack,defend
consistent,inconsistent
tack,blunt
homegrown,imported
relational,isolated
strength,weakness
concentration,distraction
downfall,uprise
maximum,minimum
applaud,boo
standard,nonstandard
sham,genuine
disperse,gather
gray,colorful
dishonest,honest
medium,large
anarchy,order
naive,experienced
activity,inactivity
ruin,preserve
collateral,direct
kid,adult
tread,untread
purchase,sell
increased,decreased
intermediate,beginner
maximize,minimize
spherical,flat
acknowledge,ignore
friend,enemy
lender,borrower
derogatory,complimentary
disrespect,respect
unfinished,completed
persuade,dissuade
supplemental,primary
dependence,independence
exaggeration,understatement
retire,begin work
except,include
mortality,immortality
wisdom,foolishness
deficit,surplus
biological,non-biological
nothing,everything
look,ignore
black,white
obscure,clear
elderly,youthful
popular,unpopular
tie,untie
fill,empty
lawful,unlawful
clean,dirty
angry,happy
differentiate,integrate
comfort,discomfort
sleeping,awake
vested,unvested
significant,insignificant
beautiful,ugly
creative,uncreative
poop,clean
ideal,realistic
municipal,private
pleased,displeased
legal,illegal
accumulate,dissipate
fortune,misfortune
assets,liabilities
beneficial,harmful
stupid,smart
synthesis,analysis
loose,tight
hunter,prey
lose,win
pathological,healthy
encode,decode
presents,absence
functional,dysfunctional
revolution,status quo
sustain,deplete
conditional,unconditional
buying,selling
outfield,infield
median,extreme
pessimistic,optimistic
unintentional,intentional
inside,outside
negate,affirm
uneasy,comfortable
praise,criticize
cerebral,physical
prosecute,defend
regression,progression
imply,explicit
profit,loss
primary,secondary
composite,simple
peripheral,central
impair,improve
tricky,straightforward
respect,disrespect
feed,starve
mistrust,trust
smart,dumb
leave,arrive
silly,serious
unethical,ethical
sleepy,awake
predecessor,successor
assure,doubt
skepticism,belief
wet,dry
bull,cow
skinny,fat
intimidate,reassure
consume,produce
drunk,sober
check,uncheck
favorable,unfavorable
frozen,melted
excellent,poor
responsible,irresponsible
academic,non-academic
intentional,accidental
erase,write
punishable,forgivable
fragmented,whole
depressed,elated
compact,spacious
awful,wonderful
perfect,imperfect
promote,demote
package,unpack
frown,smile
pastoral,urban
line,curve
disarm,arm
read,write
intersect,separate
soften,harden
many,few
unrestricted,restricted
preferable,undesirable
marvelous,terrible
bump,smooth
masculine,feminine
thermal,cooling
conspiracy,truth
dismantle,assemble
lax,strict
stick,release
plaintiff,defendant
active,passive
parasite,host
final,initial
implement,remove
unsure,certain
youth,elderly
resistant,susceptible
whole,partial
foreign,domestic
adoptive,biological
busy,idle
grow,shrink
sufficient,insufficient
light,heavy
double,single
outer,inner
series,parallel
exterior,interior
daytime,nighttime
offense,defense
rejoice,mourn
deceased,alive
successor,predecessor
premium,basic
receiver,sender
ascend,descend
qualitative,quantitative
expenditure,income
unhappy,happy
suspect,confirm
speed,slowness
alternate,primary
rigid,flexible
unclear,clear
injustice,justice
enlist,discharge
unreal,real
work,relax
impoverished,wealthy
excited,calm
sit,stand
function,malfunction
liberate,imprison
waive,enforce
affected,unaffected
fictional,real
valley,mountain
slim,fat
hole,solid
safe,dangerous
ground,sky
prevention,promotion
nasal,oral
localized,widespread
center,edge
increase,decrease
inefficient,efficient
demand,supply
virgin,experienced
miraculous,ordinary
ignorant,knowledgeable
come,go
exceptional,ordinary
uniform,varied
astronomical,terrestrial
perennial,annual
tedious,enjoyable
further,closer
radical,conservative
bitter,sweet
latter,former
organic,inorganic
sender,receiver
plain,fancy
absolute,relative
amateur,professional
merger,split
noticeable,unnoticeable
native,foreign
curse,blessing
moot,debatable
eliminate,create
paste,cut
cement,sand
realistic,fantastic
abrupt,gradual
export,import
backward,forward
perpendicular,parallel
tough,easy
suck,blow
wee,large
understatement,exaggeration
begin,end
deposit,withdrawal
focus,distract
slight,significant
less,more
rational,irrational
neoliberal,conservative
concurrent,sequential
famous,unknown
irresponsible,responsible
feminine,masculine
ultimate,initial
visual,auditory
intact,broken
idiot,genius
odd,even
manageable,unmanageable
successful,unsuccessful
dawn,dusk
disapprove,approve
insult,compliment
progressive,regressive
redeem,condemn
known,unknown
adolescent,elderly
underground,aboveground
operational,non-operational
interim,permanent
individual,group
notable,unremarkable
binary,analog
security,risk
coarse,fine
oust,install
probable,improbable
mechanical,organic
protagonist,antagonist
cooling,heating
recall,forget
disorderly,orderly
stout,slim
happiness,sadness
meat,vegetables
import,export
creamy,watery
encrypt,decrypt
stand,sit
arrival,departure
natural,artificial
plural,singular
bold,timid
harass,comfort
negligence,diligence
wasteful,efficient
wellness,illness
simplicity,complexity
recorded,live
separation,union
awake,asleep
monarchy,democracy
success,failure
infield,outfield
husband,wife
incorrect,correct
dual,single
reduction,increase
move,stay
tails,heads
sacred,profane
hopeful,despairing
opaque,transparent
chaos,order
downgrade,upgrade
smooth,rough
competence,incompetence
rivalry,cooperation
surrender,resist
annoy,please
bodily,spiritual
balance,imbalance
agent,client
overall,specific
advanced,basic
interrupt,continue
sleep,awake
drive,park
simultaneous,consecutive
delay,advance
infantry,cavalry
erroneous,correct
dirty,clean
empty,full
autonomous,dependent
men,women
strengthening,weakening
persistent,fleeting
volcanic,non-volcanic
cooperate,compete
microscopic,macroscopic
resent,cherish
heavy,light
alien,human
oval,round
offence,defence
student,teacher
long,short
predictable,unpredictable
limitless,limited
climb,descend
rare,common
alter,preserve
output,input
mad,sane
lovely,unpleasant
mindfulness,mindlessness
solid,liquid
living,dead
distinct,indistinct
better,worse
blunt,sharp
humility,pride
mathematical,non-mathematical
get,give
run,walk
discomfort,comfort
lady,gentleman
unknown,known
captive,free
refreshing,stale
glad,sad
fertility,infertility
young,mature
principal,subordinate
trivial,significant
scarce,abundant
quiet,loud
outside,inside
colonial,modern
deny,confirm
consistency,inconsistency
private,public
attend,absent
withstand,succumb
tragic,comic
optimistic,pessimistic
rounded,sharp
complicate,simplify
overseas,domestic
reformed,corrupt
actual,potential
standby,active
emphasize,downplay
disembark,embark
bury,unearth
terminate,initiate
adulthood,childhood
wonderful,terrible
location,displacement
mediocre,exceptional
southeast,northwest
danger,safety
ashamed,proud
mild,severe
delicate,sturdy
contradictory,complementary
saline,freshwater
unauthorized,authorized
start,finish
emotional,unemotional
ask,answer
note,silence
maritime,terrestrial
relative,absolute
employee,employer
vast,limited
partner,opponent
sound,silence
rural,urban
plentiful,scarce
drop,pick up
convict,acquit
variant,standard
unacceptable,acceptable
hind,front
funny,serious
verge,center
northeast,southwest
vest,coat
jerk,gentleman
announce,conceal
comedy,tragedy
deter,encourage
instantaneous,delayed
anger,joy
unified,divided
faint,loud
military,civilian
minimize,maximize
sack,pack
severe,mild
false,true
homosexual,heterosexual
eternal,temporary
initial,final
linear,nonlinear
alert,drowsy
maintain,deteriorate
domain,range
simulated,real
hold,release
connect,disconnect
relevant,irrelevant
intended,unintended
extinct,alive
rely,distrust
cooperative,uncooperative
ally,enemy
foolish,wise
extension,contraction
cheap,expensive
conceptual,practical
heavenly,hellish
fearless,fearful
dispute,agreement
finite,infinite
lazy,active
marked,unmarked
upgrade,downgrade
gigantic,tiny
capable,incapable
unconditional,conditional
surreal,realistic
gross,delicious
predatory,preyful
invasion,retreat
landing,taking off
shortage,surplus
exhaustive,brief
entire,partial
obedience,disobedience
incompetence,competence
victory,defeat
sharp,dull
overweight,underweight
welcome,unwelcome
rainy,sunny
nominal,real
inferior,superior
dismissive,attentive
economy,recession
dislike,like
acquire,lose
protective,neglectful
depreciation,appreciation
periodic,aperiodic
abstract,concrete
necessity,luxury
indecent,decent
related,unrelated
closed,open
subsidy,tax
cavity,healthy tooth
claim,deny
nephew,niece
terrestrial,aquatic
swim,walk
misfortune,fortune
frivolous,serious
forbid,allow
western,eastern
orthodoxy,heterodoxy
aunt,uncle
unconstitutional,constitutional
grandfather,grandson
sew,unravel
incoming,outgoing
uphill,downhill
outward,inward
pedestrian,driver
round,square
difficulty,ease
novel,classic
retired,employed
vegetable,meat
new,old
blend,stand out
last,first
fold,unfold
extremist,moderate
confidential,public
retrieve,discard
proud,humble
ladies,gentlemen
compound,simple
original,copy
humid,dry
topical,nontopical
homeless,housed
uncomfortable,comfortable
nonprofit,for-profit
lift,drop
antitrust,pro-trust
premier,inferior
satisfactory,unsatisfactory
crisp,soggy
lavish,frugal
futures,pasts
inclusive,exclusive
infect,cure
asset,liability
insert,remove
wooden,metallic
worst,best
sluggish,energetic
brown,white
tighten,loosen
expensive,cheap
sister,brother
capitalist,socialist
affluent,impoverished
war,peace
ceiling,floor
illness,health
speculative,factual
poetic,prosaic
uncertainty,certainty
collective,individual
analog,digital
defense,offense
accept,reject
dim,bright
cash,credit
more,less
ethnic,non-ethnic
virtual,real
wealth,poverty
dense,sparse
wife,husband
dusk,dawn
stable,unstable
correct,incorrect
sinful,virtuous
communal,individualistic
physiological,psychological
unrealistic,realistic
colossal,tiny
injure,heal
think,forget
spectral,nonspectral
isolated,connected
ugly,beautiful
unsuccessful,successful
kickoff,endgame
powerless,powerful
minus,plus
stationary,moving
subdued,vibrant
spurious,authentic
atomic,molecular
harsh,gentle
buy,sell
restricted,unrestricted
child,adult
diluted,concentrated
insecurity,security
commercial,residential
manage,struggle
discredit,credit
urban,rural
involuntary,voluntary
fit,unfit
defence,attack
decipher,encrypt
reject,accept
visionary,practical
accelerate,decelerate
forbidden,allowed
retail,wholesale
serious,funny
boo,cheer
signal,noise
goofy,serious
wedge,flat
junior,senior
illegitimate,legitimate
fail,succeed
raw,cooked
exact,approximate
dead,alive
systemic,nonsystemic
omit,include
block,unblock
please,thank you
equality,inequality
analogy,discrepancy
integrate,differentiate
leader,follower
rise,fall
connected,disconnected
stay,leave
effective,ineffective
stadium,field
proper,improper
side,center
vanish,appear
totalitarian,democratic
magnetic,nonmagnetic
susceptibility,resistance
unification,separation
real,fake
vice,virtue
death,life
penal,rewarding
let,prevent
intolerance,tolerance
catchy,forgettable
night,day
failure,success
enjoy,dislike
outdoor,indoor
revive,expire
dreadful,delightful
noble,ignoble
citizen,foreigner
inclined,level
gloomy,cheerful
competent,incompetent
mercy,cruelty
part,whole
worldly,spiritual
average,exceptional
brutal,gentle
dysfunctional,functional
broad,narrow
half,full
follow,lead
monstrous,tiny
conclusion,introduction
worn,new
existential,nonexistent
bankrupt,solvent
act,react
arrive,depart
appropriate,inappropriate
ornament,plain
informative,misleading
elusive,obvious
diagonal,straight
selfish,altruistic
rim,center
nasty,nice
poisonous,nonpoisonous
unwilling,willing
mutual,individual
paranormal,normal
green,red
nice,mean
innocence,guilt
live,die
cooperation,competition
stop,go
prevent,cause
annual,perennial
blindness,sight
disruptive,harmonious
typical,atypical
negative,positive
innocent,guilty
curiosity,apathy
split,join
socialism,capitalism
heaven,hell
daughter,son
secure,insecure
hopeless,hopeful
forthcoming,reticent
rush,relax
theoretical,practical
simple,complex
doubt,certainty
compulsory,optional
essential,nonessential
close,far
unnatural,natural
analogous,dissimilar
unconventional,conventional
denial,acceptance
insufficient,sufficient
succumb,resist
acute,chronic
dark,light
fire,water
worried,relaxed
triple,single
fiction,nonfiction
sick,healthy
abnormal,normal
marriage,divorce
muff,sharp
decrypt,encrypt
teenage,elderly
swear,praise
spending,saving
despise,admire
elevate,depress
symptom,cure
constitutional,unconstitutional
shiny,dull
lie,truth
strange,familiar
rest,work
reasonable,unreasonable
draft,final
relax,stress
pleasant,unpleasant
acid,base
special,ordinary
irrelevant,relevant
law,crime
implicit,explicit
humble,arrogant
magical,mundane
unpopular,popular
incompatible,compatible
truth,lie
succeed,fail
strip,solid
historical,contemporary
unintended,intended
vary,remain constant
winter,summer
ability,inability
everybody,nobody
mythical,realistic
source,destination
statutory,non-statutory
floor,ceiling
capitalism,socialism
starve,feast
mountain,valley
bored,interested
blank,filled
withdraw,deposit
problematic,unproblematic
aerial,grounded
costly,cheap
spread,gather
row,column
face,back
deliberate,impulsive
divine,profane
supply,demand
slender,plump
socialist,capitalist
mode,median
rusty,shiny
scarcity,abundance
sadness,happiness
mineral,animal
discharge,charge
indigenous,non-indigenous
difference,similarity
endemic,widespread
analytical,intuitive
irreversible,reversible
violent,peaceful
moral,immoral
skew,straight
immortal,mortal
deduction,induction
childhood,adulthood
sanction,penalty
reversible,irreversible
affordable,expensive
little,big
internal,external
obligatory,optional
anxious,calm
admit,deny
presence,absence
retard,advance
ultraviolet,infrared
replication,original
much,little
salty,sweet
profound,superficial
wretched,blessed
discourage,encourage
progress,regress
generate,consume
minute,hour
nervous,calm
remarkable,unremarkable
endure,quit
void,full
plastic,glass
rotten,fresh
undertake,abandon
pray,blaspheme
criminal,law-abiding citizen
packed,empty
retrospective,prospective
ascent,descent
take,give
tense,relaxed
fearful,brave
slack,tight
partial,complete
attached,detached
surplus,deficit
unfamiliar,familiar
guilty,innocent
healthy,unhealthy
abundant,scarce
voluntary,involuntary
far,near
reluctant,eager
commencement,termination
evening,morning
normative,deviant
reduced,increased
consent,dissent
chill,heat
childish,mature
surface,depth
unveil,conceal
luxurious,basic
blue,red
human,animal
boycott,support
poor,rich
unofficial,official
different,similar
recover,deteriorate
motion,stillness
ridiculous,sensible
minority,majority
expire,renew
know,ignore
set,unset
hawk,dove
specified,unspecified
second,first
query,response
cheerful,gloomy
bust,boom
honest,dishonest
compassionate,cruel
suffer,enjoy
passive,active
heat,cool
vulnerable,invulnerable
incur,credit
pale,vibrant
incredible,unbelievable
virtuous,sinful
push,pull
early,late
coastal,inland
paid,unpaid
enough,insufficient
uncommon,common
morning,evening
issue,solution
origin,destination
multinational,local
useless,useful
spacious,cramped
vulgar,refined
powerful,weak
poverty,wealth
match,mismatch
lean,fat
services,disservices
perpetual,temporary
valuable,worthless
good,bad
reassure,worry
terminal,initial
fortunate,unfortunate
offensive,defensive
lyric,instrumental
even,odd
raise,lower
bears,cubs
worthy,unworthy
grandson,grandmother
precise,vague
dress,undress
call,hang up
health,disease
corresponding,noncorresponding
sizeable,insignificant
transgress,comply
unfit,fit
confront,avoid
expose,conceal
frequent,infrequent
savage,civilized
barrel,cylinder
standing,sitting
growth,decline
embryonic,mature
rocky,smooth
unlock,lock
disorder,order
break,fix
complainant,defendant
stranger,familiar
lights,shadows
outdated,modern
offend,appease
prosperous,impoverished
prolonged,short-lived
extensive,limited
anti,pro
fragile,durable
due,overdue
unused,used
ease,difficulty
dove,hawk
circumference,diameter
tame,wild
cubic,spherical
sizable,insignificant
preparation,improvisation
free,expensive
hide,reveal
lateral,medial
add,subtract
artificial,natural
galactic,terrestrial
integrated,segregated
embark,disembark
brief,lengthy
prominent,obscure
adjacent,distant
supporter,opponent
conserve,waste
disparate,similar
beg,end
untrue,true
detach,attach
hideous,beautiful
large,small
arrogant,humble
core,periphery
nationalist,internationalist
descent,ascent
unemployed,employed
change,stay the same
marine,terrestrial
playful,serious
mental,physical
tangible,intangible
man,woman
inconvenient,convenient
skyrocket,plummet
metaphysical,physical
immense,tiny
someone,no one
mandatory,optional
bound,free
cosmic,terrestrial
graduating,enrolling
father,mother
yellow,blue
base,peak
upstairs,downstairs
brethren,sistren
bless,curse
fate,free will
adverse,favorable
despair,hope
painful,pleasurable
clever,stupid
enormous,tiny
addition,subtraction
fine,coarse
analogue,digital
mobile,stationary
disagreement,agreement
bilateral,unilateral
hostile,friendly
liability,asset
prohibit,allow
modern,traditional
usual,unusual
amplify,diminish
stupidity,intelligence
intellectual,unintellectual
lifelong,temporary
harmless,harmful
sorry,forgiven
fluid,solid
off,on
necessary,unnecessary
justify,condemn
local,foreign
wake,sleep
assembly,disassembly
hate,love
imported,domestic
eligible,ineligible
credible,incredible
imprison,free
applicable,inapplicable
gain,loss
ending,beginning
venerable,disreputable
yield,resist
uphold,undermine
great,terrible
dubious,certain
weird,normal
required,optional
temporary,permanent
uncertain,certain
latent,manifest
unfavorable,favorable
decentralized,centralized
outset,conclusion
inspire,discourage
subjective,objective
meet,part
fault,merit
damp,dry
solution,problem
grand,petty
heresy,orthodoxy
unstable,stable
enlightenment,ignorance
mourn,celebrate
sure,unsure
tall,short
doubtful,certain
confused,clear-minded
apply,remove
late,early
dismiss,appoint
teen,adult
love,hate
similar,different
weaken,strengthen
believe,doubt
southwestern,northeastern
island,mainland
triumph,defeat
rude,polite
possible,impossible
selective,indiscriminate
joint,individual
context,content
public,private
adjust,maintain
ineffective,effective
vacant,occupied
ripe,unripe
challenging,simple
particular,general
detriment,benefit
copy,original
enforce,repeal
customary,unusual
urge,resist
error,correct
blur,sharp
grotesque,beautiful
fruitful,unfruitful
cosmetic,natural
inaccurate,accurate
hazardous,safe
guilt,innocence
middle,ends
wild,tame
make,destroy
paternal,maternal
shut,open
intelligence,ignorance
permit,prohibit
decrease,increase
universal,specific
chaotic,orderly
consumer,producer
vital,nonessential
northern,southern
imitate,originate
makeshift,permanent
horizontal,vertical
bipartisan,partisan
enemy,friend
disconnected,connected
messy,neat
aware,unaware
nobody,everybody
literal,figurative
unaware,aware
low,high
unpleasant,pleasant
sovereign,subservient
disability,ability
infertility,fertility
bounce,stick
uncover,cover
inequality,equality
refrain,indulge
contingency,certainty
mind,body
imaginary,real
front,back
win,lose
suffix,prefix
indirect,direct
meaningless,meaningful
inert,active
veil,reveal
feasible,infeasible
centralized,decentralized
willing,unwilling
cloud,sky
finish,start
resist,surrender
unexpected,expected
stretch,shrink
deficient,abundant
nuclear,renewable
approach,retreat
support,oppose
shorten,lengthen
equipped,unequipped
routine,spontaneous
informal,formal
considerable,insignificant
contrary,similar
circular,square
inexperienced,experienced
philosophical,practical
pull,push
ancient,modern
miniature,giant
oxidation,reduction
immediate,delayed
inclusion,exclusion
dominant,submissive
elementary,advanced
fast,slow
happy,unhappy
strict,lenient
lousy,excellent
can,cannot
goodness,evil
absence,presence
weakening,strengthening
brilliant,dull
lengthy,brief
impede,facilitate
comprehensive,limited
diverse,uniform
confusing,clear
peculiar,normal
arm,leg
prefrontal,posterior
virtue,vice
place,displace
exempt,liable
upper,lower
fair,unfair
unsafe,safe
section,whole
unique,common
miss,hit
unworthy,worthy
alive,dead
madness,sanity
indoor,outdoor
inaccessible,accessible
intimate,distant
singular,plural
shrink,expand
vicious,gentle
accessible,inaccessible
bravery,cowardice
bondage,freedom
abandon,adopt
abandon,defend
abandon,occupy
abandon,seek
abandon,advocate
abandon,favor
abandon,prosecute
abandon,support
abandon,assert
abandon,haunt
abandon,protect
abandon,undertake
abandon,cherish
abandon,hold
abandon,pursue
abandon,uphold
abandon,claim
abandon,keep
abandon,retain
abandon,vindicate
abandon,court
abandon,maintain
abase,advance
abase,elevate
abase,honor
abase,raise
abase,aggrandize
abase,exalt
abase,promote
abase,uplift
abase,dignify
abash,animate
abash,cheer
abash,encourage
abash,rally
abash,buoy
abash,embolden
abash,inspirit
abash,uphold
abate,aggravate
abate,enhance
abate,foment
abate,rage
abate,amplify
abate,enlarge
abate,increase
abate,raise
abate,continue
abate,extend
abate,magnify
abate,revive
abate,develop
abet,baffle
abet,deter
abet,dissuade
abet,hinder
abet,confound
abet,disapprove
abet,expose
abet,impede
abet,counteract
abet,disconcert
abet,frustrate
abet,obstruct
abet,denounce
abet,discourage
abhor,admire
abhor,crave
abhor,esteem
abhor,love
abhor,approve
abhor,desire
abhor,like
abhor,relish
abhor,covet
abhor,enjoy
abide,abandon
abide,forfeit
abide,migrate
abide,reject
abide,avoid
abide,forfend
abide,move
abide,resist
abide,depart
abide,journey
abide,proceed
abide,shun
abolish,authorize
abolish,establish
abolish,reinstate
abolish,revive
abolish,cherish
abolish,institute
abolish,renew
abolish,set up
abolish,confirm
abolish,introduce
abolish,repair
abolish,support
abolish,continue
abolish,legalize
abolish,restore
abolish,sustain
abolish,enact
abolish,promote
abomination,affection
abomination,blessing
abomination,enjoyment
abomination,joy
abomination,appreciation
abomination,delight
abomination,esteem
abomination,satisfaction
abomination,approval
abomination,desire
abomination,gratification
abomination,treat
abomination,benefit
absolute,accountable
absolute,constitutional
absolute,gentle
absolute,lowly
absolute,responsible
absolute,complaisant
absolute,contingent
absolute,humble
absolute,meek
absolute,submissive
absolute,compliant
absolute,docile
absolute,lenient
absolute,mild
absolute,yielding
absolute,conditional
absolute,ductile
absolute,limited
absolve,accuse
absolve,charge
absolve,condemn
absolve,impeach
absolve,obligate
absolve,bind
absolve,compel
absolve,convict
absolve,inculpate
absolve,oblige
absorb,cast out
absorb,dissipate
absorb,emit
absorb,put forth
absorb,shoot forth
absorb,disgorge
absorb,distract
absorb,exude
absorb,radiate
absorb,throw off
absorb,disperse
absorb,eject
absorb,give up
absorb,send out
absorb,vomit
abstinence,drunkenness
abstinence,greed
abstinence,reveling
abstinence,sensuality
abstinence,excess
abstinence,intemperance
abstinence,revelry
abstinence,wantonness
abstinence,gluttony
abstinence,intoxication
abstinence,self-indulgence
abstract,add
abstract,complete
abstract,fill up
abstract,restore
abstract,unite
abstract,combine
abstract,conjoin
abstract,increase
abstract,strengthen
abstracted,alert
abstracted,on hand
abstracted,ready
abstracted,wide-awake
abstracted,attentive
abstracted,prompt
abstracted,thoughtful
absurd,certain
absurd,incontrovertible
absurd,rational
absurd,substantial
absurd,consistent
absurd,indisputable
absurd,reasonable
absurd,true
absurd,demonstrable
absurd,indubitable
absurd,sagacious
absurd,undeniable
absurd,demonstrated
absurd,infallible
absurd,sensible
absurd,unquestionable
absurd,established
absurd,logical
absurd,sound
absurd,wise
absurd,incontestable
abuse,applaud
abuse,conserve
abuse,favor
abuse,protect
abuse,sustain
abuse,benefit
abuse,consider
abuse,laud
abuse,regard
abuse,tend
abuse,care for
abuse,eulogize
abuse,panegyrize
abuse,respect
abuse,uphold
abuse,cherish
abuse,extol
abuse,praise
abuse,shield
abuse,vindicate
accessory,adversary
accessory,chief
accessory,foe
accessory,leader
accessory,principal
accessory,antagonist
accessory,commander
accessory,hinderer
accessory,opponent
accessory,rival
accessory,betrayer
accessory,enemy
accessory,instigator
accessory,opposer
accident,appointment
accident,decree
accident,intention
accident,ordainment
accident,preparation
accident,calculation
accident,fate
accident,law
accident,ordinance
accident,provision
accident,certainty
accident,foreordination
accident,necessity
accident,plan
accident,purpose
acquaintance,ignorance
acquaintance,ignoring
acquaintance,inexperience
acquaintance,unfamiliarity
acrimony,amiability
acrimony,gentleness
acrimony,kindness
acrimony,smoothness
acrimony,courtesy
acrimony,good nature
acrimony,mildness
acrimony,sweetness
act,cessation
act,immobility
act,inertia
act,quiet
act,suffering
act,deliberation
act,inaction
act,passion
act,[A]repose
act,suspension
act,endurance
act,inactivity
act,quiescence
act,rest
act,[A] In philosophic sense
active,dull
active,inactive
active,lazy
active,slow
active,heavy
active,indolent
active,quiescent
active,sluggish
active,idle
active,inert
active,quiet
active,stupid
acumen,bluntness
acumen,dulness
acumen,obtuseness
acumen,stupidity
add,abstract
add,diminish
add,lessen
add,remove
add,withdraw
add,deduct
add,dissever
add,reduce
add,subtract
addicted,averse
addicted,disinclined
addicted,indisposed
addicted,unaccustomed
address,avoid
address,elude
address,overlook
address,pass by
address,cut
address,ignore
address,pass
address,shun
address,awkwardness
address,clumsiness
address,ill-breeding
address,stupidity
address,boorishness
address,fatuity
address,ill manners
address,unmannerliness
address,clownishness
address,folly
address,rudeness
address,unwisdom
adequate,disqualified
adequate,inferior
adequate,unequal
adequate,unsatisfactory
adequate,useless
adequate,inadequate
adequate,insufficient
adequate,unfit
adequate,unsuitable
adequate,worthless
adequate,incompetent
adequate,poor
adequate,unqualified
adherent,adversary
adherent,betrayer
adherent,enemy
adherent,opponent
adherent,traitor
adherent,antagonist
adherent,deserter
adherent,hater
adherent,renegade
adhesive,free
adhesive,inadhesive
adhesive,loose
adhesive,separable
adjacent,detached
adjacent,disconnected
adjacent,disjoined
adjacent,distant
adjacent,remote
adjacent,separate
admire,abhor
admire,contemn
admire,detest
admire,execrate
admire,ridicule
admire,abominate
admire,despise
admire,dislike
admire,hate
admire,scorn
adorn,deface
adorn,deform
adorn,disfigure
adorn,mar
adorn,spoil
affront,conciliate
affront,content
affront,gratify
affront,honor
affront,please
agent,chief
agent,inventor
agent,originator
agent,principal
agree,contend
agree,demur
agree,disagree
agree,oppose
agree,contradict
agree,deny
agree,dispute
agree,protest
agree,decline
agree,differ
agree,dissent
agree,refuse
aim,aimlessness
aim,heedlessness
aim,negligence
aim,purposelessness
aim,avoidance
aim,neglect
aim,oversight
aim,thoughtlessness
aim,carelessness
airy,clumsy
airy,heavy
airy,ponderous
airy,sluggish
airy,wooden
airy,dull
airy,inert
airy,slow
airy,stony
alarm,assurance
alarm,calmness
alarm,confidence
alarm,repose
alarm,security
alert,drowsy
alert,dull
alert,heavy
alert,inactive
alert,slow
alert,sluggish
alert,stupid
alien,akin
alien,apropos
alien,germane
alien,proper
alien,appropriate
alien,essential
alien,pertinent
alien,relevant
alien,citizen
alien,fellow-countryman
alien,native-born inhabitant
alien,countryman
alien,native
alien,naturalized person
alike,different
alike,dissimilar
alike,distinct
alike,heterogeneous
alike,unlike
alive,dead
alive,defunct
alive,dull
alive,lifeless
alive,deceased
alive,dispirited
alive,inanimate
alive,spiritless
allay,agitate
allay,excite
allay,kindle
allay,rouse
allay,stir up
allay,arouse
allay,fan
allay,provoke
allay,stir
allegiance,disaffection
allegiance,disloyalty
allegiance,rebellion
allegiance,sedition
allegiance,treason
allegory,chronicle
allegory,fact
allegory,history
allegory,narrative
allegory,record
alleviate,aggravate
alleviate,embitter
alleviate,heighten
alleviate,intensify
alleviate,make worse
alleviate,augment
alleviate,enhance
alleviate,increase
alleviate,magnify
alliance,antagonism
alliance,disunion
alliance,enmity
alliance,schism
alliance,separation
alliance,discord
alliance,divorce
alliance,hostility
alliance,secession
alliance,war
allot,appropriate
allot,deny
allot,resume
allot,seize
allot,confiscate
allot,refuse
allot,retain
allot,withhold
allow,deny
allow,disapprove
allow,protest
allow,reject
allow,withstand
allow,disallow
allow,forbid
allow,refuse
allow,resist
allow,See also synonyms for PROHIBIT
allure,chill
allure,damp
allure,deter
allure,dissuade
allure,drive away
allure,repel
allure,warn
also,but
also,nevertheless
also,on the contrary
also,yet
also,in spite of
also,notwithstanding
also,on the other hand
alternative,compulsion
alternative,necessity
amass,disperse
amass,divide
amass,portion
amass,spend
amass,waste
amass,dissipate
amass,parcel
amass,scatter
amass,squander
amazement,anticipation
amazement,composure
amazement,expectation
amazement,preparation
amazement,steadiness
amazement,calmness
amazement,coolness
amazement,indifference
amazement,self-possession
amazement,stoicism
ambition,carelessness
ambition,contentment
ambition,humility
ambition,indifference
ambition,satisfaction
amend,aggravate
amend,debase
amend,harm
amend,mar
amend,tarnish
amend,blemish
amend,depress
amend,impair
amend,spoil
amend,vitiate
amend,corrupt
amend,deteriorate
amend,injure
amiable,acrimonious
amiable,crusty
amiable,hateful
amiable,ill-tempered
amiable,surly
amiable,churlish
amiable,disagreeable
amiable,ill-conditioned
amiable,morose
amiable,unamiable
amiable,crabbed
amiable,dogged
amiable,ill-humored
amiable,sour
amiable,unlovely
amiable,cruel
amiable,gruff
amiable,ill-natured
amiable,sullen
amid,afar from
amid,away from
amid,beyond
amid,far from
amid,outside
amid,without
amplify,abbreviate
amplify,amputate
amplify,condense
amplify,cut down
amplify,reduce
amplify,summarize
amplify,abridge
amplify,"""boil down"
amplify,"""curtail"
amplify,epitomize
amplify,retrench
amplify,sum up
analogy,disagreement
analogy,disproportion
analogy,dissimilarity
analogy,incongruity
analogy,unlikeness
anger,amiability
anger,leniency
anger,mildness
anger,peacefulness
anger,charity
anger,lenity
anger,patience
anger,self-control
anger,forbearance
anger,long-suffering
anger,peace
anger,self-restraint
anger,gentleness
anger,love
anger,peaceableness
animal,angel
animal,man
animal,mind
animal,soul
animal,substance (material)
animal,inanimate object
animal,matter
animal,mineral
animal,spirit
animal,vegetable
announce,bury
announce,cover (up)
announce,hush
announce,keep secret
announce,suppress
announce,conceal
announce,hide
announce,keep back
announce,secrete
announce,withhold
anticipate,despair of
anticipate,doubt
anticipate,dread
anticipate,fear
anticipate,recall
anticipate,recollect
anticipate,remember
anticipate,distrust
anticipation,astonishment
anticipation,despair
anticipation,dread
anticipation,fear
anticipation,surprise
anticipation,consummation
anticipation,doubt
anticipation,enjoyment
anticipation,realization
anticipation,wonder
antipathy,affinity
antipathy,attraction
antipathy,fellow-feeling
antipathy,kindliness
antipathy,sympathy
antipathy,agreement
antipathy,congeniality
antipathy,harmony
antipathy,regard
antique,fashionable
antique,fresh
antique,modern
antique,modish
antique,new
antique,recent
antique,stylish
anxiety,apathy
anxiety,calmness
anxiety,confidence
anxiety,light-heartedness
anxiety,satisfaction
anxiety,assurance
anxiety,carelessness
anxiety,ease
anxiety,nonchalance
anxiety,tranquillity
apathy,agitation
apathy,disturbance
apathy,feeling
apathy,sensibility
apathy,sympathy
apathy,alarm
apathy,eagerness
apathy,frenzy
apathy,sensitiveness
apathy,turbulence
apathy,anxiety
apathy,emotion
apathy,fury
apathy,storm
apathy,vehemence
apathy,care
apathy,excitement
apathy,passion
apathy,susceptibility
apathy,violence
apathy,distress
apiece,accumulatively
apiece,confusedly
apiece,indiscriminately
apiece,together
apiece,unitedly
apiece,collectively
apiece,_en masse_
apiece,synthetically
apology,accusation
apology,charge
apology,condemnation
apology,injury
apology,offense
apology,censure
apology,complaint
apology,imputation
apology,insult
apology,wrong
apparent,doubtful
apparent,dubious
apparent,improbable
apparent,unimaginable
apparent,unlikely
appear,be
appear,be certain
appear,real
appear,_or_ true
appear,be the fact
appear,exist
appendage,main body
appendage,original
appendage,total
appendage,whole
appetite,antipathy
appetite,disgust
appetite,distaste
appetite,indifference
appetite,repugnance
appetite,aversion
appetite,dislike
appetite,hatred
appetite,loathing
appetite,repulsion
appetite,detestation
appetite,disrelish
appetite,Compare ANTIPATHY
apportion,cling to
apportion,consolidate
apportion,gather together
apportion,receive
apportion,collect
apportion,divide arbitrarily
apportion,keep together
apportion,retain
approximation,difference
approximation,distance
approximation,error
approximation,remoteness
approximation,unlikeness
approximation,variation
arraign,acquit
arraign,discharge
arraign,exonerate
arraign,overlook
arraign,release
arraign,condone
arraign,excuse
arraign,forgive
arraign,pardon
arraign,set free
arrest,discharge
arrest,dismiss
arrest,free
arrest,liberate
arrest,release
arrest,set free
artifice,artlessness
artifice,frankness
artifice,ingenuousness
artifice,openness
artifice,sincerity
artifice,candor
artifice,guilelessness
artifice,innocence
artifice,simplicity
artifice,truth
artifice,fairness
artifice,honesty
ask,claim
ask,deny
ask,enforce
ask,exact
ask,extort
ask,insist
ask,refuse
ask,reject
ask,command
associate,antagonist
associate,foe
associate,hinderer
associate,opponent
associate,opposer
associate,rival
associate,stranger
associate,enemy
association,disintegration
association,independence
association,isolation
association,separation
association,solitude
assurance,bashfulness
assurance,consternation
assurance,distrust
assurance,hesitancy
assurance,shyness
assurance,confusion
assurance,dismay
assurance,doubt
assurance,misgiving
assurance,timidity
astute,blind
astute,idiotic
astute,shallow
astute,stolid
astute,undiscerning
astute,dull
astute,imbecile
astute,short-sighted
astute,stupid
astute,unintelligent
attachment,alienation
attachment,aversion
attachment,distance
attachment,estrangement
attachment,repugnance
attachment,animosity
attachment,coolness
attachment,divorce
attachment,indifference
attachment,separation
attachment,antipathy
attachment,dislike
attachment,enmity
attachment,opposition
attachment,severance
attack,aid
attack,cover
attack,protect
attack,shelter
attack,support
attack,uphold
attack,befriend
attack,defend
attack,resist
attack,shield
attack,sustain
attack,withstand
attack,defense
attack,repulsion
attack,resistance
attack,retreat
attack,submission
attack,surrender
attain,abandon
attain,fail
attain,forfeit
attain,give up
attain,let go
attain,lose
attain,miss
attribute,deny
attribute,disconnect
attribute,dissociate
attribute,separate
attribute,sever
attribute,sunder
attribute,being
attribute,essence
attribute,nature
attribute,substance
augur,assure
augur,demonstrate
augur,establish
augur,make sure
augur,settle
augur,calculate
augur,determine
augur,insure
augur,prove
augur,warrant
authentic,apocryphal
authentic,counterfeit
authentic,exploded
authentic,false
authentic,spurious
authentic,baseless
authentic,disputed
authentic,fabulous
authentic,fictitious
authentic,unauthorized
auxiliary,antagonist
auxiliary,hinderer
auxiliary,opponent
auxiliary,opposer
avaricious,bountiful
avaricious,free
avaricious,generous
avaricious,liberal
avaricious,munificent
avaricious,prodigal
avaricious,wasteful
avow,contradict
avow,deny
avow,disavow
avow,disclaim
avow,disown
avow,ignore
avow,repudiate
awful,base
awful,contemptible
awful,inferior
awful,paltry
awful,beggarly
awful,despicable
awful,lowly
awful,undignified
awful,commonplace
awful,humble
awful,mean
awful,vulgar
awkward,adroit
awkward,clever
awkward,dexterous
awkward,handy
awkward,skilful
axiom,absurdity
axiom,contradiction
axiom,demonstration
axiom,nonsense
axiom,paradox
axiom,sophism
barbarous,civilized
barbarous,cultured
barbarous,elegant
barbarous,humane
barbarous,polite
barbarous,tender
barbarous,courtly
barbarous,delicate
barbarous,graceful
barbarous,nice
barbarous,refined
barbarous,urbane
barrier,admittance
barrier,opening
barrier,road
barrier,transit
barrier,entrance
barrier,passage
barrier,thoroughfare
barrier,way
battle,armistice
battle,concord
battle,peace
battle,suspension of hostilities
battle,truce
beat,fail
beat,fall
beat,get the worst of
beat,go down
beat,go under
beat,surrender
beat,Almost all antonyms in this class are passive
beat,and can be formed
beat,indefinitely from the conquering words by the use of the auxiliary _be_;
beat,as
beat,be beaten
beat,be defeated
beat,be conquered
beat,etc
beautiful,awkward
beautiful,frightful
beautiful,grotesque
beautiful,repulsive
beautiful,uncouth
beautiful,clumsy
beautiful,ghastly
beautiful,hideous
beautiful,shocking
beautiful,ungainly
beautiful,deformed
beautiful,grim
beautiful,horrid
beautiful,ugly
beautiful,unlovely
beautiful,disgusting
beautiful,grisly
beautiful,odious
beautiful,unattractive
beautiful,unpleasant
because,altho
because,however
because,nevertheless
because,notwithstanding
because,yet
because,Compare synonyms for BUT; NOTWITHSTANDING
becoming,awkward
becoming,ill-fitting
becoming,indecent
becoming,unbecoming
becoming,unseemly
becoming,ill-becoming
becoming,improper
becoming,indecorous
becoming,unfit
becoming,unsuitable
beginning,See synonyms for END
benevolence,barbarity
benevolence,greediness
benevolence,ill-will
benevolence,malignity
benevolence,self-seeking
benevolence,brutality
benevolence,harshness
benevolence,inhumanity
benevolence,niggardliness
benevolence,stinginess
benevolence,churlishness
benevolence,illiberality
benevolence,malevolence
benevolence,selfishness
benevolence,unkindness
bind,free
bind,loose
bind,set free
bind,unbind
bind,unfasten
bind,unloose
bind,untie
bitter,dulcet
bitter,honeyed
bitter,luscious
bitter,nectared
bitter,saccharine
bitter,sweet
bleach,blacken
bleach,color
bleach,darken
bleach,dye
bleach,soil
bleach,stain
bluff,bland
bluff,genial
bluff,polished
bluff,polite
bluff,refined
bluff,reserved
bluff,urbane
bluff,courteous
body,intellect
body,intelligence
body,mind
body,soul
body,spirit
both,each
both,either
both,every
both,neither
both,none
both,no one
both,not any
boundary,center
boundary,citadel
boundary,estate
boundary,inside
boundary,interior
boundary,land
boundary,region
boundary,territory
brave,afraid
brave,cringing
brave,fearful
brave,pusillanimous
brave,timid
brave,cowardly
brave,faint-hearted
brave,frightened
brave,shrinking
brave,timorous
break,attach
break,bind
break,fasten
break,join
break,mend
break,secure
break,solder
break,unite
break,weld
brutish,elevated
brutish,exalted
brutish,great
brutish,intellectual
brutish,noble
brutish,enlightened
brutish,grand
brutish,humane
brutish,intelligent
brutish,refined
burn,cool
burn,extinguish
burn,put out
burn,smother
burn,stifle
burn,subdue
call,be silent
call,be still
call,hark
call,hearken
call,hush
call,list
call,listen
calm,agitated
calm,excited
calm,frenzied
calm,passionate
calm,ruffled
calm,violent
calm,boisterous
calm,fierce
calm,furious
calm,raging
calm,stormy
calm,wild
calm,disturbed
calm,frantic
calm,heated
calm,roused
calm,turbulent
calm,wrathful
cancel,approve
cancel,enact
cancel,establish
cancel,perpetuate
cancel,reenact
cancel,uphold
cancel,confirm
cancel,enforce
cancel,maintain
cancel,record
cancel,sustain
cancel,write
candid,adroit
candid,cunning
candid,diplomatic
candid,intriguing
candid,sharp
candid,subtle
candid,artful
candid,deceitful
candid,foxy
candid,knowing
candid,shrewd
candid,tricky
candid,crafty
candid,designing
candid,insincere
candid,maneuvering
candid,sly
candid,wily
care,carelessness
care,inattention
care,negligence
care,oversight
care,remissness
care,disregard
care,indifference
care,omission
care,recklessness
care,slight
care,heedlessness
care,neglect
caress,See synonyms for AFFRONT
carry,drop
carry,fall under
carry,give up
carry,let go
carry,shake off
carry,throw down
carry,throw off
catastrophe,benefit
catastrophe,boon
catastrophe,favor
catastrophe,pleasure
catastrophe,prosperity
catastrophe,blessing
catastrophe,comfort
catastrophe,help
catastrophe,privilege
catastrophe,success
catch,fail of
catch,give up
catch,lose
catch,release
catch,throw aside
catch,fall short of
catch,let go
catch,miss
catch,restore
catch,throw away
cause,consequence
cause,development
cause,end
cause,fruit
cause,outcome
cause,product
cause,creation
cause,effect
cause,event
cause,issue
cause,outgrowth
cause,result
cease,begin
cease,inaugurate
cease,originate
cease,set going
cease,set on foot
cease,commence
cease,initiate
cease,set about
cease,set in operation
cease,start
cease,enter upon
cease,institute
celebrate,contemn
celebrate,dishonor
celebrate,forget
celebrate,neglect
celebrate,profane
celebrate,despise
celebrate,disregard
celebrate,ignore
celebrate,overlook
celebrate,violate
center,bound
center,boundary
center,circumference
center,perimeter
center,rim
chagrin,delight
chagrin,exultation
chagrin,glory
chagrin,rejoicing
chagrin,triumph
change,abide
change,continue
change,hold
change,persist
change,retain
change,bide
change,endure
change,keep
change,remain
change,stay
change,constancy
change,fixedness
change,invariability
change,steadiness
change,continuance
change,fixity
change,permanence
change,unchangeableness
change,firmness
change,identity
change,persistence
change,uniformity
cherish,See synonyms for ABANDON; CHASTEN
choose,cast away
choose,decline
choose,dismiss
choose,refuse
choose,repudiate
choose,cast out
choose,disclaim
choose,leave
choose,reject
choose,throw aside
circumlocution,brevity
circumlocution,compression
circumlocution,condensation
circumlocution,plainness
circumlocution,succinctness
circumlocution,compactness
circumlocution,conciseness
circumlocution,directness
circumlocution,shortness
circumlocution,terseness
cleanse,befoul
cleanse,bespatter
cleanse,debase
cleanse,deprave
cleanse,soil
cleanse,stain
cleanse,taint
cleanse,besmear
cleanse,contaminate
cleanse,defile
cleanse,pollute
cleanse,spoil
cleanse,sully
cleanse,vitiate
cleanse,besmirch
cleanse,corrupt
clear,ambiguous
clear,dim
clear,foggy
clear,mysterious
clear,opaque
clear,unintelligible
clear,cloudy
clear,dubious
clear,indistinct
clear,obscure
clear,turbid
clear,vague
clever,awkward
clever,clumsy
clever,foolish
clever,ignorant
clever,slow
clever,thick-headed
clever,bungling
clever,dull
clever,idiotic
clever,senseless
clever,stupid
clever,witless
collision,agreement
collision,coincidence
collision,concord
collision,conformity
collision,unison
collision,amity
collision,concert
collision,concurrence
collision,harmony
collision,unity
comfortable,cheerless
comfortable,discontented
comfortable,distressed
comfortable,forlorn
comfortable,uncomfortable
comfortable,disagreeable
comfortable,dissatisfied
comfortable,dreary
comfortable,miserable
comfortable,wretched
company,dispersion
company,loneliness
company,privacy
company,retirement
company,seclusion
company,solitude
compel,See synonyms for HINDER
complain,applaud
complain,approve
complain,commend
complain,eulogize
complain,laud
complain,praise
complex,clear
complex,homogeneous
complex,plain
complex,uncombined
complex,uniform
complex,direct
complex,obvious
complex,simple
complex,uncompounded
complex,unraveled
condemn,absolve
condemn,applaud
condemn,exonerate
condemn,pardon
condemn,acquit
condemn,approve
condemn,justify
condemn,praise
confess,cloak
confess,deny
confess,disown
confess,hide
confess,screen
confess,conceal
confess,disavow
confess,dissemble
confess,mask
confess,secrete
confess,cover
confess,disguise
confess,dissimulate
confess,repudiate
confess,veil
confirm,abrogate
confirm,cancel
confirm,overthrow
confirm,shatter
confirm,upset
confirm,annul
confirm,destroy
confirm,shake
confirm,unsettle
confirm,weaken
congratulate,condole with
congratulate,console
conquer,capitulate
conquer,fail
conquer,fly
conquer,lose
conquer,retire
conquer,submit
conquer,surrender
conquer,cede
conquer,fall
conquer,forfeit
conquer,resign
conquer,retreat
conquer,succumb
conquer,yield
conscious,cold
conscious,dead
conscious,deaf
conscious,ignorant
conscious,insensible
conscious,unaware
conscious,unconscious
console,annoy
console,distress
console,disturb
console,grieve
console,hurt
console,sadden
console,trouble
console,wound
convey,cling to
convey,hold
convey,keep
convey,possess
convey,preserve
convey,retain
convoke,adjourn
convoke,disband
convoke,dismiss
convoke,dissolve
convoke,scatter
convoke,break up
convoke,discharge
convoke,disperse
convoke,prorogue
convoke,separate
criminal,innocent
criminal,lawful
criminal,meritorious
criminal,right
criminal,just
criminal,legal
criminal,moral
criminal,virtuous
daily,nightly
daily,nocturnal
danger,defense
danger,immunity
danger,protection
danger,safeguard
danger,safety
danger,security
danger,shelter
dark,bright
dark,crystalline
dark,glowing
dark,lucid
dark,shining
dark,brilliant
dark,dazzling
dark,illumined
dark,luminous
dark,transparent
dark,clear
dark,gleaming
dark,light
dark,radiant
dark,white
dark,Compare synonyms for LIGHT
deception,candor
deception,frankness
deception,honesty
deception,simplicity
deception,truth
deception,fair dealing
deception,guilelessness
deception,openness
deception,sincerity
deception,veracity
defense,abandonment
defense,betrayal
defense,capitulation
defense,desertion
defense,flight
defense,surrender
defile,clean
defile,cleanse
defile,disinfect
defile,hallow
defile,purify
defile,sanctify
defile,wash
delicious,acrid
delicious,loathsome
delicious,nauseous
delicious,repulsive
delicious,unpalatable
delicious,unsavory
delicious,bitter
delightful,depressing
delightful,hateful
delightful,miserable
delightful,painful
delightful,woful
delightful,disappointing
delightful,horrible
delightful,mournful
delightful,saddening
delightful,wretched
delightful,distressing
delightful,melancholy
delusion,actuality
delusion,certainty
delusion,fact
delusion,reality
delusion,truth
delusion,verity
demolish,build
demolish,construct
demolish,create
demolish,make
demolish,repair
demolish,restore
desire,See synonyms for ANTIPATHY
despair,anticipation
despair,confidence
despair,encouragement
despair,expectation
despair,hopefulness
despair,assurance
despair,courage
despair,expectancy
despair,hope
despair,trust
despair,cheer
despair,elation
die,be born
die,come into being
die,flourish
die,rise again
die,begin
die,come to life
die,grow
die,rise from the dead
die,be immortal
die,exist
die,live
die,survive
difference,agreement
difference,harmony
difference,likeness
difference,sameness
difference,uniformity
difference,consonance
difference,identity
difference,resemblance
difference,similarity
difference,unity
difficult,easy
difficult,facile
difficult,light
difficult,pleasant
difficult,slight
difficult,trifling
difficult,trivial
discover,See synonyms for HIDE
disease,health
disease,robustness
disease,soundness
disease,strength
disease,sturdiness
disease,vigor
disparage,See synonyms for PRAISE
displace,adjust
displace,assort
displace,dispose
displace,order
displace,put in order
displace,set in order
displace,array
displace,classify
displace,group
displace,place
displace,put in place
displace,sort
do,baffle
do,defeat
do,fail
do,mar
do,miss
do,ruin
do,come short
do,destroy
do,frustrate
do,miscarry
do,neglect
do,spoil
docile,determined
docile,inflexible
docile,opinionated
docile,self-willed
docile,wilful
docile,dogged
docile,intractable
docile,resolute
docile,stubborn
docile,unyielding
docile,firm
docile,obstinate
doubt,believe
doubt,depend on
doubt,depend upon
doubt,rely on
doubt,rely upon
doubt,trust
doubt,confide in
doubt,assurance
doubt,certainty
doubt,conviction
doubt,determination
doubt,resolution
doubt,belief
doubt,confidence
doubt,decision
doubt,persuasion
doubt,resolve
draw,alienate
draw,estrange
draw,rebuff
draw,reject
draw,repel
draw,repulse
draw,See synonyms for DRIVE
dream,certainty
dream,fact
dream,reality
dream,realization
dream,substance
dream,verity
dress,bareness
dress,dishabille
dress,exposure
dress,nakedness
dress,nudity
dress,undress
dress,disarray
drive,See synonyms for DRAW
duplicate,archetype
duplicate,model
duplicate,original
duplicate,pattern
duplicate,prototype
eager,apathetic
eager,cool
eager,indifferent
eager,regardless
eager,unconcerned
eager,calm
eager,dispassionate
eager,negligent
eager,stolid
eager,uninterested
eager,careless
eager,frigid
eager,phlegmatic
eager,stony
eager,unmindful
eager,cold
eager,heedless
eager,purposeless
eager,stupid
eager,unmoved
ease,annoyance
ease,difficulty
ease,irritation
ease,trouble
ease,vexation
ease,awkwardness
ease,discomfort
ease,perplexity
ease,uneasiness
ease,worry
ease,constraint
ease,disquiet
education,ignorance
education,illiteracy
education,Compare synonyms for IGNORANT
effrontery,bashfulness
effrontery,diffidence
effrontery,sensitiveness
effrontery,shyness
effrontery,coyness
effrontery,modesty
effrontery,shrinking
effrontery,timidity
egotism,bashfulness
egotism,humility
egotism,self-forgetfulness
egotism,unobtrusiveness
egotism,deference
egotism,modesty
egotism,shyness
egotism,unostentatiousness
egotism,diffidence
egotism,self-distrust
end,See synonyms for BEGIN
end,See synonyms for BEGINNING
endeavor,abandon
endeavor,give up
endeavor,omit
endeavor,throw away
endeavor,dismiss
endeavor,let go
endeavor,overlook
endeavor,throw over
endeavor,drop
endeavor,neglect
endeavor,pass by
endeavor,throw up
endure,break
endure,despair
endure,fail
endure,fall
endure,give out
endure,sink
endure,surrender
endure,break down
endure,droop
endure,faint
endure,falter
endure,give up
endure,succumb
endure,yield
enemy,abettor
enemy,accessory
enemy,accomplice
enemy,ally
enemy,friend
enemy,helper
enemy,supporter
enmity,agreement
enmity,amity
enmity,friendship
enmity,kindliness
enmity,regard
enmity,alliance
enmity,concord
enmity,harmony
enmity,kindness
enmity,sympathy
entertain,annoy
entertain,bore
entertain,busy
entertain,disquiet
entertain,distract
entertain,disturb
entertain,tire
entertain,weary
entertainment,ennui
entertainment,fatigue
entertainment,labor
entertainment,lassitude
entertainment,toil
entertainment,weariness
entertainment,work
enthusiasm,calculation
enthusiasm,caution
enthusiasm,deadness
enthusiasm,indifference
enthusiasm,policy
enthusiasm,timidity
enthusiasm,calmness
enthusiasm,coldness
enthusiasm,dulness
enthusiasm,lukewarmness
enthusiasm,prudence
enthusiasm,wariness
entrance,departure
entrance,ejection
entrance,exit
entrance,refusal
entrance,withdrawal
entrance,egress
entrance,exclusion
entrance,expulsion
entrance,rejection
envious,contented
envious,friendly
envious,kindly
envious,satisfied
envious,trustful
envious,well-disposed
equivocal,certain
equivocal,evident
equivocal,lucid
equivocal,perspicuous
equivocal,unequivocal
equivocal,clear
equivocal,indisputable
equivocal,manifest
equivocal,plain
equivocal,unquestionable
equivocal,distinct
equivocal,indubitable
equivocal,obvious
equivocal,unambiguous
equivocal,unquestioned
esteem,abhorrence
esteem,aversion
esteem,dislike
esteem,loathing
esteem,antipathy
esteem,contempt
esteem,hatred
esteem,repugnance
evident,concealed
evident,impalpable
evident,latent
evident,secret
evident,unknown
evident,covert
evident,impenetrable
evident,obscure
evident,undiscovered
evident,unseen
evident,dark
evident,imperceptible
evident,occult
evident,unimagined
evident,unthought-of
evident,hidden
evident,invisible
excess,dearth
excess,destitution
excess,frugality
excess,lack
excess,scantiness
excess,defect
excess,economy
excess,inadequacy
excess,need
excess,shortcoming
excess,deficiency
excess,failure
excess,insufficiency
excess,poverty
excess,want
exercise,idleness
exercise,inaction
exercise,inactivity
exercise,relaxation
exercise,rest
expense,gain
expense,proceeds
expense,profit
expense,receipt
expense,return
expense,income
expense,product
expense,profits
expense,receipts
expense,returns
explicit,ambiguous
explicit,implicit
explicit,indefinite
explicit,uncertain
explicit,doubtful
explicit,implied
explicit,indeterminate
explicit,vague
extemporaneous,elaborated
extemporaneous,premeditated
extemporaneous,prepared
extemporaneous,read
extemporaneous,recited
extemporaneous,studied
extemporaneous,written
exterminate,augment
exterminate,build up
exterminate,develop
exterminate,increase
exterminate,populate
exterminate,replenish
exterminate,beget
exterminate,cherish
exterminate,foster
exterminate,plant
exterminate,propagate
exterminate,settle
exterminate,breed
exterminate,colonize
faint,bright
faint,clear
faint,daring
faint,fresh
faint,resolute
faint,sturdy
faint,brilliant
faint,conspicuous
faint,energetic
faint,hearty
faint,strong
faint,vigorous
faith,denial
faith,dissent
faith,doubt
faith,infidelity
faith,rejection
faith,suspicion
faith,disbelief
faith,distrust
faith,incredulity
faith,misgiving
faith,skepticism
faith,unbelief
faithful,capricious
faithful,false
faithful,unfaithful
faithful,untrustworthy
faithful,faithless
faithful,fickle
faithful,untrue
faithful,wavering
fame,contempt
fame,discredit
fame,dishonor
fame,humiliation
fame,infamy
fame,obscurity
fame,contumely
fame,disgrace
fame,disrepute
fame,ignominy
fame,oblivion
fame,shame
fanaticism,cynicism
fanaticism,free-thinking
fanaticism,indifference
fanaticism,latitudinarianism
fanciful,accurate
fanciful,commonplace
fanciful,prosaic
fanciful,regular
fanciful,sound
fanciful,calculable
fanciful,literal
fanciful,real
fanciful,sensible
fanciful,sure
fanciful,calculated
fanciful,ordinary
fanciful,reasonable
fanciful,solid
fanciful,true
fancy,actuality
fancy,certainty
fancy,fact
fancy,reality
fancy,truth
fancy,verity
fear,See synonyms for FORTITUDE
feminine,See synonyms for MASCULINE
fiction,certainty
fiction,fact
fiction,history
fiction,literalness
fiction,reality
fiction,truth
fiction,verity
fierce,affectionate
fierce,gentle
fierce,kind
fierce,patient
fierce,submissive
fierce,tame
fierce,docile
fierce,harmless
fierce,mild
fierce,peaceful
fierce,sweet
fierce,tender
fine,big
fine,clumsy
fine,great
fine,huge
fine,large
fine,stout
fine,blunt
fine,coarse
fine,heavy
fine,immense
fine,rude
fine,thick
fluctuate,abide
fluctuate,adhere
fluctuate,hold fast
fluctuate,persist
fluctuate,stand fast
fluctuate,stay
fluctuate,stick
formidable,contemptible
formidable,feeble
formidable,harmless
formidable,helpless
formidable,powerless
formidable,weak
formidable,despicable
fortunate,broken
fortunate,fallen
fortunate,miserable
fortunate,unhappy
fortunate,woful
fortunate,crushed
fortunate,ill-starred
fortunate,unfortunate
fortunate,unlucky
fortunate,wretched
fraud,fairness
fraud,good faith
fraud,honesty
fraud,integrity
fraud,truth
fraud,uprightness
friendly,adverse
friendly,belligerent
friendly,distant
friendly,ill-disposed
friendly,unfriendly
friendly,alienated
friendly,cold
friendly,estranged
friendly,indifferent
friendly,unkind
friendly,antagonistic
friendly,contentious
friendly,frigid
friendly,inimical
friendly,warlike
friendly,bellicose
friendly,disaffected
friendly,hostile
friendship,See synonyms for BATTLE; ENMITY; FEUD; HATRED
frugality,abundance
frugality,bounty
frugality,liberality
frugality,opulence
frugality,waste
frugality,affluence
frugality,extravagance
frugality,luxury
frugality,riches
frugality,wealth
garrulous,laconic
garrulous,reserved
garrulous,reticent
garrulous,silent
garrulous,speechless
garrulous,taciturn
general,exceptional
general,infrequent
general,rare
general,singular
general,uncommon
general,unknown
general,unusual
generous,avaricious
generous,greedy
generous,mean
generous,niggardly
generous,penurious
generous,rapacious
generous,close
generous,ignoble
generous,miserly
generous,parsimonious
generous,petty
generous,stingy
generous,covetous
generous,illiberal
genius,dulness
genius,folly
genius,imbecility
genius,obtuseness
genius,senselessness
genius,stupidity
get,See synonyms for ABANDON
gift,compensation
gift,earnings
gift,guerdon
gift,penalty
gift,remuneration
gift,wages
govern,be in subjection
govern,be subject
govern,comply
govern,obey
govern,submit
govern,yield
graceful,See synonyms for AWKWARD
grief,See synonyms for HAPPINESS
happiness,See synonyms for GRIEF
happy,Compare synonyms for GRIEF
harmony,antagonism
harmony,contest
harmony,discord
harmony,hostility
harmony,schism
harmony,battle
harmony,controversy
harmony,disproportion
harmony,incongruity
harmony,separation
harmony,conflict
harmony,difference
harmony,dissension
harmony,inconsistency
harmony,variance
harmony,contention
harmony,disagreement
harmony,disunion
harmony,opposition
harmony,warfare
hatred,See synonyms for FRIENDSHIP; LOVE
hazard,assurance
hazard,necessity
hazard,protection
hazard,safety
hazard,surety
hazard,certainty
hazard,plan
hazard,safeguard
hazard,security
healthy,delicate
healthy,failing
healthy,ill
healthy,unsound
healthy,worn
healthy,diseased
healthy,fainting
healthy,sick
healthy,wasted
healthy,worn down
healthy,emaciated
healthy,fragile
healthy,unhealthy
healthy,weak
healthy,worn out
healthy,exhausted
healthy,frail
help,counteract
help,discourage
help,oppose
help,resist
help,thwart
help,withstand
heterogeneous,alike
heterogeneous,homogeneous
heterogeneous,identical
heterogeneous,like
heterogeneous,pure
heterogeneous,same
heterogeneous,similar
heterogeneous,uniform
hide,admit
hide,disclose
hide,exhume
hide,manifest
hide,show
hide,advertise
hide,discover
hide,expose
hide,promulgate
hide,tell
hide,avow
hide,disinter
hide,lay bare
hide,publish
hide,uncover
hide,betray
hide,divulge
hide,lay open
hide,raise
hide,unmask
hide,confess
hide,exhibit
hide,make known
hide,reveal
hide,unveil
high,base
high,degraded
high,dwarfed
high,inferior
high,low
high,mean
high,short
high,stunted
high,deep
high,depressed
hinder,See synonyms for QUICKEN
history,See synonyms for FICTION
holy,abominable
holy,cursed
holy,polluted
holy,unconsecrated
holy,unholy
holy,wicked
holy,common
holy,impure
holy,secular
holy,unhallowed
holy,unsanctified
holy,worldly
honest,deceitful
honest,faithless
honest,hypocritical
honest,perfidious
honest,unfaithful
honest,dishonest
honest,false
honest,lying
honest,traitorous
honest,unscrupulous
honest,disingenuous
honest,fraudulent
honest,mendacious
honest,treacherous
honest,untrue
horizontal,broken
horizontal,inclined
horizontal,rolling
horizontal,rugged
horizontal,sloping
horizontal,hilly
horizontal,irregular
horizontal,rough
horizontal,slanting
horizontal,uneven
humane,See synonyms for BARBAROUS
hypocrisy,candor
hypocrisy,genuineness
hypocrisy,ingenuousness
hypocrisy,sincerity
hypocrisy,truth
hypocrisy,frankness
hypocrisy,honesty
hypocrisy,openness
hypocrisy,transparency
hypocrisy,truthfulness
hypocrite,The antonyms of _hypocrite_ are to be found only in phrases embodying
hypocrite,the adjectives candid
hypocrite,honest
hypocrite,ingenuous
hypocrite,sincere
hypocrite,true
hypocrite,etc
hypothesis,certainty
hypothesis,demonstration
hypothesis,discovery
hypothesis,evidence
hypothesis,fact
hypothesis,proof
idea,actuality
idea,fact
idea,reality
idea,substance
ideal,accomplishment
ideal,action
ideal,doing
ideal,fact
ideal,practise
ideal,achievement
ideal,attainment
ideal,embodiment
ideal,incarnation
ideal,reality
ideal,act
ideal,development
ideal,execution
ideal,performance
ideal,realization
idiocy,acuteness
idiocy,brilliancy
idiocy,common sense
idiocy,sagacity
idiocy,soundness
idiocy,astuteness
idiocy,capacity
idiocy,intelligence
idiocy,sense
idiocy,wisdom
idle,active
idle,busy
idle,diligent
idle,employed
idle,industrious
idle,occupied
idle,working
ignorant,educated
ignorant,learned
ignorant,sage
ignorant,skilled
ignorant,trained
ignorant,well-informed
ignorant,wise
ignorant,instructed
immediately,after a while
immediately,by and by
immediately,hereafter
immediately,in the future
immediately,some time
imminent,chimerical
imminent,doubtful
imminent,problematical
imminent,unexpected
imminent,unlikely
imminent,contingent
imminent,improbable
impediment,advantage
impediment,aid
impediment,assistance
impediment,benefit
impediment,help
impediment,relief
impediment,succor
impudence,bashfulness
impudence,diffidence
impudence,lowliness
impudence,modesty
impudence,coyness
impudence,humility
impudence,meekness
impudence,submissiveness
incongruous,accordant
incongruous,agreeing
incongruous,compatible
incongruous,consistent
incongruous,harmonious
incongruous,suitable
industrious,See synonyms for IDLE
industry,changeableness
industry,idleness
industry,inconstancy
industry,neglect
industry,remissness
industry,fickleness
industry,inattention
industry,indolence
industry,negligence
industry,sloth
infinite,bounded
infinite,finite
infinite,measurable
infinite,restricted
infinite,small
infinite,brief
infinite,limited
infinite,moderate
infinite,shallow
infinite,transient
infinite,circumscribed
infinite,little
infinite,narrow
infinite,short
infinite,transitory
infinite,evanescent
influence,deter
influence,dissuade
influence,impede
influence,prevent
influence,restrain
influence,retard
influence,discourage
influence,hinder
influence,inhibit
inherent,accidental
inherent,extrinsic
inherent,outward
inherent,superficial
inherent,supplemental
inherent,casual
inherent,fortuitous
inherent,subsidiary
inherent,superfluous
inherent,transient
inherent,external
inherent,incidental
inherent,superadded
inherent,superimposed
inherent,unconnected
injury,advantage
injury,benefit
injury,boon
injury,improvement
injury,service
injury,amelioration
injury,blessing
injury,help
injury,remedy
injury,utility
injustice,equity
injustice,faithfulness
injustice,impartiality
injustice,lawfulness
injustice,righteousness
injustice,fairness
injustice,honesty
injustice,integrity
injustice,rectitude
injustice,uprightness
injustice,fair play
injustice,honor
injustice,justice
injustice,right
innocent,Compare synonyms for CRIMINAL
inquisitive,apathetic
inquisitive,heedless
inquisitive,indifferent
inquisitive,unconcerned
inquisitive,uninterested
inquisitive,careless
inquisitive,inattentive
insanity,clearness
insanity,good sense
insanity,lucidity
insanity,rationality
insanity,sanity
interpose,avoid
interpose,keep aloof
interpose,keep out
interpose,retire
interpose,stand back
interpose,hold aloof
interpose,keep away
interpose,let alone
interpose,stand aside
interpose,stand off
interpose,hold off
interpose,keep clear
interpose,let be
interpose,stand away
interpose,withdraw
involve,disconnect
involve,distinguish
involve,explicate
involve,extricate
involve,remove
involve,separate
involve,disentangle
justice,dishonesty
justice,inequity
justice,partiality
justice,unlawfulness
justice,untruth
justice,favoritism
justice,injustice
justice,unfairness
justice,unreasonableness
justice,wrong
knowledge,ignorance
knowledge,inexperience
knowledge,misconception
knowledge,rudeness
knowledge,illiteracy
knowledge,misapprehension
knowledge,misunderstanding
knowledge,unfamiliarity
large,brief
large,limited
large,minute
large,scanty
large,small
large,diminutive
large,little
large,narrow
large,short
large,tiny
large,inconsiderable
large,mean
large,paltry
large,slender
large,trifling
large,infinitesimal
large,microscopic
large,petty
large,slight
large,trivial
large,insignificant
liberty,captivity
liberty,imprisonment
liberty,oppression
liberty,slavery
liberty,compulsion
liberty,necessity
liberty,serfdom
liberty,superstition
liberty,constraint
liberty,obligation
liberty,servitude
liberty,thraldom
light,blackness
light,darkness
light,dusk
light,gloominess
light,shade
light,dark
light,dimness
light,gloom
light,obscurity
light,shadow
likely,doubtful
likely,improbable
likely,questionable
likely,unreasonable
likely,dubious
likely,incredible
likely,unlikely
listen,be deaf to
listen,ignore
listen,neglect
listen,scorn
listen,slight
love,See synonyms for ANTIPATHY; ENMITY; HATRED
make,See synonyms for ABOLISH; BREAK; DEMOLISH
marriage,bachelorhood
marriage,celibacy
marriage,divorce
marriage,maidenhood
marriage,virginity
marriage,widowhood
masculine,See synonyms for FEMININE
meddlesome,modest
meddlesome,reserved
meddlesome,retiring
meddlesome,shy
meddlesome,unassuming
meddlesome,unobtrusive
memory,forgetfulness
memory,oblivion
memory,obliviousness
memory,oversight
memory,unconsciousness
mercy,cruelty
mercy,implacability
mercy,punishment
mercy,rigor
mercy,sternness
mercy,hardness
mercy,justice
mercy,revenge
mercy,severity
mercy,vengeance
mercy,harshness
mercy,penalty
mind,body
mind,brawn
mind,brute force
mind,material substance
mind,matter
minute,See synonyms for LARGE
misfortune,blessing
misfortune,consolation
misfortune,gratification
misfortune,pleasure
misfortune,success
misfortune,boon
misfortune,good fortune
misfortune,happiness
misfortune,prosperity
misfortune,triumph
misfortune,comfort
misfortune,good luck
misfortune,joy
misfortune,relief
modesty,abandon
modesty,confidence
modesty,haughtiness
modesty,pertness
modesty,arrogance
modesty,egotism
modesty,impudence
modesty,sauciness
modesty,assumption
modesty,forwardness
modesty,indiscretion
modesty,self-conceit
modesty,assurance
modesty,frankness
modesty,loquaciousness
modesty,self-sufficiency
modesty,boldness
modesty,freedom
modesty,loquacity
modesty,sociability
modesty,conceit
morose,amiable
morose,complaisant
morose,gentle
morose,kind
morose,pleasant
morose,benignant
morose,friendly
morose,good-natured
morose,loving
morose,sympathetic
morose,bland
morose,genial
morose,indulgent
morose,mild
morose,tender
motion,immobility
motion,quiescence
motion,quiet
motion,repose
motion,rest
motion,stillness
mourn,be joyful
mourn,exult
mourn,joy
mourn,make merry
mourn,rejoice
mourn,triumph
mutual,detached
mutual,distinct
mutual,separated
mutual,unconnected
mutual,unrequited
mutual,disconnected
mutual,disunited
mutual,severed
mutual,unreciprocated
mutual,unshared
mutual,dissociated
mutual,separate
mutual,sundered
mysterious,See synonyms for CLEAR
native,acquired
native,alien
native,artificial
native,assumed
native,foreign
native,unnatural
neat,dirty
neat,negligent
neat,slouchy
neat,uncared for
neat,disorderly
neat,rough
neat,slovenly
neat,unkempt
neat,dowdy
neat,rude
neat,soiled
neat,untidy
necessary,casual
necessary,needless
necessary,optional
necessary,useless
necessary,contingent
necessary,non-essential
necessary,unnecessary
necessary,worthless
necessity,choice
necessity,doubt
necessity,dubiousness
necessity,freedom
necessity,possibility
necessity,contingency
necessity,doubtfulness
necessity,fortuity
necessity,option
necessity,uncertainty
neglect,See synonyms for CARE
new,See synonyms for OLD
nimble,clumsy
nimble,dull
nimble,heavy
nimble,inactive
nimble,inert
nimble,slow
nimble,sluggish
nimble,unready
nimble,dilatory
normal,abnormal
normal,irregular
normal,peculiar
normal,singular
normal,unprecedented
normal,exceptional
normal,monstrous
normal,rare
normal,uncommon
normal,unusual
oath,benediction
oath,benison
oath,blessing
obscure,See synonyms for CLEAR
obsolete,See synonyms for NEW
obstinate,amenable
obstinate,dutiful
obstinate,pliable
obstinate,tractable
obstinate,complaisant
obstinate,gentle
obstinate,pliant
obstinate,undecided
obstinate,compliant
obstinate,irresolute
obstinate,submissive
obstinate,wavering
obstinate,docile
obstinate,obedient
obstinate,teachable
obstinate,yielding
obstruct,accelerate
obstruct,aid
obstruct,facilitate
obstruct,free
obstruct,open
obstruct,promote
obstruct,advance
obstruct,clear
obstruct,forward
obstruct,further
obstruct,pave the way for
old,Compare synonyms for NEW; YOUTHFUL
operation,failure
operation,ineffectiveness
operation,inutility
operation,powerlessness
operation,uselessness
operation,inaction
operation,inefficiency
order,allowance
order,consent
order,leave
order,liberty
order,license
order,permission
order,permit
ostentation,diffidence
ostentation,quietness
ostentation,retirement
ostentation,timidity
ostentation,modesty
ostentation,reserve
ostentation,shrinking
ostentation,unobtrusiveness
pain,comfort
pain,delight
pain,ease
pain,enjoyment
pain,peace
pain,rapture
pain,relief
pain,solace
pardon,castigate
pardon,chastise
pardon,convict
pardon,doom
pardon,recompense
pardon,sentence
pardon,chasten
pardon,condemn
pardon,correct
pardon,punish
pardon,scourge
pardon,visit
pardon,penalty
pardon,punishment
pardon,retaliation
pardon,retribution
pardon,vengeance
particle,aggregate
particle,entirety
particle,mass
particle,quantity
particle,sum
particle,sum total
particle,total
particle,whole
patience,See synonyms for ANGER
perceive,fail of
perceive,ignore
perceive,lose
perceive,misapprehend
perceive,misconceive
perceive,miss
perceive,overlook
perfect,bad
perfect,defective
perfect,imperfect
perfect,meager
perfect,scant
perfect,blemished
perfect,deficient
perfect,incomplete
perfect,perverted
perfect,short
perfect,corrupt
perfect,deformed
perfect,inferior
perfect,poor
perfect,spoiled
perfect,corrupted
perfect,fallible
perfect,insufficient
perfect,ruined
perfect,worthless
perfect,defaced
perfect,faulty
perfect,marred
permanent,See synonyms for TRANSIENT
permission,denial
permission,objection
permission,prevention
permission,refusal
permission,resistance
permission,hindrance
permission,opposition
permission,prohibition
pernicious,advantageous
pernicious,favorable
pernicious,helpful
pernicious,profitable
pernicious,serviceable
pernicious,beneficent
pernicious,good
pernicious,invigorating
pernicious,rejuvenating
pernicious,useful
pernicious,beneficial
pernicious,healthful
pernicious,life-giving
pernicious,salutary
pernicious,wholesome
persuade,deter
persuade,discourage
persuade,dissuade
persuade,hinder
persuade,hold back
persuade,repel
persuade,restrain
pertness,bashfulness
pertness,demureness
pertness,diffidence
pertness,humility
pertness,modesty
pertness,shyness
perverse,accommodating
perverse,complaisant
perverse,genial
perverse,kind
perverse,amenable
perverse,compliant
perverse,governable
perverse,obliging
physical,hyperphysical
physical,intangible
physical,invisible
physical,moral
physical,unreal
physical,immaterial
physical,intellectual
physical,mental
physical,spiritual
physical,unsubstantial
pique,approval
pique,contentment
pique,gratification
pique,pleasure
pique,satisfaction
pique,complacency
pique,delight
pitiful,august
pitiful,dignified
pitiful,grand
pitiful,lofty
pitiful,sublime
pitiful,beneficent
pitiful,exalted
pitiful,great
pitiful,mighty
pitiful,superb
pitiful,commanding
pitiful,glorious
pitiful,helpful
pitiful,noble
pitiful,superior
pity,barbarity
pity,ferocity
pity,harshness
pity,pitilessness
pity,severity
pity,brutality
pity,hard-heartedness
pity,inhumanity
pity,rigor
pity,sternness
pity,cruelty
pity,hardness
pity,mercilessness
pity,ruthlessness
pity,truculence
plant,eradicate
plant,extirpate
plant,root up
plant,uproot
plant,weed out
pleasant,arrogant
pleasant,displeasing
pleasant,glum
pleasant,ill-humored
pleasant,repelling
pleasant,austere
pleasant,dreary
pleasant,grim
pleasant,ill-natured
pleasant,repulsive
pleasant,crabbed
pleasant,forbidding
pleasant,harsh
pleasant,offensive
pleasant,unkind
pleasant,disagreeable
pleasant,gloomy
pleasant,hateful
pleasant,repellent
pleasant,unpleasant
plentiful,deficient
plentiful,inadequate
plentiful,narrow
plentiful,scanty
plentiful,small
plentiful,drained
plentiful,insufficient
plentiful,niggardly
plentiful,scarce
plentiful,sparing
plentiful,exhausted
plentiful,mean
plentiful,poor
plentiful,scrimped
plentiful,stingy
plentiful,impoverished
plentiful,miserly
plentiful,scant
plentiful,short
plentiful,straitened
poetry,prosaic speech
poetry,prosaic writing
poetry,prose
polite,awkward
polite,clownish
polite,ill-mannered
polite,insulting
polite,uncouth
polite,bluff
polite,coarse
polite,impertinent
polite,raw
polite,unmannerly
polite,blunt
polite,discourteous
polite,impolite
polite,rude
polite,unpolished
polite,boorish
polite,ill-behaved
polite,impudent
polite,rustic
polite,untaught
polite,brusk
polite,ill-bred
polite,insolent
polite,uncivil
polite,untutored
power,awkwardness
power,helplessness
power,inability
power,incompetence
power,stupidity
power,dulness
power,imbecility
power,inaptitude
power,inefficiency
power,unskilfulness
power,feebleness
power,impotence
power,incapacity
power,maladroitness
power,weakness
praise,abuse
praise,contempt
praise,hissing
praise,repudiation
praise,animadversion
praise,denunciation
praise,ignominy
praise,scorn
praise,blame
praise,disapprobation
praise,obloquy
praise,slander
praise,censure
praise,disapproval
praise,reproach
praise,vilification
praise,condemnation
praise,disparagement
praise,reproof
praise,vituperation
precarious,actual
precarious,immutable
precarious,real
precarious,steady
precarious,undeniable
precarious,assured
precarious,incontestable
precarious,settled
precarious,strong
precarious,undoubted
precarious,certain
precarious,infallible
precarious,stable
precarious,sure
precarious,unquestionable
precarious,firm
predestination,accident
predestination,choice
predestination,freedom
predestination,independence
predestination,chance
predestination,free agency
predestination,free will
predestination,uncertainty
prejudice,certainty
prejudice,conviction
prejudice,evidence
prejudice,reason
prejudice,conclusion
prejudice,demonstration
prejudice,proof
prejudice,reasoning
pretense,actuality
pretense,frankness
pretense,ingenuousness
pretense,reality
pretense,sincerity
pretense,candor
pretense,guilelessness
pretense,openness
pretense,simplicity
pretense,truth
pretense,fact
pretense,honesty
previous,after
previous,consequent
previous,hind
previous,hindmost
previous,latter
previous,subsequent
previous,concluding
previous,following
previous,hinder
previous,later
previous,posterior
previous,succeeding
pride,humility
pride,meekness
pride,modesty
pride,self-abasement
pride,self-distrust
pride,lowliness
primeval,adventitious
primeval,foreign
primeval,late
primeval,new
primeval,recent
primeval,exotic
primeval,fresh
primeval,modern
primeval,novel
primeval,Compare synonyms for NEW
profit,damage
profit,detriment
profit,harm
profit,injury
profit,ruin
profit,destruction
profit,disadvantage
profit,hurt
profit,loss
profit,waste
progress,check
progress,delay
progress,falling off
progress,retrogression
progress,stop
progress,decline
progress,falling back
progress,relapse
progress,stay
progress,stoppage
prohibit,allow
prohibit,empower
prohibit,let
prohibit,require
prohibit,authorize
prohibit,enjoin
prohibit,license
prohibit,sanction
prohibit,command
prohibit,give consent
prohibit,order
prohibit,suffer
prohibit,consent to
prohibit,give leave
prohibit,permit
prohibit,tolerate
prohibit,direct
prohibit,give permission
prohibit,put up with
prohibit,warrant
promote,See synonyms for ABASE; ALLAY
propitiation,alienation
propitiation,curse
propitiation,penalty
propitiation,reprobation
propitiation,vengeance
propitiation,chastisement
propitiation,estrangement
propitiation,punishment
propitiation,retribution
propitiation,wrath
propitiation,condemnation
propitiation,offense
propitious,adverse
propitious,forbidding
propitious,ill-disposed
propitious,repellent
propitious,unfriendly
propitious,antagonistic
propitious,hostile
propitious,inauspicious
propitious,unfavorable
propitious,unpropitious
proposal,acceptance
proposal,denial
proposal,disapproval
proposal,refusal
proposal,rejection
proposal,repulse
protract,abbreviate
protract,conclude
protract,curtail
protract,hurry
protract,reduce
protract,abridge
protract,contract
protract,hasten
protract,limit
protract,shorten
prowess,cowardice
prowess,cowardliness
prowess,effeminacy
prowess,fear
prowess,pusillanimity
prowess,timidity
prudence,folly
prudence,imprudence
prudence,rashness
prudence,thoughtlessness
prudence,heedlessness
prudence,indiscretion
prudence,recklessness
prudence,wastefulness
prudence,improvidence
prudence,prodigality
purchase,barter
purchase,dispose of
purchase,exchange
purchase,put to sale
purchase,sell
pure,adulterated
pure,foul
pure,indecent
pure,obscene
pure,tainted
pure,defiled
pure,gross
pure,indelicate
pure,polluted
pure,tarnished
pure,dirty
pure,immodest
pure,lewd
pure,stained
pure,unchaste
pure,filthy
pure,impure
pure,mixed
pure,sullied
pure,unclean
queer,common
queer,familiar
queer,normal
queer,regular
queer,customary
queer,natural
queer,ordinary
queer,usual
quicken,check
quicken,clog
quicken,delay
quicken,drag
quicken,hinder
quicken,impede
quicken,obstruct
quicken,retard
racy,cold
racy,flat
racy,insipid
racy,stale
racy,tasteless
racy,dull
racy,flavorless
racy,prosy
racy,stupid
racy,vapid
radical,conservative
radical,incomplete
radical,palliative
radical,slight
radical,tentative
radical,inadequate
radical,moderate
radical,partial
radical,superficial
radical,trial
rare,See synonyms for GENERAL; NORMAL; USUAL
reach,depart
reach,go
reach,go away
reach,leave
reach,set out
reach,set sail
reach,start
reach,weigh anchor
reach,embark
real,conceived
real,feigned
real,illusory
real,supposed
real,unreal
real,fabulous
real,fictitious
real,imaginary
real,supposititious
real,untrue
real,fanciful
real,hypothetical
real,reported
real,theoretical
real,visionary
rebellious,compliant
rebellious,docile
rebellious,manageable
rebellious,subservient
rebellious,controllable
rebellious,dutiful
rebellious,obedient
rebellious,tractable
rebellious,deferential
rebellious,gentle
rebellious,submissive
rebellious,yielding
recover,die
recover,fail
recover,grow worse
recover,relapse
recover,sink
refinement,barbarism
refinement,brutality
refinement,coarseness
refinement,rudeness
refinement,savagery
refinement,boorishness
refinement,clownishness
refinement,grossness
refinement,rusticity
refinement,vulgarity
religion,atheism
religion,godlessness
religion,irreligion
religion,sacrilege
religion,ungodliness
religion,blasphemy
religion,impiety
religion,profanity
religion,unbelief
religion,wickedness
reluctant,desirous
reluctant,disposed
reluctant,eager
reluctant,favorable
reluctant,inclined
reluctant,willing
rend,heal
rend,mend
rend,reunite
rend,secure
rend,sew
rend,solder
rend,stitch
rend,unite
rend,weld
rend,join
renounce,acknowledge
renounce,assert
renounce,cherish
renounce,defend
renounce,maintain
renounce,proclaim
renounce,uphold
renounce,advocate
renounce,avow
renounce,claim
renounce,hold
renounce,own
renounce,retain
renounce,vindicate
repentance,approval
repentance,content
repentance,obduracy
repentance,self-complacency
repentance,comfort
repentance,hardness
repentance,obstinacy
repentance,self-congratulation
repentance,complacency
repentance,impenitence
repentance,self-approval
repentance,stubbornness
reproof,applause
reproof,approval
reproof,encomium
reproof,eulogy
reproof,panegyric
reproof,praise
reproof,approbation
reproof,commendation
reprove,abet
reprove,approve
reprove,countenance
reprove,impel
reprove,instigate
reprove,applaud
reprove,cheer
reprove,encourage
reprove,incite
reprove,urge on
requite,absolve
requite,excuse
requite,forgive
requite,overlook
requite,pass over
requite,acquit
requite,forget
requite,neglect
requite,pardon
requite,slight
rest,agitation
rest,disturbance
rest,movement
rest,stir
rest,tumult
rest,commotion
rest,excitement
rest,restlessness
rest,strain
rest,unrest
rest,disquiet
rest,motion
rest,rush
rest,toil
rest,work
restive,docile
restive,manageable
restive,passive
restive,quiet
restive,tractable
restive,gentle
restive,obedient
restive,peaceable
restive,submissive
restive,yielding
restrain,aid
restrain,arouse
restrain,encourage
restrain,free
restrain,incite
restrain,release
restrain,animate
restrain,emancipate
restrain,excite
restrain,impel
restrain,let loose
restrain,set free
retirement,association
retirement,companionship
retirement,company
retirement,converse
retirement,fellowship
retirement,society
revelation,cloud
revelation,concealment
revelation,mystery
revelation,shrouding
revelation,cloudiness
revelation,hiding
revelation,obscuration
revelation,veiling
revenge,compassion
revenge,forgiveness
revenge,mercy
revenge,pardon
revenge,pity
revenge,reconciliation
revenge,excuse
revenge,grace
revolution,authority
revolution,domination
revolution,government
revolution,obedience
revolution,sovereignty
revolution,command
revolution,dominion
revolution,law
revolution,order
revolution,submission
revolution,control
revolution,empire
revolution,loyalty
revolution,rule
revolution,supremacy
revolve,bind
revolve,chafe
revolve,grind
revolve,slide
revolve,slip
revolve,stand
revolve,stick
riddle,answer
riddle,axiom
riddle,explanation
riddle,proposition
riddle,solution
rise,decline
rise,descend
rise,drop
rise,fall
rise,go down
rise,set
rise,settle
rise,sink
royal,beggarly
royal,contemptible
royal,mean
royal,poor
royal,servile
royal,slavish
royal,vile
rustic,accomplished
rustic,cultured
rustic,polished
rustic,refined
rustic,urbane
rustic,city-like
rustic,elegant
rustic,polite
rustic,urban
rustic,well-bred
sagacious,absurd
sagacious,futile
sagacious,obtuse
sagacious,silly
sagacious,sottish
sagacious,undiscerning
sagacious,dull
sagacious,ignorant
sagacious,senseless
sagacious,simple
sagacious,stupid
sagacious,unintelligent
sagacious,foolish
sagacious,irrational
sample,abnormality
sample,aggregate
sample,exception
sample,monstrosity
sample,total
sample,whole
satisfy,check
satisfy,disappoint
satisfy,restrain
satisfy,starve
satisfy,straiten
satisfy,deny
satisfy,refuse
satisfy,restrict
satisfy,stint
satisfy,tantalize
scholar,dunce
scholar,fool
scholar,idiot
scholar,idler
scholar,ignoramus
scholar,illiterate person
self-abnegation,self-gratification
self-abnegation,selfishness
self-abnegation,self-seeking
self-abnegation,self-will
self-abnegation,self-indulgence
send,bring
send,convey
send,give
send,hold
send,receive
send,carry
send,get
send,hand
send,keep
send,retain
sensibility,coldness
sensibility,hardness
sensibility,insensibility
sensibility,numbness
sensibility,unconsciousness
sensibility,deadness
severe,affable
severe,easy
severe,gentle
severe,lenient
severe,pliable
severe,sweet
severe,tractable
severe,bland
severe,genial
severe,indulgent
severe,mild
severe,soft
severe,tender
severe,yielding
shelter,betray
shelter,expel
shelter,expose
shelter,give up
shelter,refuse
shelter,reject
shelter,surrender
shelter,cast out
sin,blamelessness
sin,goodness
sin,integrity
sin,rectitude
sin,sinlessness
sin,excellence
sin,holiness
sin,morality
sin,right
sin,uprightness
sin,godliness
sin,innocence
sin,purity
sin,righteousness
sin,virtue
sin,Compare synonyms for VIRTUE
skeptic,believer
skeptic,Christian
skilful,awkward
skilful,clumsy
skilful,inexpert
skilful,shiftless
skilful,unskilled
skilful,untrained
skilful,bungling
skilful,helpless
skilful,maladroit
skilful,unhandy
skilful,untaught
slander,defend
slander,eulogize
slander,extol
slander,laud
slander,praise
slander,vindicate
slow,See synonyms for NIMBLE
speech,hush
speech,silence
speech,speechlessness
speech,stillness
speech,taciturnity
state,contradict
state,controvert
state,disprove
state,gainsay
state,refute
state,retract
state,contravene
state,deny
state,dispute
state,oppose
state,repudiate
state,waive
steep,easy
steep,flat
steep,gentle
steep,gradual
steep,horizontal
steep,level
steep,low
steep,slight
storm,calm
storm,fair weather
storm,hush
storm,peace
storm,serenity
storm,stillness
storm,tranquillity
story,annals
story,biography
story,chronicle
story,history
story,memoir
stupidity,acuteness
stupidity,brilliancy
stupidity,keenness
stupidity,sagacity
stupidity,alertness
stupidity,cleverness
stupidity,quickness
stupidity,sense
stupidity,animation
stupidity,intelligence
stupidity,readiness
stupidity,sensibility
subvert,conserve
subvert,keep
subvert,perpetuate
subvert,preserve
subvert,sustain
subvert,uphold
succeed,be defeated
succeed,come short
succeed,fail
succeed,fall short
succeed,lose
succeed,miss
succeed,miscarry
supernatural,common
supernatural,commonplace
supernatural,everyday
supernatural,natural
supernatural,ordinary
supernatural,usual
support,abandon
support,break down
support,demolish
support,destroy
support,let go
support,throw down
support,betray
support,cast down
support,desert
support,drop
support,overthrow
support,wreck
suppose,ascertain
suppose,be sure
suppose,conclude
suppose,discover
suppose,know
suppose,prove
system,chaos
system,derangement
system,disarrangement
system,disorder
system,irregularity
system,confusion
taciturn,communicative
taciturn,free
taciturn,garrulous
taciturn,loquacious
taciturn,talkative
taciturn,unreserved
tasteful,clumsy
tasteful,displeasing
tasteful,grotesque
tasteful,inartistic
tasteful,rough
tasteful,coarse
tasteful,distasteful
tasteful,harsh
tasteful,inharmonious
tasteful,rude
tasteful,deformed
tasteful,fulsome
tasteful,hideous
tasteful,meretricious
tasteful,rugged
tasteful,disgusting
tasteful,gaudy
tasteful,horrid
tasteful,offensive
tasteful,tawdry
temerity,care
temerity,circumspection
temerity,cowardice
temerity,hesitation
temerity,timidity
temerity,wariness
temerity,caution
terse,diffuse
terse,lengthy
terse,long
terse,prolix
terse,tedious
terse,verbose
terse,wordy
tire,invigorate
tire,refresh
tire,relax
tire,relieve
tire,repose
tire,rest
tire,restore
tire,recreate
transient,abiding
transient,eternal
transient,immortal
transient,lasting
transient,perpetual
transient,undying
transient,enduring
transient,everlasting
transient,imperishable
transient,permanent
transient,persistent
transient,unfading
union,analysis
union,disconnection
union,disunion
union,divorce
union,separation
union,contrariety
union,disjunction
union,division
union,schism
union,severance
union,decomposition
union,dissociation
usual,exceptional
usual,infrequent
usual,rare
usual,strange
usual,unparalleled
usual,extraordinary
usual,out-of-the-way
usual,singular
usual,uncommon
usual,unusual
utility,disadvantage
utility,futility
utility,inadequacy
utility,inutility
utility,uselessness
utility,folly
utility,impolicy
utility,inexpediency
utility,unprofitableness
utility,worthlessness
vacant,brimful
vacant,busy
vacant,filled
vacant,inhabited
vacant,overflowing
vacant,brimmed
vacant,crammed
vacant,full
vacant,jammed
vacant,packed
vacant,brimming
vacant,crowded
vacant,gorged
vacant,occupied
vacant,replete
vain,adequate
vain,effective
vain,powerful
vain,solid
vain,useful
vain,advantageous
vain,efficient
vain,profitable
vain,sound
vain,valid
vain,beneficial
vain,expedient
vain,real
vain,substantial
vain,valuable
vain,competent
vain,potent
vain,serviceable
vain,sufficient
vain,worthy
vain,Compare synonyms for UTILITY
venal,disinterested
venal,honest
venal,incorruptible
venal,public-spirited
venal,generous
venal,honorable
venal,patriotic
venal,unpurchasable
venerate,contemn
venerate,detest
venerate,dishonor
venerate,scoff at
venerate,slight
venerate,despise
venerate,disdain
venerate,disregard
venerate,scorn
venerate,spurn
veneration,contempt
veneration,disdain
veneration,dishonor
veneration,disregard
veneration,scorn
venial,inexcusable
venial,inexpiable
venial,mortal
venial,unpardonable
venial,unjustifiable
veracity,deceit
veracity,duplicity
veracity,falsehood
veracity,fiction
veracity,lie
veracity,deception
veracity,error
veracity,falseness
veracity,guile
veracity,mendacity
veracity,delusion
veracity,fabrication
veracity,falsity
veracity,imposture
veracity,untruth
veracity,Compare synonyms for DECEPTION
victory,defeat
victory,disappointment
victory,failure
victory,miscarriage
victory,retreat
victory,destruction
victory,disaster
victory,frustration
victory,overthrow
victory,rout
vigilant,careless
vigilant,heedless
vigilant,inconsiderate
vigilant,oblivious
vigilant,drowsy
vigilant,inattentive
vigilant,neglectful
vigilant,thoughtless
vigilant,dull
vigilant,incautious
vigilant,negligent
vigilant,unwary
virtue,evil
virtue,vice
virtue,viciousness
virtue,wickedness
virtue,wrong
virtue,Compare synonyms for SIN
wisdom,absurdity
wisdom,folly
wisdom,imbecility
wisdom,miscalculation
wisdom,senselessness
wisdom,error
wisdom,foolishness
wisdom,imprudence
wisdom,misjudgment
wisdom,silliness
wisdom,fatuity
wisdom,idiocy
wisdom,indiscretion
wisdom,nonsense
wisdom,stupidity
wisdom,Compare synonyms for ABSURD; IDIOCY
wit,dulness
wit,seriousness
wit,sobriety
wit,solemnity
wit,stolidity
wit,stupidity
wit,gravity
work,ease
work,leisure
work,recreation
work,relaxation
work,repose
work,rest
work,vacation
work,idleness
youthful,Compare synonyms for OLD
