詞條,定義,反義詞
609,指稱政治立場偏向綠營的鄉民。,9.20%
609,指稱政治立場偏向綠營的鄉民。,689
609,指稱政治立場偏向綠營的鄉民。,9.20%
609,指稱政治立場偏向綠營的鄉民。,689
689,指稱政治立場偏向藍營的鄉民。,609
689,指稱政治立場偏向藍營的鄉民。,綠吱
689,指稱政治立場偏向藍營的鄉民。,吱吱
689,指稱政治立場偏向藍營的鄉民。,609
689,指稱政治立場偏向藍營的鄉民。,綠吱
689,指稱政治立場偏向藍營的鄉民。,吱吱
9.20%,指稱政治立場偏向藍營的鄉民。,吱吱
9.20%,指稱政治立場偏向藍營的鄉民。,綠吱
9.20%,指稱政治立場偏向藍營的鄉民。,609
9.20%,指稱政治立場偏向藍營的鄉民。,吱吱
9.20%,指稱政治立場偏向藍營的鄉民。,綠吱
9.20%,指稱政治立場偏向藍營的鄉民。,609
一,事物的全體。,部分
一,事物的全體。,部份
一,事物的全體。,部分
一,事物的全體。,部份
一樣,形容沒有差別的。,異
一樣,形容沒有差別的。,不同
一樣,形容沒有差別的。,異
一樣,形容沒有差別的。,不同
一樣,形容沒有差別的。,異
一樣,形容沒有差別的。,不同
丁,成年男子。,女人
丁,成年男子。,婦
丁,成年男子。,女人
丁,成年男子。,婦
丁,從事前述勞動工作的男子。,婦
丁,從事前述勞動工作的男子。,婦
丈夫,對女子在婚姻關係中的配偶的指稱。,妻子
丈夫,對女子在婚姻關係中的配偶的指稱。,太太
丈夫,對女子在婚姻關係中的配偶的指稱。,房
丈夫,對女子在婚姻關係中的配偶的指稱。,妻
丈夫,對女子在婚姻關係中的配偶的指稱。,婦
丈夫,對女子在婚姻關係中的配偶的指稱。,室
丈夫,對女子在婚姻關係中的配偶的指稱。,室
丈夫,對女子在婚姻關係中的配偶的指稱。,太太
丈夫,對女子在婚姻關係中的配偶的指稱。,妻子
丈夫,對女子在婚姻關係中的配偶的指稱。,房
丈夫,對女子在婚姻關係中的配偶的指稱。,婦
丈夫,對女子在婚姻關係中的配偶的指稱。,妻
丈夫,女子在婚姻關係中的配偶。,妻子
丈夫,女子在婚姻關係中的配偶。,太太
丈夫,女子在婚姻關係中的配偶。,妻
丈夫,女子在婚姻關係中的配偶。,太太
丈夫,女子在婚姻關係中的配偶。,妻子
丈夫,女子在婚姻關係中的配偶。,妻
上,前述物體的表面。,下面
上,前述物體的表面。,下
上,前述物體的表面。,之下
上,前述物體的表面。,下面
上,前述物體的表面。,之下
上,前述物體的表面。,下
上,同一物體內較高的部份。,下
上,同一物體內較高的部份。,下面
上,同一物體內較高的部份。,下面
上,同一物體內較高的部份。,下
上,高於前述物體的位置。,下
上,高於前述物體的位置。,之下
上,高於前述物體的位置。,下面
上,高於前述物體的位置。,以下
上,高於前述物體的位置。,下
上,高於前述物體的位置。,之下
上,高於前述物體的位置。,下面
上,高於前述物體的位置。,以下
上,高於前述物體的位置。,下
上,高於前述物體的位置。,之下
上,高於前述物體的位置。,下面
上,高於前述物體的位置。,以下
上,較高的或向天的方向。,下
上,較高的或向天的方向。,下
上,較高的或向天的方向。,下面
上,較高的或向天的方向。,下面
上,比喻地位或等級較高的人物。,下
上,比喻地位或等級較高的人物。,下面
上,比喻地位或等級較高的人物。,下
上,比喻地位或等級較高的人物。,下面
上,比喻階級架構較高的方向。,下
上,比喻階級架構較高的方向。,下面
上,比喻階級架構較高的方向。,下
上,比喻階級架構較高的方向。,下面
上,比喻順序較前的方向。,下
上,比喻順序較前的方向。,下面
上,比喻順序較前的方向。,下
上,比喻順序較前的方向。,下面
上,等級或質量最高的。,下
上,等級或質量最高的。,下
上,比喻數量較多的方向。,下
上,比喻數量較多的方向。,下面
上,比喻數量較多的方向。,下
上,比喻數量較多的方向。,下面
上,事件或時間順序在參考點之前。,下
上,事件或時間順序在參考點之前。,次
上,事件或時間順序在參考點之前。,下
上,事件或時間順序在參考點之前。,次
上,順序在參考點之前的文本。,下
上,順序在參考點之前的文本。,稍後
上,順序在參考點之前的文本。,下面
上,順序在參考點之前的文本。,以下
上,順序在參考點之前的文本。,下
上,順序在參考點之前的文本。,稍後
上,順序在參考點之前的文本。,下面
上,順序在參考點之前的文本。,以下
上,往高處移動或去。,下
上,往北或接近中心移動。,下
上,往北或接近中心移動。,下
上,做階層較高的工作。,下
上,做階層較高的工作。,下
上,到後述處所進行該場所的典型活動。,下
上,到後述處所進行該場所的典型活動。,下
上,將物體放在發揮功能的處所。,下
上,從球場或舞台出場。,下
上,從球場或舞台出場。,下
上,搭乘或裝入運輸工具。,下
上,搭乘或裝入運輸工具。,下
上,比喻程度較高的方向。,下
上,比喻程度較高的方向。,下面
上,比喻程度較高的方向。,下面
上,比喻程度較高的方向。,下
上升,位置往高處移動。,下降
上升,位置往高處移動。,下降
上升,位置往高處移動。,降
上升,數量或數目增加。,下降
上升,數量或數目增加。,下降
上升,數量或數目增加。,落
上升,數量或數目增加。,掉
上升,數量或數目增加。,跌
上升,數量或數目增加。,降
上升,數量或數目增加。,降低
上升,數量或數目增加。,降低
上升,狀態的等級或地位增高。,下降
上升,狀態的等級或地位增高。,下降
上去,往高處移動。,下
上去,往高處移動。,下
上台,進行表演或演講。,下台
上台,進行表演或演講。,下臺
上台,進行表演或演講。,下台
上台,進行表演或演講。,下臺
上台,出任職務或掌權。,下臺
上台,出任職務或掌權。,下台
上台,出任職務或掌權。,下台
上台,出任職務或掌權。,下臺
上山,從山的低處向高處移動。,下山
上山,從山的低處向高處移動。,下山
上昇,位置往高處移動。,下降
上昇,位置往高處移動。,下降
上昇,位置往高處移動。,降
上昇,數量或數目增加。,下降
上昇,數量或數目增加。,下降
上昇,數量或數目增加。,落
上昇,數量或數目增加。,掉
上昇,數量或數目增加。,跌
上昇,數量或數目增加。,降
上昇,數量或數目增加。,降低
上昇,數量或數目增加。,降低
上昇,狀態的等級或地位增高。,下降
上昇,狀態的等級或地位增高。,下降
上臺,進行表演或演講。,下臺
上臺,進行表演或演講。,下台
上臺,進行表演或演講。,下台
上臺,進行表演或演講。,下臺
上臺,出任職務或掌權。,下臺
上臺,出任職務或掌權。,下台
上臺,出任職務或掌權。,下台
上臺,出任職務或掌權。,下臺
上面,前述物體的表面。,下面
上面,前述物體的表面。,下
上面,前述物體的表面。,之下
上面,前述物體的表面。,下面
上面,前述物體的表面。,之下
上面,前述物體的表面。,下
上面,同一物體內較高的部份。,下
上面,同一物體內較高的部份。,下面
上面,同一物體內較高的部份。,下面
上面,同一物體內較高的部份。,下
上面,高於前述物體的位置。,下
上面,高於前述物體的位置。,之下
上面,高於前述物體的位置。,下面
上面,高於前述物體的位置。,以下
上面,高於前述物體的位置。,下
上面,高於前述物體的位置。,之下
上面,高於前述物體的位置。,下面
上面,高於前述物體的位置。,以下
上面,高於前述物體的位置。,之下
上面,高於前述物體的位置。,下
上面,高於前述物體的位置。,下面
上面,高於前述物體的位置。,以下
上面,較高的或向天的方向。,下面
上面,較高的或向天的方向。,下面
上面,較高的或向天的方向。,下
上面,較高的或向天的方向。,下
上面,地位或等級較高的人物。,下
上面,地位或等級較高的人物。,下面
上面,地位或等級較高的人物。,下
上面,地位或等級較高的人物。,下面
上面,比喻階級架構較高的方向。,下
上面,比喻階級架構較高的方向。,下面
上面,比喻階級架構較高的方向。,下
上面,比喻階級架構較高的方向。,下面
上面,比喻順序較前的方向。,下
上面,比喻順序較前的方向。,下面
上面,比喻順序較前的方向。,下
上面,比喻順序較前的方向。,下面
上面,比喻數量較多的方向。,下
上面,比喻數量較多的方向。,下面
上面,比喻數量較多的方向。,下
上面,比喻數量較多的方向。,下面
上面,比喻程度較高的方向。,下
上面,比喻程度較高的方向。,下面
上面,比喻程度較高的方向。,下面
上面,比喻程度較高的方向。,下
上面,順序在參考點之前的文本。,下
上面,順序在參考點之前的文本。,下面
上面,順序在參考點之前的文本。,稍後
上面,順序在參考點之前的文本。,以下
上面,順序在參考點之前的文本。,下面
上面,順序在參考點之前的文本。,下
上面,順序在參考點之前的文本。,稍後
上面,順序在參考點之前的文本。,以下
下,同一物體內較低的部份。,上
下,同一物體內較低的部份。,上面
下,同一物體內較低的部份。,上
下,同一物體內較低的部份。,上面
下,同一物體內較低的部份。,上面
下,鄰近前述物體的底部或低於該物體位置。,上
下,鄰近前述物體的底部或低於該物體位置。,之上
下,鄰近前述物體的底部或低於該物體位置。,上面
下,鄰近前述物體的底部或低於該物體位置。,以上
下,較低的或與天相反的方向。,上
下,較低的或與天相反的方向。,上
下,較低的或與天相反的方向。,上面
下,比喻地位或等級較低的人物。,上
下,比喻地位或等級較低的人物。,上面
下,比喻地位或等級較低的人物。,上
下,比喻地位或等級較低的人物。,上面
下,比喻階級架構較低的方向。,上
下,比喻階級架構較低的方向。,上面
下,比喻階級架構較低的方向。,上
下,比喻階級架構較低的方向。,上面
下,比喻階級架構中低於前述階級的階級。,以上
下,比喻階級架構中低於前述階級的階級。,以上
下,比喻順序較後的方向。,上
下,比喻順序較後的方向。,上面
下,比喻順序較後的方向。,上
下,比喻順序較後的方向。,上面
下,等級或品質最低的。,上
下,等級或品質最低的。,上
下,比喻數量較少的方向。,上
下,比喻數量較少的方向。,上面
下,比喻數量較少的方向。,上
下,比喻數量較少的方向。,上面
下,事件或時間順序在參考點之後。,上
下,事件或時間順序在參考點之後。,上
下,比喻在參考點之後的文本順序。,上
下,比喻在參考點之後的文本順序。,上面
下,比喻在參考點之後的文本順序。,以上
下,比喻在參考點之後的文本順序。,上
下,比喻在參考點之後的文本順序。,上面
下,比喻在參考點之後的文本順序。,以上
下,往低處移動。,上
下,往低處移動。,上去
下,往低處移動。,上
下,往低處移動。,上
下,往低處移動。,上去
下,往南或離開中心移動。,上
下,往南或離開中心移動。,上
下,做階層較低的工作。,上
下,做階層較低的工作。,上
下,使人或物離開運輸工具並到某處。,上
下,使人或物離開運輸工具並到某處。,上
下,使人或物離開運輸工具並到某處。,登
下,離開後述處所，並結束該場所的典型活動。,上
下,離開後述處所，並結束該場所的典型活動。,上
下,從球場或舞台退場。,上
下,從球場或舞台退場。,上
下,從後述地點移除，不使發揮功能。,上
下,從後述地點移除，不使發揮功能。,上
下,從後述地點移除，不使發揮功能。,上
下,被前述物體覆蓋住的物體的位置。,上
下,被前述物體覆蓋住的物體的位置。,上面
下,被前述物體覆蓋住的物體的位置。,上面
下,被前述物體覆蓋住的物體的位置。,上
下,比喻程度較低的方向。,上
下,比喻程度較低的方向。,上面
下,比喻程度較低的方向。,上面
下,比喻程度較低的方向。,上
下台,結束表演，從台上下來。,上台
下台,結束表演，從台上下來。,上臺
下台,結束表演，從台上下來。,登台
下台,結束表演，從台上下來。,登臺
下台,結束表演，從台上下來。,上臺
下台,結束表演，從台上下來。,上台
下台,結束表演，從台上下來。,登台
下台,結束表演，從台上下來。,登臺
下台,交出職務或政權。,上臺
下台,交出職務或政權。,上台
下台,交出職務或政權。,上臺
下台,交出職務或政權。,上台
下山,從山的高處向低處移動。,上山
下山,從山的高處向低處移動。,上山
下臺,結束表演，從臺上下來。,上台
下臺,結束表演，從臺上下來。,上臺
下臺,結束表演，從臺上下來。,登臺
下臺,結束表演，從臺上下來。,登台
下臺,結束表演，從臺上下來。,上臺
下臺,結束表演，從臺上下來。,上台
下臺,結束表演，從臺上下來。,登台
下臺,結束表演，從臺上下來。,登臺
下臺,交出職務或政權。,上台
下臺,交出職務或政權。,上臺
下臺,交出職務或政權。,上臺
下臺,交出職務或政權。,上台
下降,物體由較高處往低處垂直移動。,上昇
下降,物體由較高處往低處垂直移動。,上昇
下降,物體由較高處往低處垂直移動。,上升
下降,物體由較高處往低處垂直移動。,上升
下降,物體由較高處往低處垂直移動。,升
下降,數量或數目減少。,上升
下降,數量或數目減少。,上昇
下降,數量或數目減少。,上升
下降,數量或數目減少。,上昇
下降,數量或數目減少。,升
下降,數量或數目減少。,提高
下降,數量或數目減少。,增高
下降,數量或數目減少。,增高
下降,數量或數目減少。,升級
下降,數量或數目減少。,增長
下降,數量或數目減少。,增長
下降,狀態的等級或地位降低。,上昇
下降,狀態的等級或地位降低。,上昇
下降,狀態的等級或地位降低。,上升
下降,狀態的等級或地位降低。,上升
下降,狀態的等級或地位降低。,升
下降,狀態的等級或地位降低。,晉
下降,狀態的等級或地位降低。,晉級
下面,被前述物體覆蓋住的物體的位置。,上面
下面,被前述物體覆蓋住的物體的位置。,上
下面,被前述物體覆蓋住的物體的位置。,上面
下面,被前述物體覆蓋住的物體的位置。,上
下面,同一物體內較低的部份。,上
下面,同一物體內較低的部份。,上面
下面,同一物體內較低的部份。,上面
下面,同一物體內較低的部份。,上
下面,鄰近前述物體的底部或低於該物體位置。,之上
下面,鄰近前述物體的底部或低於該物體位置。,上
下面,鄰近前述物體的底部或低於該物體位置。,上面
下面,鄰近前述物體的底部或低於該物體位置。,以上
下面,較低的或與天相反的方向。,上面
下面,較低的或與天相反的方向。,上面
下面,較低的或與天相反的方向。,上
下面,較低的或與天相反的方向。,上
下面,比喻地位或等級較低的人物。,上
下面,比喻地位或等級較低的人物。,上面
下面,比喻地位或等級較低的人物。,上
下面,比喻地位或等級較低的人物。,上面
下面,比喻階級架構較低的方向。,上
下面,比喻階級架構較低的方向。,上面
下面,比喻階級架構較低的方向。,上
下面,比喻階級架構較低的方向。,上面
下面,比喻階級架構中低於前述階級的階級。,以上
下面,比喻階級架構中低於前述階級的階級。,以上
下面,比喻順序較後的方向。,上
下面,比喻順序較後的方向。,上面
下面,比喻順序較後的方向。,上面
下面,比喻順序較後的方向。,上
下面,比喻數量較少的方向。,上
下面,比喻數量較少的方向。,上面
下面,比喻數量較少的方向。,上面
下面,比喻數量較少的方向。,上
下面,比喻程度較低的方向。,上
下面,比喻程度較低的方向。,上面
下面,比喻程度較低的方向。,上面
下面,比喻程度較低的方向。,上
下面,比喻在參考點之後的文本順序。,上
下面,比喻在參考點之後的文本順序。,上面
下面,比喻在參考點之後的文本順序。,以上
下面,比喻在參考點之後的文本順序。,上
下面,比喻在參考點之後的文本順序。,上面
下面,比喻在參考點之後的文本順序。,以上
不佳,形容對特定對象的評價不是正面的。,佳
不便,形容困難或無法達到使用目的。,便利
不便,形容困難或無法達到使用目的。,方便
不便,形容困難或無法達到使用目的。,便宜
不便,形容委婉表達主事者有所顧忌。,方便
不便,形容委婉表達主事者有所顧忌。,方便
不便,形容比喻沒有多餘可應用的金錢。,方便
不便,形容比喻沒有多餘可應用的金錢。,鬆
不便,形容比喻沒有多餘可應用的金錢。,寬
不便,形容比喻沒有多餘可應用的金錢。,方便
不便,形容比喻沒有多餘可應用的金錢。,鬆
不便,形容比喻沒有多餘可應用的金錢。,寬
不僅,表超過後述數目。,單
不僅,表超過後述數目。,光
不僅,表超過後述數目。,單單
不僅,表超過後述數目。,只
不僅,表超過後述數目。,僅
不僅,表超過後述數目。,淨
不僅,表超過後述數目。,單單
不僅,表超過後述數目。,僅
不僅,表超過後述數目。,只
不僅,表超過後述數目。,單
不僅,表超過後述數目。,光
不僅,表超過後述數目。,淨
不僅僅,表超過後述數目。,單
不僅僅,表超過後述數目。,光
不僅僅,表超過後述數目。,單單
不僅僅,表超過後述數目。,只
不僅僅,表超過後述數目。,僅
不僅僅,表超過後述數目。,淨
不僅僅,表超過後述數目。,單單
不僅僅,表超過後述數目。,僅
不僅僅,表超過後述數目。,只
不僅僅,表超過後述數目。,單
不僅僅,表超過後述數目。,光
不僅僅,表超過後述數目。,淨
不光,表超過後述數目。,單
不光,表超過後述數目。,光
不光,表超過後述數目。,單單
不光,表超過後述數目。,只
不光,表超過後述數目。,僅
不光,表超過後述數目。,淨
不光,表超過後述數目。,單單
不光,表超過後述數目。,僅
不光,表超過後述數目。,只
不光,表超過後述數目。,單
不光,表超過後述數目。,光
不光,表超過後述數目。,淨
不到,時間沒有達到特定參考時點。,到
不到,時間沒有達到特定參考時點。,達
不到,時間沒有達到特定參考時點。,到
不到,時間沒有達到特定參考時點。,達
不到,引介動作或狀態沒有達到特定程度。表程度不高於已知的特定對象。,到
不到,引介動作或狀態沒有達到特定程度。表程度不高於已知的特定對象。,於
不到,引介動作或狀態沒有達到特定程度。表程度不高於已知的特定對象。,于
不到,引介動作或狀態沒有達到特定程度。表程度不高於已知的特定對象。,到
不到,引介動作或狀態沒有達到特定程度。表程度不高於已知的特定對象。,於
不到,引介動作或狀態沒有達到特定程度。表程度不高於已知的特定對象。,于
不及,形容沒有足夠的時間進行後述事件。,來得及
不及,形容沒有足夠的時間進行後述事件。,來得及
不只,表超過後述數目。,單
不只,表超過後述數目。,光
不只,表超過後述數目。,單單
不只,表超過後述數目。,只
不只,表超過後述數目。,僅
不只,表超過後述數目。,淨
不只,表超過後述數目。,單單
不只,表超過後述數目。,僅
不只,表超過後述數目。,只
不只,表超過後述數目。,單
不只,表超過後述數目。,光
不只,表超過後述數目。,淨
不可,表不允許後述事件發生。,使得
不可,表不允許後述事件發生。,容許
不可,表不允許後述事件發生。,可以
不可,表不允許後述事件發生。,容
不可,表不允許後述事件發生。,使得
不可,表不允許後述事件發生。,容許
不可,表不允許後述事件發生。,容
不可以,表不允許後述事件發生。,使得
不可以,表不允許後述事件發生。,容許
不可以,表不允許後述事件發生。,可以
不可以,表不允許後述事件發生。,容
不可以,表不允許後述事件發生。,使得
不可以,表不允許後述事件發生。,容許
不可以,表不允許後述事件發生。,容
不可能,表不會成為事實或不是事實。,可能
不可能,表不會成為事實或不是事實。,可能
不可能,形容不會實現的。,可能
不可能,形容不會實現的。,可能
不同,形容有差別的。,同
不同,形容有差別的。,同
不同,形容有差別的。,相同
不同,形容有差別的。,一樣
不同,形容有差別的。,平
不客氣,不遵守應有的謙讓禮儀。,客氣
不客氣,不遵守應有的謙讓禮儀。,客氣
不容,不允許後述事件發生。,容許
不容,不允許後述事件發生。,使得
不容,不允許後述事件發生。,可以
不容,不允許後述事件發生。,容
不容,不允許後述事件發生。,容
不容,不允許後述事件發生。,使得
不容,不允許後述事件發生。,容許
不屑,認為不值得去做而沒做。,屑
不屑,認為不值得去做而沒做。,屑
不幸,形容運氣不好。,有幸
不幸,形容運氣不好。,塞
不幸,形容運氣不好。,賽
不幸,形容運氣不好。,屎
不彰,形容無法輕易觀察到的。,明顯
不彰,形容無法輕易觀察到的。,顯
不忘,一直記得。,忘
不忘,一直記得。,忘記
不忘,一直記得。,遺忘
不忘,一直記得。,遺忘
不忘,一直記得。,忘記
不忘,一直記得。,忘
不易,形容特定事件無法輕易達成。,容易
不易,形容特定事件無法輕易達成。,易
不易,形容特定事件無法輕易達成。,好
不易,形容特定事件無法輕易達成。,好
不易,形容特定事件無法輕易達成。,容易
不易,形容特定事件無法輕易達成。,易
不易,形容特定事件無法輕易達成。,好
不易,形容後述事件發生的可能性小。,容易
不易,形容後述事件發生的可能性小。,易
不易,形容後述事件發生的可能性小。,易
不易,形容後述事件發生的可能性小。,容易
不止,表超過後述數目。,單
不止,表超過後述數目。,光
不止,表超過後述數目。,單單
不止,表超過後述數目。,只
不止,表超過後述數目。,僅
不止,表超過後述數目。,淨
不止,表超過後述數目。,單單
不止,表超過後述數目。,僅
不止,表超過後述數目。,只
不止,表超過後述數目。,單
不止,表超過後述數目。,光
不止,表超過後述數目。,淨
不祇,表超過後述數目。,單
不祇,表超過後述數目。,光
不祇,表超過後述數目。,單單
不祇,表超過後述數目。,只
不祇,表超過後述數目。,僅
不祇,表超過後述數目。,淨
不祇,表超過後述數目。,單單
不祇,表超過後述數目。,僅
不祇,表超過後述數目。,只
不祇,表超過後述數目。,單
不祇,表超過後述數目。,光
不祇,表超過後述數目。,淨
不肯,表不同意他人的要求。,肯
不能,表不具備完成特定事件能力。,行
不能,表不具備完成特定事件能力。,能
不能,表不具備完成特定事件能力。,能夠
不能,表不具備完成特定事件能力。,成
不能,表不具備完成特定事件能力。,能
不能,表不具備完成特定事件能力。,能夠
不能,表不具備完成特定事件能力。,成
不能,表不具備完成特定事件能力。,行
不能,表不具備達到後述事件成立的條件。,能夠
不能,表不具備達到後述事件成立的條件。,能
不能,表不具備達到後述事件成立的條件。,能
不能,表不具備達到後述事件成立的條件。,能夠
不能,表不允許後述事件發生。,使得
不能,表不允許後述事件發生。,容許
不能,表不允許後述事件發生。,可以
不能,表不允許後述事件發生。,容
不能,表不允許後述事件發生。,使得
不能,表不允許後述事件發生。,容許
不能,表不允許後述事件發生。,容
不良,形容對特定對象的評價是負面的。,好
不良,形容對特定對象的評價是負面的。,佳
不良,形容對特定對象的評價是負面的。,良好
不良,形容對特定對象的評價是負面的。,優
不良,形容對特定對象的評價是負面的。,嘉
不良,形容對特定對象的評價是負面的。,良
不良,形容對特定對象的評價是負面的。,不錯
不良,形容對特定對象的評價是負面的。,好
不良,形容對特定對象的評價是負面的。,良
不良,形容對特定對象的評價是負面的。,佳
不良,形容對特定對象的評價是負面的。,良好
不良,形容對特定對象的評價是負面的。,優
不良,形容對特定對象的評價是負面的。,嘉
不良,形容對特定對象的評價是負面的。,不錯
不行,形容表示不同意或不允許。,行
不行,形容表示不同意或不允許。,好
不行,形容表示不同意或不允許。,成
不行,形容表示不同意或不允許。,好
不行,形容表示不同意或不允許。,成
不行,形容表示不同意或不允許。,行
不行,形容不具備完成特定事件能力的。,行
不行,形容不具備完成特定事件能力的。,能
不行,形容不具備完成特定事件能力的。,能夠
不行,形容不具備完成特定事件能力的。,成
不行,形容不具備完成特定事件能力的。,能
不行,形容不具備完成特定事件能力的。,能夠
不行,形容不具備完成特定事件能力的。,成
不行,形容不具備完成特定事件能力的。,行
不行,形容不適當的。,對
不行,形容不適當的。,是
不行,形容不適當的。,對
不行,形容不適當的。,是
不行,形容不適當的。,對
不行,形容不適當的。,是
不要,表心中存有不完成後述事件的願望。,想
不要,表心中存有不完成後述事件的願望。,要
不要,表心中存有不完成後述事件的願望。,想要
不要,表心中存有不完成後述事件的願望。,欲
不要,表心中存有不完成後述事件的願望。,希望
不要,表心中存有不完成後述事件的願望。,思
不要,表心中存有不完成後述事件的願望。,冀
不要,表心中存有不完成後述事件的願望。,企
不要,表心中存有不完成後述事件的願望。,想
不要,表心中存有不完成後述事件的願望。,想要
不要,表心中存有不完成後述事件的願望。,希望
不要,表心中存有不完成後述事件的願望。,要
不要,表心中存有不完成後述事件的願望。,欲
不要,表心中存有不完成後述事件的願望。,思
不要,表心中存有不完成後述事件的願望。,冀
不要,表心中存有不完成後述事件的願望。,企
不許,不允許後述事件發生。,使得
不許,不允許後述事件發生。,容許
不許,不允許後述事件發生。,可以
不許,不允許後述事件發生。,容
不許,不允許後述事件發生。,容
不許,不允許後述事件發生。,使得
不許,不允許後述事件發生。,容許
不許,不允許後述事件發生。,許可
不許,不允許後述事件發生。,許
不足,形容數量不夠多，未達到主觀標準。,足
不足,形容程度不夠高，未達到主觀標準。,足
不足,不夠好的特質。,長
不足,不夠好的特質。,優點
不足,不夠好的特質。,長
不錯,形容正確的。,錯
不錯,形容正確的。,錯
不錯,形容正確的。,錯
不錯,形容對特定對象的評價是正面的。,壞
不錯,形容對特定對象的評價是正面的。,差
不錯,形容對特定對象的評價是正面的。,柴
不錯,形容對特定對象的評價是正面的。,否
不錯,形容對特定對象的評價是正面的。,劣
不錯,形容對特定對象的評價是正面的。,菜
不錯,形容對特定對象的評價是正面的。,糟
不錯,形容對特定對象的評價是正面的。,惡
不錯,形容對特定對象的評價是正面的。,不良
不錯,形容對特定對象的評價是正面的。,孬
不錯,形容對特定對象的評價是正面的。,遜
不錯,形容對特定對象的評價是正面的。,差
不錯,形容對特定對象的評價是正面的。,劣
不錯,形容對特定對象的評價是正面的。,差
不錯,形容對特定對象的評價是正面的。,柴
不錯,形容對特定對象的評價是正面的。,不良
不錯,形容對特定對象的評價是正面的。,孬
不錯,形容對特定對象的評價是正面的。,壞
不錯,形容對特定對象的評價是正面的。,否
不錯,形容對特定對象的評價是正面的。,劣
不錯,形容對特定對象的評價是正面的。,菜
不錯,形容對特定對象的評價是正面的。,糟
不錯,形容對特定對象的評價是正面的。,惡
不錯,形容對特定對象的評價是正面的。,遜
不需,表前述對象不必仰賴後述對象。,需
不需,表前述對象不必仰賴後述對象。,需要
不需,表前述對象不必仰賴後述對象。,需
不需,表前述對象不必仰賴後述對象。,需要
不需,表前述對象不必仰賴後述對象。,需
不需,表前述對象不必仰賴後述對象。,需要
中,在前述對象所包含的空間範圍。,外
中,在前述對象所包含的空間範圍。,之外
中,在前述對象所包含的空間範圍。,以外
中,在前述對象所包含的空間範圍。,外面
中,在前述對象所包含的空間範圍。,以外
中,在前述對象所包含的空間範圍。,之外
中,在前述對象所包含的空間範圍。,外
中,在前述對象所包含的空間範圍。,外面
中,在前述的機構或領域範圍。,外
中,在前述的機構或領域範圍。,之外
中,在前述的機構或領域範圍。,以外
中,在前述的機構或領域範圍。,外面
中,在前述的機構或領域範圍。,以外
中,在前述的機構或領域範圍。,之外
中,在前述的機構或領域範圍。,外
中,在前述的機構或領域範圍。,外面
中央,最高行政機構，相對於地方政府。,地方
中央,最高行政機構，相對於地方政府。,地方
主,邀請並負責招待賓客的人，相對於客人。,客人
主,邀請並負責招待賓客的人，相對於客人。,客
主,邀請並負責招待賓客的人，相對於客人。,客人
主,邀請並負責招待賓客的人，相對於客人。,客
主人,邀請並負責招待賓客的人，相對於客人。,客
主人,邀請並負責招待賓客的人，相對於客人。,客人
主人,邀請並負責招待賓客的人，相對於客人。,客人
主人,邀請並負責招待賓客的人，相對於客人。,客
主要,形容在相關對象中最重要的。,次要
久,形容事件持續的時間間隔大。,淺
久,形容事件持續的時間間隔大。,短
久,形容事件持續的時間間隔大。,暫
久,形容事件持續的時間間隔大。,暫
久,形容事件持續的時間間隔大。,短
久,形容事件持續的時間間隔大。,淺
久,形容事件持續的時間間隔大。,暫
之上,高於前述物體的位置。,下
之上,高於前述物體的位置。,之下
之上,高於前述物體的位置。,下面
之上,高於前述物體的位置。,以下
之上,高於前述物體的位置。,下
之上,高於前述物體的位置。,之下
之上,高於前述物體的位置。,下面
之上,高於前述物體的位置。,以下
之上,高於前述物體的位置。,下
之上,高於前述物體的位置。,之下
之上,高於前述物體的位置。,下面
之上,高於前述物體的位置。,以下
之下,鄰近前述物體的底部或低於該物體位置。,上
之下,鄰近前述物體的底部或低於該物體位置。,之上
之下,鄰近前述物體的底部或低於該物體位置。,上面
之下,鄰近前述物體的底部或低於該物體位置。,以上
之下,比喻階級架構中低於前述階級的階級。,以上
之下,比喻階級架構中低於前述階級的階級。,以上
之下,被前述物體覆蓋住的物體的位置。,上
之下,被前述物體覆蓋住的物體的位置。,上面
之下,被前述物體覆蓋住的物體的位置。,上面
之下,被前述物體覆蓋住的物體的位置。,上
之內,在前述對象所包含的空間範圍。,外
之內,在前述對象所包含的空間範圍。,以外
之內,在前述對象所包含的空間範圍。,之外
之內,在前述對象所包含的空間範圍。,外面
之內,在前述對象所包含的空間範圍。,以外
之內,在前述對象所包含的空間範圍。,之外
之內,在前述對象所包含的空間範圍。,外
之內,在前述對象所包含的空間範圍。,外面
之內,在前述的機構或領域範圍。,外
之內,在前述的機構或領域範圍。,以外
之內,在前述的機構或領域範圍。,之外
之內,在前述的機構或領域範圍。,外面
之內,在前述的機構或領域範圍。,以外
之內,在前述的機構或領域範圍。,之外
之內,在前述的機構或領域範圍。,外
之內,在前述的機構或領域範圍。,外面
之前,早於特定參考時間點或事件。,後
之前,早於特定參考時間點或事件。,后
之前,早於特定參考時間點或事件。,之後
之前,早於特定參考時間點或事件。,之后
之前,早於特定參考時間點或事件。,以後
之前,早於特定參考時間點或事件。,以后
之前,早於特定參考時間點或事件。,以降
之前,早於特定參考時間點或事件。,以下
之前,早於特定參考時間點或事件。,後
之前,早於特定參考時間點或事件。,以後
之前,早於特定參考時間點或事件。,以降
之前,早於特定參考時間點或事件。,之後
之前,早於特定參考時間點或事件。,以后
之前,早於特定參考時間點或事件。,之后
之前,早於特定參考時間點或事件。,后
之前,早於特定參考時間點或事件。,以下
之前,在時間參考點之前的時段。,後
之前,在時間參考點之前的時段。,后
之前,在時間參考點之前的時段。,後面
之前,在時間參考點之前的時段。,后
之前,在時間參考點之前的時段。,後
之前,在時間參考點之前的時段。,后
之前,在時間參考點之前的時段。,後面
之前,位置或順序在另一物體的前面。,之後
之前,位置或順序在另一物體的前面。,之后
之前,位置或順序在另一物體的前面。,之後
之前,位置或順序在另一物體的前面。,之后
之后,晚於特定時間參考點或事件。,前
之后,晚於特定時間參考點或事件。,之前
之后,晚於特定時間參考點或事件。,以前
之后,晚於特定時間參考點或事件。,前面
之后,晚於特定時間參考點或事件。,以上
之后,晚於特定時間參考點或事件。,以前
之后,晚於特定時間參考點或事件。,之前
之后,晚於特定時間參考點或事件。,前
之后,晚於特定時間參考點或事件。,前面
之后,晚於特定時間參考點或事件。,以上
之后,晚於現在或前述事件的時段。,前
之后,晚於現在或前述事件的時段。,早
之后,晚於現在或前述事件的時段。,前面
之后,晚於現在或前述事件的時段。,過去
之后,晚於現在或前述事件的時段。,過往
之后,晚於現在或前述事件的時段。,早
之后,晚於現在或前述事件的時段。,前
之后,晚於現在或前述事件的時段。,前面
之后,晚於現在或前述事件的時段。,過去
之后,晚於現在或前述事件的時段。,過往
之后,位置或順序在另一物體的後面。,之前
之后,位置或順序在另一物體的後面。,之前
之外,不在前述對象所包含的空間範圍。,內
之外,不在前述對象所包含的空間範圍。,以內
之外,不在前述對象所包含的空間範圍。,之內
之外,不在前述對象所包含的空間範圍。,裡
之外,不在前述對象所包含的空間範圍。,裏
之外,不在前述對象所包含的空間範圍。,中
之外,不在前述對象所包含的空間範圍。,內部
之外,不在前述對象所包含的空間範圍。,裡面
之外,不在前述對象所包含的空間範圍。,裡頭
之外,不在前述對象所包含的空間範圍。,裏
之外,不在前述對象所包含的空間範圍。,際
之外,不在前述對象所包含的空間範圍。,以內
之外,不在前述對象所包含的空間範圍。,中
之外,不在前述對象所包含的空間範圍。,之內
之外,不在前述對象所包含的空間範圍。,內
之外,不在前述對象所包含的空間範圍。,裡
之外,不在前述對象所包含的空間範圍。,裏
之外,不在前述對象所包含的空間範圍。,內部
之外,不在前述對象所包含的空間範圍。,裡面
之外,不在前述對象所包含的空間範圍。,際
之外,不在前述對象所包含的空間範圍。,裡頭
之外,不在前述的機構或領域範圍。,內
之外,不在前述的機構或領域範圍。,以內
之外,不在前述的機構或領域範圍。,之內
之外,不在前述的機構或領域範圍。,裏
之外,不在前述的機構或領域範圍。,裡
之外,不在前述的機構或領域範圍。,中
之外,不在前述的機構或領域範圍。,內部
之外,不在前述的機構或領域範圍。,裡面
之外,不在前述的機構或領域範圍。,裡頭
之外,不在前述的機構或領域範圍。,裏
之外,不在前述的機構或領域範圍。,以內
之外,不在前述的機構或領域範圍。,中
之外,不在前述的機構或領域範圍。,之內
之外,不在前述的機構或領域範圍。,內
之外,不在前述的機構或領域範圍。,裡
之外,不在前述的機構或領域範圍。,裏
之外,不在前述的機構或領域範圍。,內部
之外,不在前述的機構或領域範圍。,裡面
之外,不在前述的機構或領域範圍。,裡頭
之後,晚於特定時間參考點或事件。,前
之後,晚於特定時間參考點或事件。,之前
之後,晚於特定時間參考點或事件。,以前
之後,晚於特定時間參考點或事件。,前面
之後,晚於特定時間參考點或事件。,以上
之後,晚於特定時間參考點或事件。,以前
之後,晚於特定時間參考點或事件。,之前
之後,晚於特定時間參考點或事件。,前
之後,晚於特定時間參考點或事件。,前面
之後,晚於特定時間參考點或事件。,以上
之後,晚於現在或前述事件的時段。,前
之後,晚於現在或前述事件的時段。,早
之後,晚於現在或前述事件的時段。,前面
之後,晚於現在或前述事件的時段。,過去
之後,晚於現在或前述事件的時段。,過往
之後,晚於現在或前述事件的時段。,早
之後,晚於現在或前述事件的時段。,前
之後,晚於現在或前述事件的時段。,前面
之後,晚於現在或前述事件的時段。,過去
之後,晚於現在或前述事件的時段。,過往
之後,位置或順序在另一物體的後面。,之前
之後,位置或順序在另一物體的後面。,之前
乾,形容沒有水份的或含水份少的。,濕
乾,形容沒有水份的或含水份少的。,溼
乾,形容物體表面沒有水份附著。,濕
乾,形容物體表面沒有水份附著。,溼
乾,形容物體表面沒有水份附著。,濕
乾,形容物體表面沒有水份附著。,溼
乾,形容物體變乾。,濕
乾,形容物體變乾。,溼
乾,形容物體變乾。,濕
乾,形容物體變乾。,溼
乾,形容濕度比正常狀態下低。,濕
乾,形容濕度比正常狀態下低。,溼
乾,形容濕度比正常狀態下低。,潮濕
乾,形容濕度比正常狀態下低。,濕
乾,形容濕度比正常狀態下低。,溼
乾,表不使用任何水份的。,水
乾,表不使用任何水份的。,水
乾,水墨畫筆勢的一種，含墨量少。,濕
乾,水墨畫筆勢的一種，含墨量少。,溼
乾,水墨畫筆勢的一種，含墨量少。,濕
乾,水墨畫筆勢的一種，含墨量少。,溼
乾淨,形容沒有污垢雜質的。,髒
乾淨,形容沒有污垢雜質的。,汙
乾淨,形容沒有污垢雜質的。,骯髒
乾淨,形容沒有污垢雜質的。,骯髒
乾淨,形容沒有污垢雜質的。,汙
乾淨,形容沒有污垢雜質的。,垢
乾淨,形容沒有污垢雜質的。,污
乾淨,形容沒有污垢雜質的。,污
乾淨,形容比喻有公理正義的。,黑
乾淨,形容比喻有公理正義的。,汙
乾淨,形容比喻有公理正義的。,污
乾淨,形容比喻有公理正義的。,汙
乾淨,形容比喻有公理正義的。,黑
乾淨,形容比喻有公理正義的。,污
亂,形容比喻心思情緒不安定。,靜
亂,形容比喻心思情緒不安定。,靜
亂,使特定對象心思情緒無法安定。,靜
亂,使特定對象心思情緒無法安定。,靜
于,引介動作或狀態達到的階段或程度。,不到
于,引介動作或狀態達到的階段或程度。,不到
亞當,代指男子。,夏娃
亞當,代指男子。,夏娃
亡,形容生物失去生命。,生存
亡,形容生物失去生命。,生存
亡,形容生物失去生命。,生
亡,形容生物失去生命。,生
亡,形容生物失去生命。,昌
亡,形容生物失去生命。,存
亡,形容生物失去生命。,活
亡,使後述對象失去生命。,活
亡,使後述對象失去生命。,活
亡,形容比喻特定對象終止不再存在。,立
亡,形容比喻特定對象終止不再存在。,存
亡,形容比喻特定對象終止不再存在。,活
亡,形容比喻特定對象終止不再存在。,存在
亡,形容比喻特定對象終止不再存在。,存在
亢,形容音高高於比較對象的。,低
亢,形容音高高於比較對象的。,低
交,形容從事與交通相關的。,接棒
亮,形容光源的光線充足。,暗
亮,形容光源的光線充足。,暗
亮,形容有足夠光線照射的。,昏
亮,形容有足夠光線照射的。,暗
亮,形容有足夠光線照射的。,黑
亮,形容有足夠光線照射的。,黑
亮,形容有足夠光線照射的。,暗
亮,形容有足夠光線照射的。,昏
亮,燈光被點亮。,暗
亮,燈光被點亮。,暗
亮,形容比喻顏色較淺且亮度高的。,暗
亮,形容比喻顏色較淺且亮度高的。,暗
亮,形容人或物的外表好看使觀者感到愉悅而讚賞的。,醜
亮,形容人或物的外表好看使觀者感到愉悅而讚賞的。,陋
亮,形容人或物的外表好看使觀者感到愉悅而讚賞的。,醜
亮,形容人或物的外表好看使觀者感到愉悅而讚賞的。,陋
人,身心發育成熟的人。,小
人,身心發育成熟的人。,小
今,說話者所在的時間參考點。,古
今,姓。,古
仔,父母對自己所生育的男性後代的指稱。,女
仔,父母對自己所生育的男性後代的指稱。,女生
仔,父母對自己所生育的男性後代的指稱。,女兒
仔,父母對自己所生育的男性後代的指稱。,女生
仔,父母對自己所生育的男性後代的指稱。,女兒
仔,父母對自己所生育的男性後代的指稱。,女
以上,高於前述部位的部位或高於前述物體的位置。,之下
以上,高於前述部位的部位或高於前述物體的位置。,下
以上,高於前述部位的部位或高於前述物體的位置。,下面
以上,高於前述部位的部位或高於前述物體的位置。,以下
以上,高於前述部位的部位或高於前述物體的位置。,以下
以上,程度等於或高於前述對象。,以下
以上,程度等於或高於前述對象。,以下
以上,階級架構中高於前述階級的階級。,以下
以上,階級架構中高於前述階級的階級。,之下
以上,階級架構中高於前述階級的階級。,下
以上,階級架構中高於前述階級的階級。,下面
以上,階級架構中高於前述階級的階級。,之下
以上,階級架構中高於前述階級的階級。,下
以上,階級架構中高於前述階級的階級。,下面
以上,階級架構中高於前述階級的階級。,以下
以上,等於或高於前述數目。,以下
以上,等於或高於前述數目。,以下
以上,順序在參考點之前的文本。,以下
以上,順序在參考點之前的文本。,下
以上,順序在參考點之前的文本。,稍後
以上,順序在參考點之前的文本。,下面
以上,順序在參考點之前的文本。,下
以上,順序在參考點之前的文本。,稍後
以上,順序在參考點之前的文本。,下面
以上,順序在參考點之前的文本。,以下
以上,早於特定參考時間點或事件。,以下
以上,早於特定參考時間點或事件。,以降
以上,早於特定參考時間點或事件。,後
以上,早於特定參考時間點或事件。,后
以上,早於特定參考時間點或事件。,以後
以上,早於特定參考時間點或事件。,以后
以上,早於特定參考時間點或事件。,之後
以上,早於特定參考時間點或事件。,之后
以上,早於特定參考時間點或事件。,以降
以上,早於特定參考時間點或事件。,後
以上,早於特定參考時間點或事件。,后
以上,早於特定參考時間點或事件。,以後
以上,早於特定參考時間點或事件。,以后
以上,早於特定參考時間點或事件。,之後
以上,早於特定參考時間點或事件。,之后
以上,早於特定參考時間點或事件。,以下
以下,低於前述部位的部位或低於前述物體的位置。,上
以下,低於前述部位的部位或低於前述物體的位置。,之上
以下,低於前述部位的部位或低於前述物體的位置。,上面
以下,低於前述部位的部位或低於前述物體的位置。,以上
以下,低於前述部位的部位或低於前述物體的位置。,以上
以下,程度等於或低於前述對象。,以上
以下,程度等於或低於前述對象。,以上
以下,階級架構中低於前述階級的階級。,以上
以下,階級架構中低於前述階級的階級。,以上
以下,等於或低於前述數目。,以上
以下,等於或低於前述數目。,以上
以下,在參考點之後的文本順序。,上
以下,在參考點之後的文本順序。,上面
以下,在參考點之後的文本順序。,以上
以下,在參考點之後的文本順序。,上
以下,在參考點之後的文本順序。,上面
以下,在參考點之後的文本順序。,以上
以下,晚於特定時間參考點或事件。,前
以下,晚於特定時間參考點或事件。,以前
以下,晚於特定時間參考點或事件。,之前
以下,晚於特定時間參考點或事件。,前面
以下,晚於特定時間參考點或事件。,以上
以下,晚於特定時間參考點或事件。,之前
以下,晚於特定時間參考點或事件。,前
以下,晚於特定時間參考點或事件。,以前
以下,晚於特定時間參考點或事件。,前面
以下,晚於特定時間參考點或事件。,以上
以內,在前述對象所包含的空間範圍。,外
以內,在前述對象所包含的空間範圍。,以外
以內,在前述對象所包含的空間範圍。,之外
以內,在前述對象所包含的空間範圍。,外面
以內,在前述對象所包含的空間範圍。,以外
以內,在前述對象所包含的空間範圍。,之外
以內,在前述對象所包含的空間範圍。,外
以內,在前述對象所包含的空間範圍。,外面
以內,在前述的機構或領域範圍。,外
以內,在前述的機構或領域範圍。,以外
以內,在前述的機構或領域範圍。,之外
以內,在前述的機構或領域範圍。,外面
以內,在前述的機構或領域範圍。,以外
以內,在前述的機構或領域範圍。,之外
以內,在前述的機構或領域範圍。,外
以內,在前述的機構或領域範圍。,外面
以前,早於特定參考時間點或事件。,後
以前,早於特定參考時間點或事件。,后
以前,早於特定參考時間點或事件。,之後
以前,早於特定參考時間點或事件。,之后
以前,早於特定參考時間點或事件。,以後
以前,早於特定參考時間點或事件。,以后
以前,早於特定參考時間點或事件。,以降
以前,早於特定參考時間點或事件。,以下
以前,早於特定參考時間點或事件。,後
以前,早於特定參考時間點或事件。,以後
以前,早於特定參考時間點或事件。,以降
以前,早於特定參考時間點或事件。,之後
以前,早於特定參考時間點或事件。,以后
以前,早於特定參考時間點或事件。,之后
以前,早於特定參考時間點或事件。,后
以前,早於特定參考時間點或事件。,以下
以前,在時間參考點之前的時段。,後
以前,在時間參考點之前的時段。,后
以前,在時間參考點之前的時段。,後面
以前,在時間參考點之前的時段。,后
以前,在時間參考點之前的時段。,後
以前,在時間參考點之前的時段。,后
以前,在時間參考點之前的時段。,後面
以后,晚於特定時間參考點或事件。,前
以后,晚於特定時間參考點或事件。,之前
以后,晚於特定時間參考點或事件。,以前
以后,晚於特定時間參考點或事件。,前面
以后,晚於特定時間參考點或事件。,以上
以后,晚於特定時間參考點或事件。,以前
以后,晚於特定時間參考點或事件。,之前
以后,晚於特定時間參考點或事件。,前
以后,晚於特定時間參考點或事件。,前面
以后,晚於特定時間參考點或事件。,以上
以后,晚於現在或前述事件的時段。,前
以后,晚於現在或前述事件的時段。,早
以后,晚於現在或前述事件的時段。,前面
以后,晚於現在或前述事件的時段。,過去
以后,晚於現在或前述事件的時段。,過往
以后,晚於現在或前述事件的時段。,早
以后,晚於現在或前述事件的時段。,前
以后,晚於現在或前述事件的時段。,前面
以后,晚於現在或前述事件的時段。,過去
以后,晚於現在或前述事件的時段。,過往
以外,不在前述對象所包含的空間範圍。,內
以外,不在前述對象所包含的空間範圍。,以內
以外,不在前述對象所包含的空間範圍。,之內
以外,不在前述對象所包含的空間範圍。,裡
以外,不在前述對象所包含的空間範圍。,裏
以外,不在前述對象所包含的空間範圍。,中
以外,不在前述對象所包含的空間範圍。,內部
以外,不在前述對象所包含的空間範圍。,裡面
以外,不在前述對象所包含的空間範圍。,裡頭
以外,不在前述對象所包含的空間範圍。,裏
以外,不在前述對象所包含的空間範圍。,際
以外,不在前述對象所包含的空間範圍。,以內
以外,不在前述對象所包含的空間範圍。,中
以外,不在前述對象所包含的空間範圍。,之內
以外,不在前述對象所包含的空間範圍。,內
以外,不在前述對象所包含的空間範圍。,裡
以外,不在前述對象所包含的空間範圍。,裏
以外,不在前述對象所包含的空間範圍。,內部
以外,不在前述對象所包含的空間範圍。,裡面
以外,不在前述對象所包含的空間範圍。,際
以外,不在前述對象所包含的空間範圍。,裡頭
以外,不在前述的機構或領域範圍。,內
以外,不在前述的機構或領域範圍。,以內
以外,不在前述的機構或領域範圍。,之內
以外,不在前述的機構或領域範圍。,裏
以外,不在前述的機構或領域範圍。,裡
以外,不在前述的機構或領域範圍。,中
以外,不在前述的機構或領域範圍。,內部
以外,不在前述的機構或領域範圍。,裡面
以外,不在前述的機構或領域範圍。,裡頭
以外,不在前述的機構或領域範圍。,裏
以外,不在前述的機構或領域範圍。,以內
以外,不在前述的機構或領域範圍。,中
以外,不在前述的機構或領域範圍。,之內
以外,不在前述的機構或領域範圍。,內
以外,不在前述的機構或領域範圍。,裡
以外,不在前述的機構或領域範圍。,裏
以外,不在前述的機構或領域範圍。,內部
以外,不在前述的機構或領域範圍。,裡面
以外,不在前述的機構或領域範圍。,裡頭
以往,在時間參考點之前的時段。,後
以往,在時間參考點之前的時段。,后
以往,在時間參考點之前的時段。,後面
以往,在時間參考點之前的時段。,后
以往,在時間參考點之前的時段。,後
以往,在時間參考點之前的時段。,后
以往,在時間參考點之前的時段。,後面
以往,晚於現在或前述事件的時段。,前
以往,晚於現在或前述事件的時段。,早
以往,晚於現在或前述事件的時段。,前面
以往,晚於現在或前述事件的時段。,過去
以往,晚於現在或前述事件的時段。,過往
以往,晚於現在或前述事件的時段。,前
以往,晚於現在或前述事件的時段。,前面
以往,晚於現在或前述事件的時段。,早
以往,晚於現在或前述事件的時段。,過去
以往,晚於現在或前述事件的時段。,過往
以後,晚於特定時間參考點或事件。,前
以後,晚於特定時間參考點或事件。,之前
以後,晚於特定時間參考點或事件。,以前
以後,晚於特定時間參考點或事件。,前面
以後,晚於特定時間參考點或事件。,以上
以後,晚於特定時間參考點或事件。,以前
以後,晚於特定時間參考點或事件。,之前
以後,晚於特定時間參考點或事件。,前
以後,晚於特定時間參考點或事件。,前面
以後,晚於特定時間參考點或事件。,以上
以後,晚於現在或前述事件的時段。,前
以後,晚於現在或前述事件的時段。,早
以後,晚於現在或前述事件的時段。,前面
以後,晚於現在或前述事件的時段。,過去
以後,晚於現在或前述事件的時段。,過往
以後,晚於現在或前述事件的時段。,早
以後,晚於現在或前述事件的時段。,前
以後,晚於現在或前述事件的時段。,前面
以後,晚於現在或前述事件的時段。,過去
以後,晚於現在或前述事件的時段。,過往
以降,晚於特定時間參考點或事件。,前
以降,晚於特定時間參考點或事件。,以前
以降,晚於特定時間參考點或事件。,之前
以降,晚於特定時間參考點或事件。,前面
以降,晚於特定時間參考點或事件。,以上
以降,晚於特定時間參考點或事件。,以前
以降,晚於特定時間參考點或事件。,之前
以降,晚於特定時間參考點或事件。,前
以降,晚於特定時間參考點或事件。,前面
以降,晚於特定時間參考點或事件。,以上
仰,依靠其他對象而不能自己獨立。,獨立
仰,依靠其他對象而不能自己獨立。,獨立
仰,依靠其他對象而不能自己獨立。,獨立
仰賴,依靠其他對象而不能自己獨立。,獨立
仰賴,依靠其他對象而不能自己獨立。,獨立
仲,對同父或同母所生並比自己後出生的男子的指稱。,哥哥
仲,對同父或同母所生並比自己後出生的男子的指稱。,哥
仲,對同父或同母所生並比自己後出生的男子的指稱。,兄
仲,對同父或同母所生並比自己後出生的男子的指稱。,昆
仲,對同父或同母所生並比自己後出生的男子的指稱。,昆
仲,對同父或同母所生並比自己後出生的男子的指稱。,哥哥
仲,對同父或同母所生並比自己後出生的男子的指稱。,哥
仲,對同父或同母所生並比自己後出生的男子的指稱。,兄
仲,同父或同母生的男子，後出生者。,哥哥
仲,同父或同母生的男子，後出生者。,哥
仲,同父或同母生的男子，後出生者。,兄
仲,同父或同母生的男子，後出生者。,昆
仲,同父或同母生的男子，後出生者。,昆
仲,同父或同母生的男子，後出生者。,哥哥
仲,同父或同母生的男子，後出生者。,哥
仲,同父或同母生的男子，後出生者。,兄
仿,形容未經過品牌驗證或授權而仿造的。,真
仿,形容未經過品牌驗證或授權而仿造的。,真
仿,形容不具有實際功能與身份，是偽裝的。,真
仿,形容不具有實際功能與身份，是偽裝的。,真
仿,形容物質非自然生成，而是人工合成的。,真
仿,形容物質非自然生成，而是人工合成的。,真
企,表心中存有完成後述事件的願望。,不要
企,表心中存有完成後述事件的願望。,不要
伏,特定物體往下移動。,起
伏,特定物體往下移動。,起
伏,形容特定線條向下凹陷。,起
伏,形容特定線條向下凹陷。,起
伏,比喻音量變小或音高變低。,起
伏,比喻音量變小或音高變低。,起
伏,形容比喻特定事件朝向負面發展。,起
伏,形容比喻特定事件朝向負面發展。,起
伏,比喻情緒舒緩。,起
伏,比喻情緒舒緩。,激
伏,比喻情緒舒緩。,起
伯,對父親的哥哥的指稱。,叔
伯,對父親的哥哥的指稱。,叔
伯,父親的哥哥。,叔
伯,父親的哥哥。,叔
伯,對與父親同輩且年紀較父親大的男子的指稱。,叔
伯,對與父親同輩且年紀較父親大的男子的指稱。,叔
伯,女子對丈夫的哥哥的指稱。,叔
伯,女子對丈夫的哥哥的指稱。,小
伯,女子對丈夫的哥哥的指稱。,叔
低,形容物體從頂部到地面的距離小於比較對象的。,高
低,形容物體從頂部到地面的距離小於比較對象的。,高
低,形容前述物體從頂部到地面的距離變小。,高
低,形容前述物體從頂部到地面的距離變小。,升高
低,形容前述物體從頂部到地面的距離變小。,昇高
低,形容前述物體從頂部到地面的距離變小。,升高
低,形容前述物體從頂部到地面的距離變小。,高
低,形容前述物體從頂部到地面的距離變小。,昇高
低,形容物體所處的位置離地面的距離小於比較對象。,高
低,形容物體所處的位置離地面的距離小於比較對象。,高
低,形容比喻輩份或地位階級小於比較對象的。,高
低,形容比喻輩份或地位階級小於比較對象的。,高
低,形容比喻前述對象輩份或地位階級變小。,高
低,形容比喻前述對象輩份或地位階級變小。,升高
低,形容比喻前述對象輩份或地位階級變小。,昇高
低,形容比喻前述對象輩份或地位階級變小。,升高
低,形容比喻前述對象輩份或地位階級變小。,高
低,形容比喻前述對象輩份或地位階級變小。,昇高
低,形容數值小於比較對象的。,高
低,形容數值小於比較對象的。,高
低,形容數值變小。,高
低,形容數值變小。,升高
低,形容數值變小。,昇高
低,形容數值變小。,升高
低,形容數值變小。,高
低,形容數值變小。,昇高
低,形容音高低於比較對象的。,高
低,形容音高低於比較對象的。,亢
低,形容音高低於比較對象的。,亢
低,形容音高低於比較對象的。,高
低,形容音高變低。,高
低,形容音高變低。,升高
低,形容音高變低。,昇高
低,形容音高變低。,升高
低,形容音高變低。,高
低,形容音高變低。,昇高
低,形容聲量小，音調低，讓他人不容易聽到。,高聲
低,形容聲量小，音調低，讓他人不容易聽到。,高聲
低,形容程度或標準低於比較對象的。,高
低,形容程度或標準低於比較對象的。,高度
低,形容程度或標準低於比較對象的。,高
低,形容程度或標準低於比較對象的。,高度
低,形容程度或標準變低。,高
低,形容程度或標準變低。,升高
低,形容程度或標準變低。,昇高
低,形容程度或標準變低。,升高
低,形容程度或標準變低。,高
低,形容程度或標準變低。,昇高
低於,高度小於後述比較對象。,高於
低於,高度小於後述比較對象。,高於
低於,數目或數量小於後述比較對象。,高於
低於,數目或數量小於後述比較對象。,高於
低於,程度小於後述比較對象。,高於
低於,程度小於後述比較對象。,高於
低於,社會地位小於後述比較對象。,高於
低於,社會地位小於後述比較對象。,高於
低溫,數值小於比較對象的溫度。,高溫
低溫,數值小於比較對象的溫度。,高溫
低溫,形容溫度數值小於比較對象。,高溫
低溫,形容溫度數值小於比較對象。,高溫
低聲,表聲量小，音調低，讓他人不容易聽到。,高聲
低聲,表聲量小，音調低，讓他人不容易聽到。,高聲
低調,形容不明顯。,高調
低調,形容不明顯。,高調
作戰,進行武力衝突。,和
作戰,進行武力衝突。,和解
佳,形容對特定對象的評價是正面的。,壞
佳,形容對特定對象的評價是正面的。,差
佳,形容對特定對象的評價是正面的。,柴
佳,形容對特定對象的評價是正面的。,否
佳,形容對特定對象的評價是正面的。,劣
佳,形容對特定對象的評價是正面的。,菜
佳,形容對特定對象的評價是正面的。,糟
佳,形容對特定對象的評價是正面的。,遜
佳,形容對特定對象的評價是正面的。,惡
佳,形容對特定對象的評價是正面的。,不良
佳,形容對特定對象的評價是正面的。,孬
佳,形容對特定對象的評價是正面的。,差
佳,形容對特定對象的評價是正面的。,劣
佳,形容對特定對象的評價是正面的。,差
佳,形容對特定對象的評價是正面的。,柴
佳,形容對特定對象的評價是正面的。,不良
佳,形容對特定對象的評價是正面的。,孬
佳,形容對特定對象的評價是正面的。,壞
佳,形容對特定對象的評價是正面的。,否
佳,形容對特定對象的評價是正面的。,菜
佳,形容對特定對象的評價是正面的。,劣
佳,形容對特定對象的評價是正面的。,糟
佳,形容對特定對象的評價是正面的。,惡
佳,形容對特定對象的評價是正面的。,遜
佳,形容對特定對象的評價是正面的。,不佳
使得,對特定事件的發生表示接受。,不可
使得,對特定事件的發生表示接受。,不可以
使得,對特定事件的發生表示接受。,不許
使得,對特定事件的發生表示接受。,不容
使得,對特定事件的發生表示接受。,不能
使得,對特定事件的發生表示接受。,不容
使得,對特定事件的發生表示接受。,不可
使得,對特定事件的發生表示接受。,不許
使得,對特定事件的發生表示接受。,不可以
使得,對特定事件的發生表示接受。,不能
來,表前述對象進行後述事件。,去
來,表前述對象進行後述事件。,去
來,表說話者在動作朝向的方向的語氣。,去
來,表說話者在動作朝向的方向的語氣。,去
來不及,表沒有足夠的時間進行後述事件。,來得及
來不及,表沒有足夠的時間進行後述事件。,來得及
來不及,形容前述事件從時效上來看已經太晚而無法挽回了。,來得及
來不及,形容前述事件從時效上來看已經太晚而無法挽回了。,來得及
來得及,表有足夠的時間進行後述事件。,來不及
來得及,表有足夠的時間進行後述事件。,不及
來得及,表有足夠的時間進行後述事件。,來不及
來得及,表有足夠的時間進行後述事件。,不及
來得及,形容前述事件從時效上來看不會太晚。,來不及
來得及,形容前述事件從時效上來看不會太晚。,莫及
來得及,形容前述事件從時效上來看不會太晚。,來不及
來得及,形容前述事件從時效上來看不會太晚。,莫及
依賴,依靠其他對象而不能自己獨立。,獨立
依賴,依靠其他對象而不能自己獨立。,獨立
便利,形容容易達到使用目的。,不便
便利,形容容易達到使用目的。,不便
便利,形容容易達到使用目的。,不便
便宜,形容容易達到使用目的。,不便
便宜,形容容易達到使用目的。,不便
便宜,形容容易達到使用目的。,不便
便宜,形容容易達到使用目的。,昂
便宜,形容容易達到使用目的。,貴
便宜,形容容易達到使用目的。,貴
便宜,形容物品價錢比預期低。,昂
便宜,形容物品價錢比預期低。,貴
便宜,形容物品價錢比預期低。,貴
保有,維持擁有的狀態。,沒
保有,維持擁有的狀態。,無
保有,維持擁有的狀態。,沒有
倒,表特定對象的順序與預期的順序形成完全的對比。,正
倒,表特定對象的順序與預期的順序形成完全的對比。,正
倒,形容特定對象的位置是上下顛倒的。,正
倒,形容特定對象的位置是上下顛倒的。,正
假,形容不符合客觀事實而捏造的，通常有欺騙的意圖。,真
假,形容不符合客觀事實而捏造的，通常有欺騙的意圖。,實
假,形容不符合客觀事實而捏造的，通常有欺騙的意圖。,真實
假,形容不符合客觀事實而捏造的，通常有欺騙的意圖。,真
假,形容不符合客觀事實而捏造的，通常有欺騙的意圖。,真實
假,形容不符合客觀事實而捏造的，通常有欺騙的意圖。,實
假,形容不符合客觀事實而捏造的，通常有欺騙的意圖。,真
假,形容不符合客觀事實而捏造的，通常有欺騙的意圖。,真實
假,形容未經過品牌驗證或授權而仿造的。,真
假,形容未經過品牌驗證或授權而仿造的。,真
假,形容不具有實際功能與身份，是偽裝的。,真
假,形容不具有實際功能與身份，是偽裝的。,真
假,形容物質非自然生成，而是人工合成的。,真
假,形容物質非自然生成，而是人工合成的。,真
假,形容強調說話者對後述描述內容的否定。,真
假,形容強調說話者對後述描述內容的否定。,真實
假,形容強調說話者對後述描述內容的否定。,真
假,形容強調說話者對後述描述內容的否定。,真實
假,形容經過整型手術而改變器官外貌的。,真
假,形容經過整型手術而改變器官外貌的。,真
假,形容與對象的原貌有差距的。,真
假,形容與對象的原貌有差距的。,真
假,形容與對象的原貌有差距的。,真
假,形容表現的情感不是發自內心的。,真
假,形容表現的情感不是發自內心的。,真
假,形容表現的情感不是發自內心的。,真
假,形容沒有明確的主觀意識或沒有確實執行的。,真
假,形容沒有明確的主觀意識或沒有確實執行的。,真
假,形容對主事者沒有實質利益的。,真
假,形容對主事者沒有實質利益的。,真
假,假的對象。,真
假,假的對象。,真
偏,形容位置不在中間的。,正
偏,形容位置不在中間的。,正
偏,看重並強調後述對象。,輕
偏,看重並強調後述對象。,薄
偏,看重並強調後述對象。,薄
偏,看重並強調後述對象。,輕
偶,用特定材料製成的動物形狀的物品。,奇
偶,能被二除盡的數。,奇
偶,表事件發生的頻率很低。,奇
偶,代指說話者。,奇
偶,姓。,奇
偽,形容物質非自然生成，而是人工合成的。,真
偽,形容物質非自然生成，而是人工合成的。,真
偽,形容強調說話者對後述描述內容的否定。,真
偽,形容強調說話者對後述描述內容的否定。,真實
偽,形容強調說話者對後述描述內容的否定。,真
偽,形容強調說話者對後述描述內容的否定。,真實
偽,形容經過整型手術而改變器官外貌的。,真
偽,形容經過整型手術而改變器官外貌的。,真
偽,假的對象。,真
偽,假的對象。,真
偽,形容不符合客觀事實而捏造的，通常有欺騙的意圖。,真
偽,形容不符合客觀事實而捏造的，通常有欺騙的意圖。,實
偽,形容不符合客觀事實而捏造的，通常有欺騙的意圖。,真實
偽,形容不符合客觀事實而捏造的，通常有欺騙的意圖。,真
偽,形容不符合客觀事實而捏造的，通常有欺騙的意圖。,真實
偽,形容不符合客觀事實而捏造的，通常有欺騙的意圖。,實
偽,形容不符合客觀事實而捏造的，通常有欺騙的意圖。,真
偽,形容不符合客觀事實而捏造的，通常有欺騙的意圖。,真實
偽,形容未經過品牌驗證或授權而仿造的。,真
偽,形容未經過品牌驗證或授權而仿造的。,真
偽,形容不具有實際功能與身份，是偽裝的。,真
偽,形容不具有實際功能與身份，是偽裝的。,真
傲,形容比喻個性強硬，不易妥協。,柔
傲,形容比喻個性強硬，不易妥協。,綿
傲,形容比喻個性強硬，不易妥協。,柔
傲,形容比喻個性強硬，不易妥協。,綿
傲,形容比喻個性強硬，不易妥協。,柔
傲,形容比喻個性強硬，不易妥協。,綿
僅,表限定範圍。,不光
僅,表限定範圍。,不只
僅,表限定範圍。,不止
僅,表限定範圍。,不祇
僅,表限定範圍。,不僅
僅,表限定範圍。,不僅僅
僅,表限定範圍。,不止
僅,表限定範圍。,不僅
僅,表限定範圍。,不光
僅,表限定範圍。,不僅僅
僅,表限定範圍。,不只
僅,表限定範圍。,不祇
優,形容對特定對象的評價是正面的。,壞
優,形容對特定對象的評價是正面的。,差
優,形容對特定對象的評價是正面的。,柴
優,形容對特定對象的評價是正面的。,否
優,形容對特定對象的評價是正面的。,劣
優,形容對特定對象的評價是正面的。,菜
優,形容對特定對象的評價是正面的。,糟
優,形容對特定對象的評價是正面的。,惡
優,形容對特定對象的評價是正面的。,不良
優,形容對特定對象的評價是正面的。,孬
優,形容對特定對象的評價是正面的。,遜
優,形容對特定對象的評價是正面的。,差
優,形容對特定對象的評價是正面的。,劣
優,形容對特定對象的評價是正面的。,差
優,形容對特定對象的評價是正面的。,柴
優,形容對特定對象的評價是正面的。,不良
優,形容對特定對象的評價是正面的。,孬
優,形容對特定對象的評價是正面的。,壞
優,形容對特定對象的評價是正面的。,否
優,形容對特定對象的評價是正面的。,劣
優,形容對特定對象的評價是正面的。,菜
優,形容對特定對象的評價是正面的。,糟
優,形容對特定對象的評價是正面的。,惡
優,形容對特定對象的評價是正面的。,遜
優點,特定對象的正面特質。,短
優點,特定對象的正面特質。,不足
兄,對同父或同母所生並比自己先出生的男子的指稱。,弟弟
兄,對同父或同母所生並比自己先出生的男子的指稱。,弟
兄,對同父或同母所生並比自己先出生的男子的指稱。,仲
兄,對同父或同母所生並比自己先出生的男子的指稱。,弟弟
兄,對同父或同母所生並比自己先出生的男子的指稱。,弟
兄,對同父或同母所生並比自己先出生的男子的指稱。,仲
兄,同父或同母生的男子，先出生者。,弟弟
兄,同父或同母生的男子，先出生者。,弟
兄,同父或同母生的男子，先出生者。,仲
兄,同父或同母生的男子，先出生者。,弟弟
兄,同父或同母生的男子，先出生者。,弟
兄,同父或同母生的男子，先出生者。,仲
兄,同輩而年紀比自己大的男子。,弟弟
兄,同輩而年紀比自己大的男子。,弟
兄,同輩而年紀比自己大的男子。,弟弟
兄,同輩而年紀比自己大的男子。,弟
兄弟,同父或同母生的男子，先出生者為兄，後出生者為弟。,姐妹
兄弟,同父或同母生的男子，先出生者為兄，後出生者為弟。,姐妹
兄弟,彼此交情深厚的男性朋友。,姐妹
兄弟,輩分相當或身分地位相近的男子。,姐妹
兄弟,輩分相當或身分地位相近的男子。,姐妹
先生,對女子在婚姻關係中的配偶的指稱。,妻子
先生,對女子在婚姻關係中的配偶的指稱。,太太
先生,對女子在婚姻關係中的配偶的指稱。,房
先生,對女子在婚姻關係中的配偶的指稱。,妻
先生,對女子在婚姻關係中的配偶的指稱。,婦
先生,對女子在婚姻關係中的配偶的指稱。,室
先生,對女子在婚姻關係中的配偶的指稱。,室
先生,對女子在婚姻關係中的配偶的指稱。,太太
先生,對女子在婚姻關係中的配偶的指稱。,妻子
先生,對女子在婚姻關係中的配偶的指稱。,房
先生,對女子在婚姻關係中的配偶的指稱。,婦
先生,對女子在婚姻關係中的配偶的指稱。,妻
先生,女子在婚姻關係中的配偶。,太太
先生,女子在婚姻關係中的配偶。,妻子
先生,女子在婚姻關係中的配偶。,妻
先生,女子在婚姻關係中的配偶。,太太
先生,女子在婚姻關係中的配偶。,妻子
先生,女子在婚姻關係中的配偶。,妻
光,表限定範圍。,不光
光,表限定範圍。,不只
光,表限定範圍。,不止
光,表限定範圍。,不祇
光,表限定範圍。,不僅
光,表限定範圍。,不僅僅
光,表限定範圍。,不止
光,表限定範圍。,不僅
光,表限定範圍。,不光
光,表限定範圍。,不僅僅
光,表限定範圍。,不只
光,表限定範圍。,不祇
克,在競爭中獲勝。,墨
克,在競爭中獲勝。,北
克,在競爭中獲勝。,失
克,在競爭中獲勝。,折
克,在競爭中獲勝。,輸
克,在競爭中獲勝。,落敗
克,在競爭中獲勝。,敗
克,在競爭中獲勝。,失敗
克,在競爭中獲勝。,北
克,在競爭中獲勝。,失
克,在競爭中獲勝。,墨
克,在競爭中獲勝。,折
兒,父母對自己所生育的男性後代的指稱。,女兒
兒,父母對自己所生育的男性後代的指稱。,女生
兒,父母對自己所生育的男性後代的指稱。,女
兒,父母對自己所生育的男性後代的指稱。,女生
兒,父母對自己所生育的男性後代的指稱。,女兒
兒,父母對自己所生育的男性後代的指稱。,女
兒,第一代的男性後代。,女兒
兒,第一代的男性後代。,鳳
兒,第一代的男性後代。,女兒
兒,第一代的男性後代。,鳳
兒子,第一代的男性後代。,女兒
兒子,第一代的男性後代。,鳳
兒子,第一代的男性後代。,女兒
兒子,第一代的男性後代。,鳳
兒子,父母對自己所生育的男性後代的指稱。,女兒
兒子,父母對自己所生育的男性後代的指稱。,女
兒子,父母對自己所生育的男性後代的指稱。,女生
兒子,父母對自己所生育的男性後代的指稱。,女生
兒子,父母對自己所生育的男性後代的指稱。,女
兒子,父母對自己所生育的男性後代的指稱。,女兒
入,從參考位置的外面移到參考位置的裡面。,出去
入,從參考位置的外面移到參考位置的裡面。,出來
入,從參考位置的外面移到參考位置的裡面。,出
入,從參考位置的外面移到參考位置的裡面。,出來
入,從參考位置的外面移到參考位置的裡面。,出去
入,從參考位置的外面移到參考位置的裡面。,出
入,比喻正式加入特定團體。,出去
入,比喻正式加入特定團體。,出來
入,比喻正式加入特定團體。,出去
入,比喻正式加入特定團體。,出來
內,在前述對象所包含的空間範圍。,外
內,在前述對象所包含的空間範圍。,以外
內,在前述對象所包含的空間範圍。,之外
內,在前述對象所包含的空間範圍。,外面
內,在前述對象所包含的空間範圍。,以外
內,在前述對象所包含的空間範圍。,之外
內,在前述對象所包含的空間範圍。,外
內,在前述對象所包含的空間範圍。,外面
內,在前述的機構或領域範圍。,外
內,在前述的機構或領域範圍。,以外
內,在前述的機構或領域範圍。,之外
內,在前述的機構或領域範圍。,外面
內,在前述的機構或領域範圍。,以外
內,在前述的機構或領域範圍。,之外
內,在前述的機構或領域範圍。,外
內,在前述的機構或領域範圍。,外面
內,接近參考點中心。,外
內,接近參考點中心。,外
內,本國之內。,外
內,本國之內。,外
內,家庭。,外
內,家庭。,外
內部,在前述對象所包含的空間範圍。,外
內部,在前述對象所包含的空間範圍。,以外
內部,在前述對象所包含的空間範圍。,之外
內部,在前述對象所包含的空間範圍。,外面
內部,在前述對象所包含的空間範圍。,以外
內部,在前述對象所包含的空間範圍。,之外
內部,在前述對象所包含的空間範圍。,外
內部,在前述對象所包含的空間範圍。,外面
內部,在前述的機構或領域範圍。,外
內部,在前述的機構或領域範圍。,以外
內部,在前述的機構或領域範圍。,之外
內部,在前述的機構或領域範圍。,外面
內部,在前述的機構或領域範圍。,以外
內部,在前述的機構或領域範圍。,之外
內部,在前述的機構或領域範圍。,外
內部,在前述的機構或領域範圍。,外面
全,事物的全體。,部份
全,事物的全體。,部分
全,事物的全體。,部分
全,事物的全體。,部份
全職,形容全時間擔任本職的。,兼職
全職,形容全時間擔任本職的。,兼職
全部,事物的全體。,部分
全部,事物的全體。,部份
全部,事物的全體。,部分
全部,事物的全體。,部份
公,形容屬於公眾或政府的。,私
公,形容屬於公眾或政府的。,私
公,形容處理事情合情理，不偏袒任何一方的。,私
公,形容處理事情合情理，不偏袒任何一方的。,私
公,公眾或政府。,私
公,公眾或政府。,私
公,國家或機關團體的事務。,私
公,國家或機關團體的事務。,私
公,形容除了人以外的動物中能產生精細胞的性別。,母
公,形容除了人以外的動物中能產生精細胞的性別。,雌
公,形容除了人以外的動物中能產生精細胞的性別。,雌
公,形容除了人以外的動物中能產生精細胞的性別。,母
公,除了人以外能產生精細胞的動物。,母
公,除了人以外能產生精細胞的動物。,雌
公,除了人以外能產生精細胞的動物。,雌
公,除了人以外能產生精細胞的動物。,母
公,成對物品中具有相對的雄性特徵，多半是體型較大或外表有凸出物。,母
公,成對物品中具有相對的雄性特徵，多半是體型較大或外表有凸出物。,雌
公,成對物品中具有相對的雄性特徵，多半是體型較大或外表有凸出物。,陰
公,成對物品中具有相對的雄性特徵，多半是體型較大或外表有凸出物。,雌
公,成對物品中具有相對的雄性特徵，多半是體型較大或外表有凸出物。,母
公,成對物品中具有相對的雄性特徵，多半是體型較大或外表有凸出物。,陰
公,對年老或有地位男子的尊稱。,婆
公,對年老或有地位男子的尊稱。,奶
公,對有孫子的男子的指稱。,婆
公,對有孫子的男子的指稱。,奶
公,對有孫子的男子的指稱。,婆
公,對有孫子的男子的指稱。,奶
公,有孫子的男子。,婆
公,有孫子的男子。,奶
公,有孫子的男子。,婆
公,有孫子的男子。,奶
公,對親屬中與祖父同輩的男子的稱呼。,婆
公,對親屬中與祖父同輩的男子的稱呼。,奶
公,對親屬中與祖父同輩的男子的稱呼。,婆
公,對親屬中與祖父同輩的男子的稱呼。,奶
公,女子對丈夫的父親的指稱。,婆
公,女子對丈夫的父親的指稱。,姑
公,女子對丈夫的父親的指稱。,婆
公,女子對丈夫的父親的指稱。,姑
公,對從事前述職業的男子的稱呼。,婆
公,對從事前述職業的男子的稱呼。,婆
公,民間對所信仰的男性神明的稱呼。,婆
公,民間對所信仰的男性神明的稱呼。,媽
公,民間對所信仰的男性神明的稱呼。,娘
公,民間對所信仰的男性神明的稱呼。,娘
公,民間對所信仰的男性神明的稱呼。,婆
公,民間對所信仰的男性神明的稱呼。,妃
公,民間對所信仰的男性神明的稱呼。,媽
公,民間對所信仰的男性神明的稱呼。,娘
公公,對與祖父年紀相仿的一般年長男子的尊稱。,婆
公公,對與祖父年紀相仿的一般年長男子的尊稱。,奶
公公,對與祖父年紀相仿的一般年長男子的尊稱。,婆
公公,對與祖父年紀相仿的一般年長男子的尊稱。,奶
公公,女子對丈夫的父親的指稱。,婆
公公,女子對丈夫的父親的指稱。,姑
公公,女子對丈夫的父親的指稱。,婆
公公,女子對丈夫的父親的指稱。,姑
公公,對有孫子的男子的指稱。,婆
公公,對有孫子的男子的指稱。,奶
公公,對有孫子的男子的指稱。,婆
公公,對有孫子的男子的指稱。,奶
公營,形容由政府擁有或經營的。,民營
公立,形容由政府所設立的。,私立
公立,形容由政府所設立的。,私人
公立,形容由政府所設立的。,私人
公立,形容由政府所設立的。,私立
兵,比喻在團體中不是扮演領導角色的人。,將
兵,比喻在團體中不是扮演領導角色的人。,將軍
兵,比喻在團體中不是扮演領導角色的人。,帥
兵,比喻在團體中不是扮演領導角色的人。,將
兵,比喻在團體中不是扮演領導角色的人。,將軍
兵,比喻在團體中不是扮演領導角色的人。,帥
兼職,形容非全時間擔任本職的。,專任
兼職,形容非全時間擔任本職的。,全職
兼職,形容非全時間擔任本職的。,專職
兼職,形容非全時間擔任本職的。,專任
兼職,形容非全時間擔任本職的。,全職
兼職,形容非全時間擔任本職的。,專職
冀,心中存有完成後述事件的願望。,不要
冀,心中存有完成後述事件的願望。,不要
冉,表速度慢且平和。,急
冉,表速度慢且平和。,激
冉,表速度慢且平和。,疾
冉,表速度慢且平和。,急
冉,表速度慢且平和。,激
冉,表速度慢且平和。,疾
冷,形容溫度低或感覺溫度低的。,炎
冷,形容溫度低或感覺溫度低的。,熱
冷,形容溫度低或感覺溫度低的。,熱
冷,形容溫度低或感覺溫度低的。,炙
冷,形容溫度低或感覺溫度低的。,焚
冷,形容溫度低或感覺溫度低的。,暑
冷,形容溫度低或感覺溫度低的。,暑
冷,形容溫度低或感覺溫度低的。,熾
冷,形容溫度降低的。,熱
冷,形容溫度降低的。,熱
冷,使物體釋出熱量而降低溫度。,熱
冷,使物體釋出熱量而降低溫度。,加熱
冷,使物體釋出熱量而降低溫度。,燒
冷,使物體釋出熱量而降低溫度。,燙
冷,使物體釋出熱量而降低溫度。,加熱
冷,使物體釋出熱量而降低溫度。,燒
冷,使物體釋出熱量而降低溫度。,燙
冷,使物體釋出熱量而降低溫度。,加熱
冷,使物體釋出熱量而降低溫度。,熱
冷,形容比喻不熱情的。,熱
冷,形容比喻不熱情的。,熱情
冷,形容比喻不熱情的。,熱
冷,形容比喻不熱情的。,熱情
冷,形容比喻少而不熱烈的。,熱
冷,形容比喻少而不熱烈的。,熱
冷,形容比喻少而不熱烈的。,旺
冷,形容比喻少而不熱烈的。,熱
冷,形容比喻少而不熱烈的。,熱
冷,形容比喻很少人使用或喜歡的。,熱門
冷,形容比喻很少人使用或喜歡的。,熱門
冷卻,使物體釋出熱量而降低溫度。,燒
冷卻,使物體釋出熱量而降低溫度。,燙
冷卻,使物體釋出熱量而降低溫度。,加熱
冷卻,使物體釋出熱量而降低溫度。,加熱
冷卻,使物體釋出熱量而降低溫度。,熱
冷場,形容比喻少而不熱烈的。,熱
冷場,形容比喻少而不熱烈的。,熱
冷淡,形容比喻不熱情的。,熱情
冷淡,形容比喻不熱情的。,熱情
冷清,形容比喻少而不熱烈的。,熱
冷清,形容比喻少而不熱烈的。,熱
冷漠,形容比喻不熱情的。,熱情
冷漠,形容比喻不熱情的。,熱情
冷門,形容比喻很少人使用或喜歡的。,熱
冷門,形容比喻很少人使用或喜歡的。,爆冷門
冷門,形容比喻很少人使用或喜歡的。,熱
冷門,形容比喻很少人使用或喜歡的。,爆冷門
凡,凡人。,聖
凶,壞的、不吉利的事情。,吉
凶,壞的、不吉利的事情。,吉
凶,形容壞的、不吉利的。,吉
凶,形容壞的、不吉利的。,吉
凸,物體特定部位向外凸出或向上高起。,凹
凸,物體特定部位向外凸出或向上高起。,凹
凹,特定物體向內或向下凹陷。,凸
凹,特定物體向內或向下凹陷。,突
凹,特定物體向內或向下凹陷。,突
凹,特定物體向內或向下凹陷。,凸
出,從參考位置的裡面移到參考位置的外面。,進
出,從參考位置的裡面移到參考位置的外面。,進去
出,從參考位置的裡面移到參考位置的外面。,進入
出,從參考位置的裡面移到參考位置的外面。,入
出,從參考位置的裡面移到參考位置的外面。,進來
出,從參考位置的裡面移到參考位置的外面。,進
出,從參考位置的裡面移到參考位置的外面。,進去
出,從參考位置的裡面移到參考位置的外面。,進入
出,從參考位置的裡面移到參考位置的外面。,入
出,從參考位置的裡面移到參考位置的外面。,進來
出來,從參考位置的裡面移到參考位置的外面。,進去
出來,從參考位置的裡面移到參考位置的外面。,入
出來,從參考位置的裡面移到參考位置的外面。,進入
出來,從參考位置的裡面移到參考位置的外面。,進
出來,從參考位置的裡面移到參考位置的外面。,進來
出來,從參考位置的裡面移到參考位置的外面。,進
出來,從參考位置的裡面移到參考位置的外面。,進去
出來,從參考位置的裡面移到參考位置的外面。,入
出來,從參考位置的裡面移到參考位置的外面。,進入
出來,從參考位置的裡面移到參考位置的外面。,進來
出來,比喻正式離開對主事者產生影響的團體。,進去
出來,比喻正式離開對主事者產生影響的團體。,進
出來,比喻正式離開對主事者產生影響的團體。,進入
出來,比喻正式離開對主事者產生影響的團體。,入
出來,比喻正式離開對主事者產生影響的團體。,進來
出來,比喻正式離開對主事者產生影響的團體。,加入
出來,比喻正式離開對主事者產生影響的團體。,進
出來,比喻正式離開對主事者產生影響的團體。,進去
出來,比喻正式離開對主事者產生影響的團體。,入
出來,比喻正式離開對主事者產生影響的團體。,進入
出來,比喻正式離開對主事者產生影響的團體。,進來
出來,比喻正式離開對主事者產生影響的團體。,加入
出來,形容比預期中的位置更往外的。,進去
出來,形容比預期中的位置更往外的。,裡面
出來,形容比預期中的位置更往外的。,進去
出來,形容比預期中的位置更往外的。,裡面
出去,從參考位置的裡面移到參考位置的外面。,進
出去,從參考位置的裡面移到參考位置的外面。,進去
出去,從參考位置的裡面移到參考位置的外面。,入
出去,從參考位置的裡面移到參考位置的外面。,進入
出去,從參考位置的裡面移到參考位置的外面。,進來
出去,從參考位置的裡面移到參考位置的外面。,進
出去,從參考位置的裡面移到參考位置的外面。,進去
出去,從參考位置的裡面移到參考位置的外面。,入
出去,從參考位置的裡面移到參考位置的外面。,進入
出去,從參考位置的裡面移到參考位置的外面。,進來
出去,事件以主事者或主事者所在的位置為起點發生。常用動詞補語。,進來
出去,事件以主事者或主事者所在的位置為起點發生。常用動詞補語。,進來
出去,比喻正式離開對主事者產生影響的團體。,進去
出去,比喻正式離開對主事者產生影響的團體。,進
出去,比喻正式離開對主事者產生影響的團體。,進入
出去,比喻正式離開對主事者產生影響的團體。,入
出去,比喻正式離開對主事者產生影響的團體。,進來
出去,比喻正式離開對主事者產生影響的團體。,加入
出去,比喻正式離開對主事者產生影響的團體。,進
出去,比喻正式離開對主事者產生影響的團體。,進去
出去,比喻正式離開對主事者產生影響的團體。,入
出去,比喻正式離開對主事者產生影響的團體。,進入
出去,比喻正式離開對主事者產生影響的團體。,進來
出去,比喻正式離開對主事者產生影響的團體。,加入
出去,形容比預期中的位置更往外的。,進去
出去,形容比預期中的位置更往外的。,裡面
出去,形容比預期中的位置更往外的。,進去
出去,形容比預期中的位置更往外的。,裡面
出國,離開主事者所屬的國家到其他國家。,回國
出國,離開主事者所屬的國家到其他國家。,回國
出租,將東西限期借給別人使用，以收取費用。,承租
出租,將東西限期借給別人使用，以收取費用。,承租
出租,將東西限期借給別人使用，以收取費用。,租
出租,將東西限期借給別人使用，以收取費用。,租
出租,將東西限期借給別人使用，以收取費用。,賃
切,結束原有的關係。,黏
切,結束原有的關係。,黏
利,形容切割器具的切割面薄，容易切割。,鈍
利,形容切割器具的切割面薄，容易切割。,鈍
利,比喻特定對象主觀認為的好處。,弊
利,比喻特定對象主觀認為的好處。,害
利,比喻特定對象主觀認為的好處。,弊
利,比喻特定對象主觀認為的好處。,害
利益,特定對象主觀認為的好處或正面的影響。,弊
利益,特定對象主觀認為的好處或正面的影響。,害
到,時間已到特定參考時點。,不到
到,時間已到特定參考時點。,不到
到,引介動作或狀態達到的階段或程度。,不到
到,引介動作或狀態達到的階段或程度。,不到
削,比喻使後述事件的程度降低。,提高
削,比喻使後述事件的程度降低。,提高
削減,比喻使後述事件的程度降低。,提高
前,物體正面的位置。,後
前,物體正面的位置。,後
前,物體正面的位置。,後
前,物體正面的位置。,后
前,物體正面的位置。,后
前,物體正面的位置。,後面
前,物體正面的位置。,後面
前,與參考物體面對的方向相同的方向。,後
前,與參考物體面對的方向相同的方向。,后
前,與參考物體面對的方向相同的方向。,後面
前,與參考物體面對的方向相同的方向。,后
前,與參考物體面對的方向相同的方向。,後方
前,與參考物體面對的方向相同的方向。,後
前,與參考物體面對的方向相同的方向。,后
前,與參考物體面對的方向相同的方向。,後方
前,與參考物體面對的方向相同的方向。,後面
前,人造物約定俗成朝上或朝前最容易觀察到的面。,背
前,人造物約定俗成朝上或朝前最容易觀察到的面。,後
前,人造物約定俗成朝上或朝前最容易觀察到的面。,后
前,人造物約定俗成朝上或朝前最容易觀察到的面。,後面
前,人造物約定俗成朝上或朝前最容易觀察到的面。,后
前,人造物約定俗成朝上或朝前最容易觀察到的面。,反
前,人造物約定俗成朝上或朝前最容易觀察到的面。,後
前,人造物約定俗成朝上或朝前最容易觀察到的面。,后
前,人造物約定俗成朝上或朝前最容易觀察到的面。,背
前,人造物約定俗成朝上或朝前最容易觀察到的面。,後面
前,人造物約定俗成朝上或朝前最容易觀察到的面。,反
前,順序或次序緊鄰在參考點之前。,後
前,順序或次序緊鄰在參考點之前。,后
前,順序或次序緊鄰在參考點之前。,後面
前,順序或次序緊鄰在參考點之前。,后
前,順序或次序緊鄰在參考點之前。,後
前,順序或次序緊鄰在參考點之前。,后
前,順序或次序緊鄰在參考點之前。,後面
前,順序或次序排在整體的前半部。,後
前,順序或次序排在整體的前半部。,后
前,順序或次序排在整體的前半部。,後面
前,順序或次序排在整體的前半部。,后
前,順序或次序排在整體的前半部。,後
前,順序或次序排在整體的前半部。,后
前,順序或次序排在整體的前半部。,後面
前,將有時間順序的事件分成兩部分，指在參考點之前的部分。,後
前,將有時間順序的事件分成兩部分，指在參考點之前的部分。,后
前,將有時間順序的事件分成兩部分，指在參考點之前的部分。,後面
前,將有時間順序的事件分成兩部分，指在參考點之前的部分。,后
前,將有時間順序的事件分成兩部分，指在參考點之前的部分。,後
前,將有時間順序的事件分成兩部分，指在參考點之前的部分。,后
前,將有時間順序的事件分成兩部分，指在參考點之前的部分。,後面
前,在列舉的對象中，次序在前的對象。,後
前,在列舉的對象中，次序在前的對象。,后
前,在列舉的對象中，次序在前的對象。,後面
前,在列舉的對象中，次序在前的對象。,后
前,在列舉的對象中，次序在前的對象。,後
前,在列舉的對象中，次序在前的對象。,后
前,在列舉的對象中，次序在前的對象。,後面
前,事物整體的前半部。,後
前,事物整體的前半部。,后
前,事物整體的前半部。,後面
前,事物整體的前半部。,后
前,事物整體的前半部。,后
前,事物整體的前半部。,後
前,事物整體的前半部。,後面
前,未來。,後
前,未來。,后
前,未來。,後面
前,未來。,后
前,未來。,後
前,未來。,后
前,未來。,後面
前,早於特定參考時間點或事件。,後
前,早於特定參考時間點或事件。,后
前,早於特定參考時間點或事件。,之後
前,早於特定參考時間點或事件。,之后
前,早於特定參考時間點或事件。,以後
前,早於特定參考時間點或事件。,以后
前,早於特定參考時間點或事件。,以降
前,早於特定參考時間點或事件。,以下
前,早於特定參考時間點或事件。,後
前,早於特定參考時間點或事件。,以後
前,早於特定參考時間點或事件。,以降
前,早於特定參考時間點或事件。,之後
前,早於特定參考時間點或事件。,以后
前,早於特定參考時間點或事件。,之后
前,早於特定參考時間點或事件。,后
前,早於特定參考時間點或事件。,以下
前,早於現在或前述事件的時段。,後
前,早於現在或前述事件的時段。,后
前,早於現在或前述事件的時段。,後面
前,早於現在或前述事件的時段。,后
前,早於現在或前述事件的時段。,以後
前,早於現在或前述事件的時段。,之後
前,早於現在或前述事件的時段。,以后
前,早於現在或前述事件的時段。,之后
前,早於現在或前述事件的時段。,而後
前,早於現在或前述事件的時段。,慢
前,早於現在或前述事件的時段。,晚
前,早於現在或前述事件的時段。,後來
前,早於現在或前述事件的時段。,以往
前,早於現在或前述事件的時段。,後
前,早於現在或前述事件的時段。,以後
前,早於現在或前述事件的時段。,之後
前,早於現在或前述事件的時段。,以后
前,早於現在或前述事件的時段。,之后
前,早於現在或前述事件的時段。,后
前,早於現在或前述事件的時段。,晚
前,早於現在或前述事件的時段。,而後
前,早於現在或前述事件的時段。,後面
前,早於現在或前述事件的時段。,慢
前,早於現在或前述事件的時段。,後來
前,早於現在或前述事件的時段。,以往
前,比喻在時間參考點之前的時段。,後
前,比喻在時間參考點之前的時段。,后
前,比喻在時間參考點之前的時段。,後面
前,比喻在時間參考點之前的時段。,后
前,比喻在時間參考點之前的時段。,後
前,比喻在時間參考點之前的時段。,后
前,比喻在時間參考點之前的時段。,後面
前,後述時期出現前的時期。,後
前,後述時期出現前的時期。,后
前,後述時期出現前的時期。,后
前,後述時期出現前的時期。,後
前,比喻在特定對象在的場合。,后
前,比喻在特定對象在的場合。,後
前,比喻在特定對象在的場合。,後面
前,比喻在特定對象在的場合。,后
前,比喻在特定對象在的場合。,後
前,比喻在特定對象在的場合。,后
前,比喻在特定對象在的場合。,後面
前方,與參考物體面對的方向相同的方向。,後方
前方,與參考物體面對的方向相同的方向。,後
前方,與參考物體面對的方向相同的方向。,后
前方,與參考物體面對的方向相同的方向。,後面
前方,與參考物體面對的方向相同的方向。,后
前方,與參考物體面對的方向相同的方向。,後方
前方,與參考物體面對的方向相同的方向。,後
前方,與參考物體面對的方向相同的方向。,后
前方,與參考物體面對的方向相同的方向。,後面
前者,代指並舉的兩種對象中次序在先的那一個。,后者
前者,代指並舉的兩種對象中次序在先的那一個。,後者
前者,代指並舉的兩種對象中次序在先的那一個。,後者
前者,代指並舉的兩種對象中次序在先的那一個。,后者
前面,物體正面的位置。,后
前面,物體正面的位置。,後
前面,物體正面的位置。,後
前面,物體正面的位置。,后
前面,物體正面的位置。,後面
前面,物體正面的位置。,後面
前面,與參考物體面對的方向相同的方向。,後
前面,與參考物體面對的方向相同的方向。,后
前面,與參考物體面對的方向相同的方向。,後面
前面,與參考物體面對的方向相同的方向。,后
前面,與參考物體面對的方向相同的方向。,後方
前面,與參考物體面對的方向相同的方向。,後
前面,與參考物體面對的方向相同的方向。,后
前面,與參考物體面對的方向相同的方向。,後方
前面,與參考物體面對的方向相同的方向。,後面
前面,人造物約定俗成朝上或朝前最容易觀察到的面。,背
前面,人造物約定俗成朝上或朝前最容易觀察到的面。,後
前面,人造物約定俗成朝上或朝前最容易觀察到的面。,后
前面,人造物約定俗成朝上或朝前最容易觀察到的面。,後面
前面,人造物約定俗成朝上或朝前最容易觀察到的面。,后
前面,人造物約定俗成朝上或朝前最容易觀察到的面。,反
前面,人造物約定俗成朝上或朝前最容易觀察到的面。,後
前面,人造物約定俗成朝上或朝前最容易觀察到的面。,后
前面,人造物約定俗成朝上或朝前最容易觀察到的面。,背
前面,人造物約定俗成朝上或朝前最容易觀察到的面。,後面
前面,人造物約定俗成朝上或朝前最容易觀察到的面。,反
前面,順序或次序緊鄰在參考點之前。,後
前面,順序或次序緊鄰在參考點之前。,后
前面,順序或次序緊鄰在參考點之前。,後面
前面,順序或次序緊鄰在參考點之前。,后
前面,順序或次序緊鄰在參考點之前。,後
前面,順序或次序緊鄰在參考點之前。,后
前面,順序或次序緊鄰在參考點之前。,後面
前面,順序或次序排在整體的前半部。,後
前面,順序或次序排在整體的前半部。,后
前面,順序或次序排在整體的前半部。,後面
前面,順序或次序排在整體的前半部。,后
前面,順序或次序排在整體的前半部。,後
前面,順序或次序排在整體的前半部。,后
前面,順序或次序排在整體的前半部。,後面
前面,將有時間順序的事件分成兩部分，指在參考點之前的部分。,後
前面,將有時間順序的事件分成兩部分，指在參考點之前的部分。,后
前面,將有時間順序的事件分成兩部分，指在參考點之前的部分。,後面
前面,將有時間順序的事件分成兩部分，指在參考點之前的部分。,后
前面,將有時間順序的事件分成兩部分，指在參考點之前的部分。,後
前面,將有時間順序的事件分成兩部分，指在參考點之前的部分。,后
前面,將有時間順序的事件分成兩部分，指在參考點之前的部分。,後面
前面,在列舉的對象中，次序在前的對象。,後
前面,在列舉的對象中，次序在前的對象。,后
前面,在列舉的對象中，次序在前的對象。,後面
前面,在列舉的對象中，次序在前的對象。,后
前面,在列舉的對象中，次序在前的對象。,後
前面,在列舉的對象中，次序在前的對象。,后
前面,在列舉的對象中，次序在前的對象。,後面
前面,事物整體的前半部。,後
前面,事物整體的前半部。,后
前面,事物整體的前半部。,後面
前面,事物整體的前半部。,后
前面,事物整體的前半部。,後
前面,事物整體的前半部。,后
前面,事物整體的前半部。,後面
前面,在時間參考點之後的時段。,後
前面,在時間參考點之後的時段。,后
前面,在時間參考點之後的時段。,後面
前面,在時間參考點之後的時段。,后
前面,在時間參考點之後的時段。,後
前面,在時間參考點之後的時段。,后
前面,在時間參考點之後的時段。,後面
前面,早於特定參考時間點或事件。,後
前面,早於特定參考時間點或事件。,后
前面,早於特定參考時間點或事件。,以後
前面,早於特定參考時間點或事件。,以后
前面,早於特定參考時間點或事件。,之後
前面,早於特定參考時間點或事件。,之后
前面,早於特定參考時間點或事件。,以降
前面,早於特定參考時間點或事件。,以下
前面,早於特定參考時間點或事件。,後
前面,早於特定參考時間點或事件。,后
前面,早於特定參考時間點或事件。,之後
前面,早於特定參考時間點或事件。,之后
前面,早於特定參考時間點或事件。,以后
前面,早於特定參考時間點或事件。,以降
前面,早於特定參考時間點或事件。,以後
前面,早於特定參考時間點或事件。,以下
前面,早於現在或前述事件的時段。,後
前面,早於現在或前述事件的時段。,后
前面,早於現在或前述事件的時段。,後面
前面,早於現在或前述事件的時段。,后
前面,早於現在或前述事件的時段。,以後
前面,早於現在或前述事件的時段。,之後
前面,早於現在或前述事件的時段。,以后
前面,早於現在或前述事件的時段。,之后
前面,早於現在或前述事件的時段。,而後
前面,早於現在或前述事件的時段。,晚
前面,早於現在或前述事件的時段。,慢
前面,早於現在或前述事件的時段。,後來
前面,早於現在或前述事件的時段。,以往
前面,早於現在或前述事件的時段。,後
前面,早於現在或前述事件的時段。,后
前面,早於現在或前述事件的時段。,以後
前面,早於現在或前述事件的時段。,之後
前面,早於現在或前述事件的時段。,之后
前面,早於現在或前述事件的時段。,以后
前面,早於現在或前述事件的時段。,晚
前面,早於現在或前述事件的時段。,後面
前面,早於現在或前述事件的時段。,而後
前面,早於現在或前述事件的時段。,慢
前面,早於現在或前述事件的時段。,後來
前面,早於現在或前述事件的時段。,以往
前面,比喻在時間參考點之前的時段。,後
前面,比喻在時間參考點之前的時段。,后
前面,比喻在時間參考點之前的時段。,後面
前面,比喻在時間參考點之前的時段。,后
前面,比喻在時間參考點之前的時段。,後
前面,比喻在時間參考點之前的時段。,后
前面,比喻在時間參考點之前的時段。,後面
前面,比喻呈現在表面的現象。,后
前面,比喻呈現在表面的現象。,後
前面,比喻呈現在表面的現象。,后
前面,比喻呈現在表面的現象。,後面
前面,比喻呈現在表面的現象。,後
前面,比喻呈現在表面的現象。,后
前面,比喻呈現在表面的現象。,後面
前面,比喻在特定對象在的場合。,後
前面,比喻在特定對象在的場合。,後面
前面,比喻在特定對象在的場合。,后
前面,比喻在特定對象在的場合。,后
前面,比喻在特定對象在的場合。,後
前面,比喻在特定對象在的場合。,后
前面,比喻在特定對象在的場合。,後面
剛,形容線條簡潔，形狀方正。,柔
剛,形容線條簡潔，形狀方正。,柔
剛,形容比喻動作力道大或俐落的。,柔
剛,形容比喻動作力道大或俐落的。,柔
剛,形容比喻動作力道大或俐落的。,綿
剛,形容比喻動作力道大或俐落的。,綿
剛,形容比喻個性強硬，不易妥協。,柔
剛,形容比喻個性強硬，不易妥協。,柔
剛,形容比喻個性強硬，不易妥協。,綿
剛,形容比喻個性強硬，不易妥協。,綿
剪,以刀刃交叉來剪開或剪斷物體。,黏
剪,以刀刃交叉來剪開或剪斷物體。,黏
副,形容地位是次要的，但必要時可以代行職責。,正
副,形容地位是次要的，但必要時可以代行職責。,正
副,形容用來補充原本不足的。,正
副,形容用來補充原本不足的。,本
副,形容用來補充原本不足的。,正
副,形容用來補充原本不足的。,本
割,用利器將後述對象從主體分開。,縫
割,用利器將後述對象從主體分開。,縫
割,比喻結束原有的關係。,黏
割,比喻結束原有的關係。,黏
劃,用刀或尖銳物在另一物體表面留下痕跡或分離。,直
功,功勞。,過
功,功勞。,錯
功,功勞。,過
功,功勞。,錯
加,兩個以上數值合併計算其和。,減
加,兩個以上數值合併計算其和。,減
加,增加特定對象的數量。,減
加,增加特定對象的數量。,省
加,增加特定對象的數量。,減少
加,增加特定對象的數量。,撤
加,增加特定對象的數量。,省
加,增加特定對象的數量。,減
加,增加特定對象的數量。,減少
加,增加特定對象的數量。,撤
加,將兩個以上的特定對象結合為一個整體。,減
加,將兩個以上的特定對象結合為一個整體。,減
加上,兩個以上數值合併計算其和。,減
加上,兩個以上數值合併計算其和。,減
加上,兩個以上數值合併計算其和。,減
加上,將兩個以上的特定對象結合為一個整體。,減
加上,將兩個以上的特定對象結合為一個整體。,減
加入,兩個以上數值合併計算其和。,減
加入,兩個以上數值合併計算其和。,減
加入,兩個以上數值合併計算其和。,減
加入,比喻正式加入特定團體。,出去
加入,比喻正式加入特定團體。,出來
加入,比喻正式加入特定團體。,出去
加入,比喻正式加入特定團體。,出來
加熱,使物體吸收熱量而增加溫度。,冷卻
加熱,使物體吸收熱量而增加溫度。,冷卻
加熱,使物體吸收熱量而增加溫度。,冷
劣,形容對特定對象的評價是負面的。,好
劣,形容對特定對象的評價是負面的。,佳
劣,形容對特定對象的評價是負面的。,良
劣,形容對特定對象的評價是負面的。,不錯
劣,形容對特定對象的評價是負面的。,優
劣,形容對特定對象的評價是負面的。,良好
劣,形容對特定對象的評價是負面的。,嘉
勃,形容狀態處在正面發展的。,衰
勃,形容狀態處在正面發展的。,衰
勃,形容狀態處在正面發展的。,衰
動,物體改變原來的位置或脫離靜止狀態。,靜
動,物體改變原來的位置或脫離靜止狀態。,靜
動工,工程正式開始進行。,完工
動工,工程正式開始進行。,完工
動工,工程正式開始進行。,完工
動工,比喻特定事件開始進行。,完工
動工,比喻特定事件開始進行。,完工
動工,比喻特定事件開始進行。,完工
勝,承受得住、承擔。,禁不住
勝,承受得住、承擔。,禁不住
勝,在競爭中獲勝。,北
勝,在競爭中獲勝。,失
勝,在競爭中獲勝。,墨
勝,在競爭中獲勝。,落敗
勝,在競爭中獲勝。,輸
勝,在競爭中獲勝。,折
勝,在競爭中獲勝。,敗
勝,在競爭中獲勝。,失敗
北,形容在競爭中被打敗。,贏
北,形容在競爭中被打敗。,勝
北,形容在競爭中被打敗。,克
北,形容在競爭中被打敗。,取勝
北,形容在競爭中被打敗。,敗
北,形容在競爭中被打敗。,捷
北,形容在競爭中被打敗。,勝
北,形容在競爭中被打敗。,取勝
北,形容在競爭中被打敗。,克
北,形容在競爭中被打敗。,贏
北,形容在競爭中被打敗。,勝
北,形容在競爭中被打敗。,取勝
北,形容在競爭中被打敗。,敗
北,形容在競爭中被打敗。,捷
升,位置往高處移動。,下降
升,位置往高處移動。,降
升,位置往高處移動。,下降
升,位置往高處移動。,下降
升,位置往高處移動。,降
升,比喻數量或數目增加。,下降
升,比喻數量或數目增加。,落
升,比喻數量或數目增加。,掉
升,比喻數量或數目增加。,降
升,比喻數量或數目增加。,跌
升,比喻數量或數目增加。,降低
升,比喻數量或數目增加。,減低
升,比喻數量或數目增加。,下降
升,比喻數量或數目增加。,降低
升,比喻數量或數目增加。,減低
升,比喻數量或數目增加。,下降
升,比喻數量或數目增加。,落
升,比喻數量或數目增加。,降
升,比喻數量或數目增加。,掉
升,比喻數量或數目增加。,跌
升,比喻數量或數目增加。,降低
升,比喻狀態的等級或地位增高。,下降
升,比喻狀態的等級或地位增高。,下降
升,比喻狀態的等級或地位增高。,下降
升級,形容數量或數目增加。,下降
升級,形容數量或數目增加。,落
升級,形容數量或數目增加。,掉
升級,形容數量或數目增加。,降
升級,形容數量或數目增加。,跌
升級,形容數量或數目增加。,降低
升級,形容數量或數目增加。,減低
升級,形容數量或數目增加。,下降
升級,形容數量或數目增加。,降低
升級,形容數量或數目增加。,減低
升級,形容數量或數目增加。,下降
升級,形容數量或數目增加。,落
升級,形容數量或數目增加。,掉
升級,形容數量或數目增加。,降
升級,形容數量或數目增加。,跌
升級,形容數量或數目增加。,降低
升高,數值變大。,低
升高,數值變大。,低
升高,音高變高。,低
升高,音高變高。,低
升高,程度或標準變高。,低
升高,程度或標準變高。,低
升高,前述物體從頂部到地面的距離變大。,矮
升高,前述物體從頂部到地面的距離變大。,低
升高,前述物體從頂部到地面的距離變大。,低
升高,前述物體從頂部到地面的距離變大。,矮
升高,比喻前述對象輩份或地位階級變大。,矮
升高,比喻前述對象輩份或地位階級變大。,低
升高,比喻前述對象輩份或地位階級變大。,低
升高,比喻前述對象輩份或地位階級變大。,矮
午前,正午十二點鐘以前，尤指八、九點到正午的時間。,午後
午前,正午十二點鐘以前，尤指八、九點到正午的時間。,午后
午前,正午十二點鐘以前，尤指八、九點到正午的時間。,午後
午前,正午十二點鐘以前，尤指八、九點到正午的時間。,午后
午后,中午過後。,午前
午后,中午過後。,午前
午後,中午過後。,午前
午後,中午過後。,午前
占有,維持擁有的狀態。,沒
占有,維持擁有的狀態。,沒有
占有,維持擁有的狀態。,無
占有,維持擁有的狀態。,沒
占有,維持擁有的狀態。,無
占有,維持擁有的狀態。,沒有
危,形容遭遇危險或威脅的。,安全
危,形容遭遇危險或威脅的。,安全
危,形容遭遇危險或威脅的。,夷
厚,形容物體表面和底面間隔長度較大的。,薄
厚,形容物體表面和底面間隔長度較大的。,薄
厚,形容氣味很強烈。,薄
厚,形容氣味很強烈。,淡
厚,形容氣味很強烈。,薄
厚,形容氣味很強烈。,淡
厚,形容音色飽滿。,薄
厚,形容音色飽滿。,單薄
厚,形容音色飽滿。,薄
厚,形容音色飽滿。,單薄
厚,看重並強調後述對象。,輕
厚,看重並強調後述對象。,薄
厚,看重並強調後述對象。,薄
厚,看重並強調後述對象。,輕
原因,造成特定結果或引起另一件事情發生的條件。,果
原因,造成特定結果或引起另一件事情發生的條件。,結果
原因,造成特定結果或引起另一件事情發生的條件。,果
原因,造成特定結果或引起另一件事情發生的條件。,結果
去,表動作的方向是遠離主事者的方向的語氣。,來
去,表動作的方向是遠離主事者的方向的語氣。,來
去,表前述對象進行後述事件。,來
去,表前述對象進行後述事件。,來
去,比喻生物失去生命。,生存
去,比喻生物失去生命。,活
去,比喻生物失去生命。,生
去,比喻生物失去生命。,存
去,比喻生物失去生命。,昌
去,比喻生物失去生命。,生存
去,比喻生物失去生命。,生
去,比喻生物失去生命。,生存
去,比喻生物失去生命。,生
去,比喻生物失去生命。,昌
去,比喻生物失去生命。,存
去,比喻生物失去生命。,活
反,形容特定對象的位置是上下顛倒的。,正
反,形容特定對象的位置是上下顛倒的。,正
反,表特定對象的順序與預期的順序形成完全的對比。,正
反,表特定對象的順序與預期的順序形成完全的對比。,正
反,人造物約定俗成朝下或朝後最不容易觀察到的面。,正
反,人造物約定俗成朝下或朝後最不容易觀察到的面。,前
反,人造物約定俗成朝下或朝後最不容易觀察到的面。,前面
反,人造物約定俗成朝下或朝後最不容易觀察到的面。,正
反,人造物約定俗成朝下或朝後最不容易觀察到的面。,前
反,人造物約定俗成朝下或朝後最不容易觀察到的面。,前面
反,不贊成的意見。,正
反,不贊成的意見。,正
叔,對父親的弟弟的指稱。,伯
叔,對父親的弟弟的指稱。,伯
叔,父親的弟弟。,伯
叔,父親的弟弟。,伯
叔,對與父親同輩且年紀較父親小的男子的指稱。,伯
叔,對與父親同輩且年紀較父親小的男子的指稱。,伯
叔,女子對丈夫的弟弟的指稱。,伯
叔,女子對丈夫的弟弟的指稱。,伯
取勝,在競爭中獲勝。,北
取勝,在競爭中獲勝。,失
取勝,在競爭中獲勝。,墨
取勝,在競爭中獲勝。,失敗
取勝,在競爭中獲勝。,折
取勝,在競爭中獲勝。,敗
古,過去已久的年代。,
古,過去已久的年代。,今
古,過去已久的年代。,今
只,表限定範圍。,不光
只,表限定範圍。,不只
只,表限定範圍。,不止
只,表限定範圍。,不祇
只,表限定範圍。,不僅
只,表限定範圍。,不僅僅
只,表限定範圍。,不止
只,表限定範圍。,不僅
只,表限定範圍。,不光
只,表限定範圍。,不僅僅
只,表限定範圍。,不只
只,表限定範圍。,不祇
可以,表前述對象具有進行後述事件的條件。,不容
可以,表前述對象具有進行後述事件的條件。,不可
可以,表前述對象具有進行後述事件的條件。,不許
可以,表前述對象具有進行後述事件的條件。,不可以
可以,表前述對象具有進行後述事件的條件。,不能
可能,表會成為事實或是事實。,不可能
可能,表會成為事實或是事實。,不可能
可能,形容會實現的。,不可能
可能,形容會實現的。,不可能
右,人身體兩個對稱方向之一，大多數人慣用手的位置或方向。,左
右,人身體兩個對稱方向之一，大多數人慣用手的位置或方向。,左邊
右,人身體兩個對稱方向之一，大多數人慣用手的位置或方向。,左
右,人身體兩個對稱方向之一，大多數人慣用手的位置或方向。,左邊
右,西方，面對南方時右邊的方向。,左
右,西方，面對南方時右邊的方向。,左
右,順著河流流水方向而行位於右邊的河岸。,左
右,順著河流流水方向而行位於右邊的河岸。,左
右,順著河流流水方向而行位於右邊的河岸。,左
右,形容主要以右手投球或擊球的。,左
右,形容主要以右手投球或擊球的。,左
右,保守的政治思想。,左
右,保守的政治思想。,左邊
右,保守的政治思想。,左派
右,保守的政治思想。,左翼
右,保守的政治思想。,左
右,保守的政治思想。,左邊
右,形容具有保守政治思想的。,左
右,形容具有保守政治思想的。,左
右派,保守的政治思想。,左
右派,保守的政治思想。,左邊
右翼,保守的政治思想。,左
右翼,保守的政治思想。,左邊
右邊,保守的政治思想。,左
右邊,保守的政治思想。,左
右邊,保守的政治思想。,左邊
右邊,保守的政治思想。,左邊
吉,好的、吉利的事情。,凶
吉,好的、吉利的事情。,凶
吉,形容好的、吉利的。,凶
吉,形容好的、吉利的。,凶
同,形容沒有差別的。,異
同,形容沒有差別的。,異
同,形容沒有差別的。,不同
同,形容沒有差別的。,不同
同一,形容沒有差別的。,異
名,人一出生時由長輩，通常是父母所取的專有名字。,實
后,君王的妻子中位階最高的。,前
后,君王的妻子中位階最高的。,前
后,君王的妻子中位階最高的。,前
后,君王的妻子中位階最高的。,前面
后,君王的妻子中位階最高的。,前面
后,君王的妻子中位階最高的。,前面
后,君王的妻子中位階最高的。,前面
后,君王的妻子中位階最高的。,前面
后,君王的妻子中位階最高的。,前面
后,君王的妻子中位階最高的。,前面
后,君王的妻子中位階最高的。,前面
后,君王的妻子中位階最高的。,前面
后,君王的妻子中位階最高的。,前面
后,君王的妻子中位階最高的。,前面
后,君王的妻子中位階最高的。,前面
后,君王的妻子中位階最高的。,前
后,君王的妻子中位階最高的。,前
后,君王的妻子中位階最高的。,前
后,君王的妻子中位階最高的。,前
后,君王的妻子中位階最高的。,前
后,君王的妻子中位階最高的。,前
后,君王的妻子中位階最高的。,前
后,君王的妻子中位階最高的。,前
后,君王的妻子中位階最高的。,前方
后,君王的妻子中位階最高的。,正
后,君王的妻子中位階最高的。,早
后,君王的妻子中位階最高的。,之前
后,君王的妻子中位階最高的。,前
后,君王的妻子中位階最高的。,前面
后,君王的妻子中位階最高的。,以前
后,君王的妻子中位階最高的。,前
后,君王的妻子中位階最高的。,前面
后,君王的妻子中位階最高的。,過去
后,君王的妻子中位階最高的。,昨天
后,君王的妻子中位階最高的。,昨
后,君王的妻子中位階最高的。,昨日
后,君王的妻子中位階最高的。,過去
后,君王的妻子中位階最高的。,過往
后,君王的妻子中位階最高的。,過往
后,君王的妻子中位階最高的。,以往
后,物體背面的位置。,前
后,物體背面的位置。,前
后,物體背面的位置。,前面
后,物體背面的位置。,前面
后,與參考物體面對的方向相反的方向。,前
后,與參考物體面對的方向相反的方向。,前面
后,與參考物體面對的方向相反的方向。,前方
后,與參考物體面對的方向相反的方向。,前面
后,與參考物體面對的方向相反的方向。,前
后,與參考物體面對的方向相反的方向。,前方
后,人造物約定俗成朝下或朝後最不容易觀察到的面。,前
后,人造物約定俗成朝下或朝後最不容易觀察到的面。,前面
后,人造物約定俗成朝下或朝後最不容易觀察到的面。,正
后,人造物約定俗成朝下或朝後最不容易觀察到的面。,前面
后,人造物約定俗成朝下或朝後最不容易觀察到的面。,前
后,人造物約定俗成朝下或朝後最不容易觀察到的面。,正
后,順序或次序緊鄰在參考點之後。,前
后,順序或次序緊鄰在參考點之後。,前面
后,順序或次序緊鄰在參考點之後。,前面
后,順序或次序緊鄰在參考點之後。,前
后,順序或次序排在整體的後半部。,前
后,順序或次序排在整體的後半部。,前面
后,順序或次序排在整體的後半部。,前面
后,順序或次序排在整體的後半部。,前
后,將有時間順序的事件分成兩部分，指在參考點之後的部分。,前
后,將有時間順序的事件分成兩部分，指在參考點之後的部分。,前面
后,將有時間順序的事件分成兩部分，指在參考點之後的部分。,前面
后,將有時間順序的事件分成兩部分，指在參考點之後的部分。,前
后,在列舉的對象中，次序在後的對象。,前
后,在列舉的對象中，次序在後的對象。,前面
后,在列舉的對象中，次序在後的對象。,前面
后,在列舉的對象中，次序在後的對象。,前
后,事物整體的後半部。,前
后,事物整體的後半部。,前面
后,事物整體的後半部。,前
后,事物整體的後半部。,前面
后,過去。,前
后,過去。,前面
后,過去。,前
后,過去。,前面
后,晚於特定參考時間點或事件。,前
后,晚於特定參考時間點或事件。,前面
后,晚於特定參考時間點或事件。,之前
后,晚於特定參考時間點或事件。,以前
后,晚於特定參考時間點或事件。,以上
后,晚於特定參考時間點或事件。,以前
后,晚於特定參考時間點或事件。,之前
后,晚於特定參考時間點或事件。,前
后,晚於特定參考時間點或事件。,前面
后,晚於特定參考時間點或事件。,以上
后,晚於現在或前述事件的時段。,前
后,晚於現在或前述事件的時段。,前面
后,晚於現在或前述事件的時段。,早
后,晚於現在或前述事件的時段。,過去
后,晚於現在或前述事件的時段。,過往
后,晚於現在或前述事件的時段。,早
后,晚於現在或前述事件的時段。,前
后,晚於現在或前述事件的時段。,前面
后,晚於現在或前述事件的時段。,過去
后,晚於現在或前述事件的時段。,過往
后,未來的時間。,前
后,未來的時間。,前面
后,未來的時間。,以前
后,未來的時間。,之前
后,未來的時間。,昨
后,未來的時間。,昨天
后,未來的時間。,昨日
后,未來的時間。,過去
后,未來的時間。,過往
后,未來的時間。,以往
后,未來的時間。,以前
后,未來的時間。,之前
后,未來的時間。,前
后,未來的時間。,前面
后,未來的時間。,昨天
后,未來的時間。,昨
后,未來的時間。,昨日
后,未來的時間。,過去
后,未來的時間。,過往
后,未來的時間。,以往
后,後述時期出現後的時期。,前
后,後述時期出現後的時期。,前
后,比喻實際狀況不容易看清，好像被表象所遮蓋的狀況。,前面
后,比喻實際狀況不容易看清，好像被表象所遮蓋的狀況。,前面
后,比喻在特定對象不在的場合。,前
后,比喻在特定對象不在的場合。,前面
后,比喻在特定對象不在的場合。,前
后,比喻在特定對象不在的場合。,前面
后者,代指並舉的兩種對象中次序在後的那一個。,前者
后者,代指並舉的兩種對象中次序在後的那一個。,前者
否,形容對特定對象的評價是負面的。,不錯
否,形容對特定對象的評價是負面的。,佳
否,形容對特定對象的評價是負面的。,良好
否,形容對特定對象的評價是負面的。,優
否,形容對特定對象的評價是負面的。,好
否,形容對特定對象的評價是負面的。,嘉
否,形容對特定對象的評價是負面的。,良
否,形容對特定對象的評價是負面的。,好
否,形容對特定對象的評價是負面的。,佳
否,形容對特定對象的評價是負面的。,良
否,形容對特定對象的評價是負面的。,不錯
否,形容對特定對象的評價是負面的。,良好
否,形容對特定對象的評價是負面的。,優
否,形容對特定對象的評價是負面的。,嘉
否認,做出後述事件不成立的陳述。,認
否認,做出後述事件不成立的陳述。,承認
否認,做出後述事件不成立的陳述。,承認
吱吱,指稱政治立場偏向綠營的鄉民。,蛆蛆
吱吱,指稱政治立場偏向綠營的鄉民。,藍蛆
吱吱,指稱政治立場偏向綠營的鄉民。,9.20%
吱吱,指稱政治立場偏向綠營的鄉民。,689
吱吱,指稱政治立場偏向綠營的鄉民。,蛆蛆
吱吱,指稱政治立場偏向綠營的鄉民。,藍蛆
吱吱,指稱政治立場偏向綠營的鄉民。,9.20%
吱吱,指稱政治立場偏向綠營的鄉民。,689
呆,形容智能較低或理解力較差的。,活
和,形容結束爭戰或對立的狀態。,戰
和,形容結束爭戰或對立的狀態。,作戰
和解,形容結束爭戰或對立的狀態。,戰
和解,形容結束爭戰或對立的狀態。,作戰
哥,同父或同母生的男子，先出生者。,弟弟
哥,同父或同母生的男子，先出生者。,弟
哥,同父或同母生的男子，先出生者。,仲
哥,同父或同母生的男子，先出生者。,弟弟
哥,同父或同母生的男子，先出生者。,弟
哥,同父或同母生的男子，先出生者。,仲
哥,對同父或同母所生並比自己先出生的男子的指稱。,弟弟
哥,對同父或同母所生並比自己先出生的男子的指稱。,弟
哥,對同父或同母所生並比自己先出生的男子的指稱。,仲
哥,對同父或同母所生並比自己先出生的男子的指稱。,弟弟
哥,對同父或同母所生並比自己先出生的男子的指稱。,弟
哥,對同父或同母所生並比自己先出生的男子的指稱。,仲
哥,同輩而年紀比自己大的男子。,弟弟
哥,同輩而年紀比自己大的男子。,弟
哥,同輩而年紀比自己大的男子。,弟弟
哥,同輩而年紀比自己大的男子。,弟
哥,稱呼男子的親暱用語。,姊姊
哥,稱呼男子的親暱用語。,姊
哥,稱呼男子的親暱用語。,姐
哥,稱呼男子的親暱用語。,姐
哥,稱呼男子的親暱用語。,姊
哥,稱呼男子的親暱用語。,姊姊
哥哥,同父或同母生的男子，先出生者。,弟弟
哥哥,同父或同母生的男子，先出生者。,弟
哥哥,同父或同母生的男子，先出生者。,仲
哥哥,同父或同母生的男子，先出生者。,弟弟
哥哥,同父或同母生的男子，先出生者。,弟
哥哥,同父或同母生的男子，先出生者。,仲
哥哥,對同父或同母所生並比自己先出生的男子的指稱。,弟弟
哥哥,對同父或同母所生並比自己先出生的男子的指稱。,弟
哥哥,對同父或同母所生並比自己先出生的男子的指稱。,仲
哥哥,對同父或同母所生並比自己先出生的男子的指稱。,弟弟
哥哥,對同父或同母所生並比自己先出生的男子的指稱。,弟
哥哥,對同父或同母所生並比自己先出生的男子的指稱。,仲
哥哥,同輩而年紀比自己大的男子。,弟弟
哥哥,同輩而年紀比自己大的男子。,弟
哥哥,同輩而年紀比自己大的男子。,弟弟
哥哥,同輩而年紀比自己大的男子。,弟
哥哥,稱呼男子的親暱用語。,姊姊
哥哥,稱呼男子的親暱用語。,姊
哥哥,稱呼男子的親暱用語。,姐
哥哥,稱呼男子的親暱用語。,姐
哥哥,稱呼男子的親暱用語。,姊姊
哥哥,稱呼男子的親暱用語。,姊
哭,形容嘴角下垂，臉上露出傷心的表情的。,笑
哭,形容嘴角下垂，臉上露出傷心的表情的。,笑
啟,移動封閉門窗的裝置物，使其空間的出入口不被封閉。,閉
啟,移動封閉門窗的裝置物，使其空間的出入口不被封閉。,關
啟,移動封閉門窗的裝置物，使其空間的出入口不被封閉。,關閉
啟,移動封閉門窗的裝置物，使其空間的出入口不被封閉。,關
啟,移動封閉門窗的裝置物，使其空間的出入口不被封閉。,閉
啟,移動封閉門窗的裝置物，使其空間的出入口不被封閉。,關閉
啟,通指物體可以緊密結合的兩個部件往相反方向運動。,閉
啟,通指物體可以緊密結合的兩個部件往相反方向運動。,閉
啟,利用開關裝置使機器運作。,閉
啟,利用開關裝置使機器運作。,閉
啟,事件或狀態從頭或特定時點開始。,結束
啟,事件或狀態從頭或特定時點開始。,終
啟,事件或狀態從頭或特定時點開始。,完
啟,事件或狀態從頭或特定時點開始。,閉
啟,事件或狀態從頭或特定時點開始。,結束
啟,事件或狀態從頭或特定時點開始。,終
啟,事件或狀態從頭或特定時點開始。,結束
啟,事件或狀態從頭或特定時點開始。,閉
啟,事件或狀態從頭或特定時點開始。,終
啟,事件或狀態從頭或特定時點開始。,完
善,形容具有慈愛、友善等正面特質的。,惡
善,形容具有慈愛、友善等正面特質的。,惡
善,對他人有正面幫助的行為。,惡
善,對他人有正面幫助的行為。,惡
單,表限定範圍。,不光
單,表限定範圍。,不只
單,表限定範圍。,不止
單,表限定範圍。,不祇
單,表限定範圍。,不僅
單,表限定範圍。,不僅僅
單,表限定範圍。,不止
單,表限定範圍。,不僅
單,表限定範圍。,不光
單,表限定範圍。,不僅僅
單,表限定範圍。,不只
單,表限定範圍。,不祇
單單,表限定範圍。,不光
單單,表限定範圍。,不只
單單,表限定範圍。,不止
單單,表限定範圍。,不祇
單單,表限定範圍。,不僅
單單,表限定範圍。,不僅僅
單單,表限定範圍。,不止
單單,表限定範圍。,不僅
單單,表限定範圍。,不光
單單,表限定範圍。,不僅僅
單單,表限定範圍。,不只
單單,表限定範圍。,不祇
單薄,形容音色微弱。,厚
單薄,形容音色微弱。,厚
嘉,形容對特定對象的評價是正面的。,壞
嘉,形容對特定對象的評價是正面的。,差
嘉,形容對特定對象的評價是正面的。,柴
嘉,形容對特定對象的評價是正面的。,否
嘉,形容對特定對象的評價是正面的。,劣
嘉,形容對特定對象的評價是正面的。,菜
嘉,形容對特定對象的評價是正面的。,糟
嘉,形容對特定對象的評價是正面的。,惡
嘉,形容對特定對象的評價是正面的。,不良
嘉,形容對特定對象的評價是正面的。,孬
嘉,形容對特定對象的評價是正面的。,遜
嘉,形容對特定對象的評價是正面的。,差
嘉,形容對特定對象的評價是正面的。,劣
嘉,形容對特定對象的評價是正面的。,差
嘉,形容對特定對象的評價是正面的。,柴
嘉,形容對特定對象的評價是正面的。,不良
嘉,形容對特定對象的評價是正面的。,孬
嘉,形容對特定對象的評價是正面的。,壞
嘉,形容對特定對象的評價是正面的。,否
嘉,形容對特定對象的評價是正面的。,劣
嘉,形容對特定對象的評價是正面的。,菜
嘉,形容對特定對象的評價是正面的。,糟
嘉,形容對特定對象的評價是正面的。,惡
嘉,形容對特定對象的評價是正面的。,遜
嘟,形容物體體積大而鼓起。,瘦
嘟,形容物體體積大而鼓起。,瘦
嚴,形容比喻沒有疏忽遺漏的。,鬆
嚴,形容比喻沒有疏忽遺漏的。,疏
嚴,形容比喻沒有疏忽遺漏的。,寬
嚴,形容比喻沒有疏忽遺漏的。,弛
嚴,形容比喻不輕易透露不該讓他人知道的事。,鬆
嚴,形容比喻不輕易透露不該讓他人知道的事。,鬆
嚴,對父親的尊稱。,慈
嚴,對父親的尊稱。,慈
嚴峻,形容前述狀態的程度高，通常為負面。,輕
嚴峻,形容前述狀態的程度高，通常為負面。,輕度
嚴峻,形容前述狀態的程度高，通常為負面。,淺
嚴峻,形容前述狀態的程度高，通常為負面。,輕度
嚴峻,形容前述狀態的程度高，通常為負面。,輕
嚴格,形容比喻沒有疏忽遺漏的。,寬
嚴格,形容比喻沒有疏忽遺漏的。,鬆
嚴格,形容比喻沒有疏忽遺漏的。,疏
嚴格,形容比喻沒有疏忽遺漏的。,弛
嚴格,形容比喻沒有疏忽遺漏的。,寬
嚴格,形容比喻沒有疏忽遺漏的。,鬆
嚴格,形容比喻沒有疏忽遺漏的。,疏
嚴格,形容比喻沒有疏忽遺漏的。,寬
嚴格,形容比喻沒有疏忽遺漏的。,弛
嚴重,形容前述狀態的程度高，通常為負面。,淺
嚴重,形容前述狀態的程度高，通常為負面。,輕度
嚴重,形容前述狀態的程度高，通常為負面。,輕
回去,比喻生物失去生命。,活
回去,比喻生物失去生命。,生存
回去,比喻生物失去生命。,生
回去,比喻生物失去生命。,存
回去,比喻生物失去生命。,昌
回去,比喻生物失去生命。,生存
回去,比喻生物失去生命。,生
回去,比喻生物失去生命。,生存
回去,比喻生物失去生命。,生
回去,比喻生物失去生命。,昌
回去,比喻生物失去生命。,活
回去,比喻生物失去生命。,存
因,造成特定結果或引起另一件事情發生的條件。,果
因,造成特定結果或引起另一件事情發生的條件。,結果
因,造成特定結果或引起另一件事情發生的條件。,果
因,造成特定結果或引起另一件事情發生的條件。,結果
因,在善惡循環的觀念下，造成未來事件發生的原因。,果
因,在善惡循環的觀念下，造成未來事件發生的原因。,果
困難,形容特定事件無法輕易達成。,容易
困難,形容特定事件無法輕易達成。,好
困難,形容特定事件無法輕易達成。,易
困難,形容後述事件發生的可能性小。,容易
困難,形容後述事件發生的可能性小。,易
困難,形容後述事件發生的可能性小。,容易
困難,形容後述事件發生的可能性小。,易
國內,在所指涉國家空間範圍內的區域。,異國
國內,在所指涉國家空間範圍內的區域。,異國
國內,在所指涉國家空間範圍內的區域。,洋
國內,在所指涉國家空間範圍內的區域。,國外
國內,在所指涉國家空間範圍內的區域。,國外
國內,在所指涉國家空間範圍內的區域。,外國
國內,在所指涉國家空間範圍內的區域。,外國
國內,形容說話者所屬的國家所出產的。,國外
國內,形容說話者所屬的國家所出產的。,進口
國內,形容說話者所屬的國家所出產的。,異國
國內,形容說話者所屬的國家所出產的。,洋
國內,形容說話者所屬的國家所出產的。,國外
國內,形容說話者所屬的國家所出產的。,進口
國內,形容說話者所屬的國家所出產的。,洋
國外,在所指涉國家空間範圍外的區域。,國內
國外,在所指涉國家空間範圍外的區域。,國內
國外,形容非說話者所屬的國家所出產的。,國內
國外,形容非說話者所屬的國家所出產的。,土
國外,形容非說話者所屬的國家所出產的。,國產
國外,形容非說話者所屬的國家所出產的。,國產
國外,形容非說話者所屬的國家所出產的。,國內
國外,形容非說話者所屬的國家所出產的。,土
國產,形容說話者所屬的國家所出產的。,國外
國產,形容說話者所屬的國家所出產的。,進口
國產,形容說話者所屬的國家所出產的。,洋
國產,形容說話者所屬的國家所出產的。,進口
國產,形容說話者所屬的國家所出產的。,洋
國產,形容說話者所屬的國家所出產的。,國外
土,本國。,洋
土,本國。,洋
土,形容比喻說話者所屬的國家所出產的。,洋
土,形容比喻說話者所屬的國家所出產的。,進口
土,形容比喻說話者所屬的國家所出產的。,國外
土,形容比喻說話者所屬的國家所出產的。,異國
土,形容比喻說話者所屬的國家所出產的。,洋
土,形容比喻說話者所屬的國家所出產的。,進口
土,形容比喻說話者所屬的國家所出產的。,國外
在乎,重視並且關心。,無所謂
在乎,重視並且關心。,無所謂
在意,重視並且關心。,無所謂
在意,重視並且關心。,無所謂
在野黨,未掌握政權，而與執政黨相抗衡的政黨。,執政黨
在野黨,未掌握政權，而與執政黨相抗衡的政黨。,執政黨
地下,形容比喻事件不在公開的情況下進行的。,明
地下,形容比喻事件不在公開的情況下進行的。,明
地方,中央政府以下的各級行政機構。,中央
地方,中央政府以下的各級行政機構。,中央
垢,形容有污垢雜質的。,清潔
垢,形容有污垢雜質的。,淨
垢,形容有污垢雜質的。,乾淨
垢,形容有污垢雜質的。,潔
垢,形容有污垢雜質的。,清潔
垢,形容有污垢雜質的。,乾淨
垢,形容有污垢雜質的。,清潔
垢,形容有污垢雜質的。,淨
垢,形容有污垢雜質的。,乾淨
垢,形容有污垢雜質的。,潔
垮,形容衣物與穿著者間不密合而有空隙的。,緊
垮,形容衣物與穿著者間不密合而有空隙的。,憋
垮,形容衣物與穿著者間不密合而有空隙的。,緊
垮,形容衣物與穿著者間不密合而有空隙的。,憋
執政黨,執掌政權的政黨。,在野黨
執政黨,執掌政權的政黨。,在野黨
塞,形容運氣不好。,有幸
塞,形容運氣不好。,賽
塞,形容運氣不好。,塞
塞,形容運氣不好。,屎
塞,形容運氣不好。,塞
塞,形容運氣不好。,賽
塞,形容運氣不好。,有幸
塞,形容運氣不好。,屎
塞,形容運氣好。,衰
塞,形容運氣好。,背
塞,形容運氣好。,不幸
塞,形容運氣好。,賽
塞,形容運氣好。,塞
塞,形容運氣好。,屎
塞,形容運氣好。,糞
塞,形容運氣好。,不幸
塞,形容運氣好。,糞
塞,形容運氣好。,衰
塞,形容運氣好。,塞
塞,形容運氣好。,賽
塞,形容運氣好。,背
塞,形容運氣好。,不幸
塞,形容運氣好。,屎
墊,因比重大於所在流體而往下降。,浮
墊,因比重大於所在流體而往下降。,浮
增長,形容長度增加。,縮短
增長,使長度增加。,縮短
增長,使長度增加。,縮短
增長,形容時間加長。,縮短
增長,使時間加長。,縮短
增長,使時間加長。,縮短
增長,形容文本從開始到結束的字數增加或篇幅加長。,縮短
增長,使文本從開始到結束的字數增加或篇幅加長。,縮短
增長,使文本從開始到結束的字數增加或篇幅加長。,縮短
增長,形容數量或數目增加。,下降
增長,形容數量或數目增加。,落
增長,形容數量或數目增加。,下降
增長,形容數量或數目增加。,掉
增長,形容數量或數目增加。,降
增長,形容數量或數目增加。,跌
增長,形容數量或數目增加。,降低
增長,形容數量或數目增加。,降低
增高,形容數量或數目增加。,下降
增高,形容數量或數目增加。,下降
增高,形容數量或數目增加。,落
增高,形容數量或數目增加。,掉
增高,形容數量或數目增加。,降
增高,形容數量或數目增加。,跌
增高,形容數量或數目增加。,降低
增高,形容數量或數目增加。,降低
墨,形容在競爭中被打敗。,贏
墨,形容在競爭中被打敗。,勝
墨,形容在競爭中被打敗。,克
墨,形容在競爭中被打敗。,取勝
墨,形容在競爭中被打敗。,敗
墨,形容在競爭中被打敗。,捷
墨,形容在競爭中被打敗。,勝
墨,形容在競爭中被打敗。,取勝
墨,形容在競爭中被打敗。,克
墨,形容在競爭中被打敗。,贏
墨,形容在競爭中被打敗。,勝
墨,形容在競爭中被打敗。,取勝
墨,形容在競爭中被打敗。,敗
墨,形容在競爭中被打敗。,捷
墨,形容比喻指數下跌。,紅
壞,形容對特定對象的評價是負面的。,好
壞,形容對特定對象的評價是負面的。,佳
壞,形容對特定對象的評價是負面的。,良好
壞,形容對特定對象的評價是負面的。,不錯
壞,形容對特定對象的評價是負面的。,優
壞,形容對特定對象的評價是負面的。,嘉
壞,形容對特定對象的評價是負面的。,良
壞,形容對特定對象的評價是負面的。,好
壞,形容對特定對象的評價是負面的。,佳
壞,形容對特定對象的評價是負面的。,良
壞,形容對特定對象的評價是負面的。,良好
壞,形容對特定對象的評價是負面的。,不錯
壞,形容對特定對象的評價是負面的。,優
壞,形容對特定對象的評價是負面的。,嘉
壞,形容態度惡劣的。,好
壞,形容態度惡劣的。,好
壞,形容身體不舒服。,舒服
壞,形容身體不舒服。,適
壞,形容身體不舒服。,舒適
壞,形容身體不舒服。,舒服
壞,形容身體不舒服。,舒適
壞,形容身體不舒服。,舒適
壞,形容身體不舒服。,舒服
壞,形容身體不舒服。,適
壞,形容關係不親近的。,好
壞,形容關係不親近的。,密
壞,形容關係不親近的。,密切
壞,形容關係不親近的。,好
壞,形容關係不親近的。,密
壞,形容關係不親近的。,密切
壹,事物的全體。,部分
壹,事物的全體。,部份
壹,事物的全體。,部分
壹,事物的全體。,部份
夏娃,代指女子。,亞當
夏娃,代指女子。,亞當
夕,太陽下山後到太陽出來前的時間。,早
夕,太陽下山後到太陽出來前的時間。,朝
夕,太陽下山後到太陽出來前的時間。,早
夕,太陽下山後到太陽出來前的時間。,朝
外,不在前述對象所包含的空間範圍。,內
外,不在前述對象所包含的空間範圍。,以內
外,不在前述對象所包含的空間範圍。,之內
外,不在前述對象所包含的空間範圍。,裡
外,不在前述對象所包含的空間範圍。,裏
外,不在前述對象所包含的空間範圍。,中
外,不在前述對象所包含的空間範圍。,內部
外,不在前述對象所包含的空間範圍。,裡面
外,不在前述對象所包含的空間範圍。,裡頭
外,不在前述對象所包含的空間範圍。,裏
外,不在前述對象所包含的空間範圍。,際
外,不在前述對象所包含的空間範圍。,以內
外,不在前述對象所包含的空間範圍。,中
外,不在前述對象所包含的空間範圍。,之內
外,不在前述對象所包含的空間範圍。,內
外,不在前述對象所包含的空間範圍。,裡
外,不在前述對象所包含的空間範圍。,裏
外,不在前述對象所包含的空間範圍。,內部
外,不在前述對象所包含的空間範圍。,裡面
外,不在前述對象所包含的空間範圍。,際
外,不在前述對象所包含的空間範圍。,裡頭
外,不在前述的機構或領域範圍。,內
外,不在前述的機構或領域範圍。,以內
外,不在前述的機構或領域範圍。,之內
外,不在前述的機構或領域範圍。,裏
外,不在前述的機構或領域範圍。,裡
外,不在前述的機構或領域範圍。,中
外,不在前述的機構或領域範圍。,內部
外,不在前述的機構或領域範圍。,裡面
外,不在前述的機構或領域範圍。,裡頭
外,不在前述的機構或領域範圍。,裏
外,不在前述的機構或領域範圍。,以內
外,不在前述的機構或領域範圍。,中
外,不在前述的機構或領域範圍。,之內
外,不在前述的機構或領域範圍。,內
外,不在前述的機構或領域範圍。,裡
外,不在前述的機構或領域範圍。,裏
外,不在前述的機構或領域範圍。,內部
外,不在前述的機構或領域範圍。,裡面
外,不在前述的機構或領域範圍。,裡頭
外,遠離參考點中心。,內
外,遠離參考點中心。,內
外,外國。,內
外,外國。,內
外,工作或事業。,內
外,工作或事業。,內
外面,事物外部屬於表面的範圍。,裡
外面,事物外部屬於表面的範圍。,裡面
外面,事物外部屬於表面的範圍。,裏
外面,事物外部屬於表面的範圍。,裡頭
外面,事物外部屬於表面的範圍。,裡面
外面,事物外部屬於表面的範圍。,裡頭
外面,事物外部屬於表面的範圍。,裡
外面,事物外部屬於表面的範圍。,裏
外面,不在前述對象所包含的空間範圍。,內
外面,不在前述對象所包含的空間範圍。,之內
外面,不在前述對象所包含的空間範圍。,以內
外面,不在前述對象所包含的空間範圍。,裡
外面,不在前述對象所包含的空間範圍。,裏
外面,不在前述對象所包含的空間範圍。,裡面
外面,不在前述對象所包含的空間範圍。,中
外面,不在前述對象所包含的空間範圍。,內部
外面,不在前述對象所包含的空間範圍。,裡頭
外面,不在前述對象所包含的空間範圍。,裏
外面,不在前述對象所包含的空間範圍。,際
外面,不在前述對象所包含的空間範圍。,中
外面,不在前述對象所包含的空間範圍。,內
外面,不在前述對象所包含的空間範圍。,以內
外面,不在前述對象所包含的空間範圍。,之內
外面,不在前述對象所包含的空間範圍。,裡面
外面,不在前述對象所包含的空間範圍。,際
外面,不在前述對象所包含的空間範圍。,裡頭
外面,不在前述對象所包含的空間範圍。,裡
外面,不在前述對象所包含的空間範圍。,內部
外面,不在前述對象所包含的空間範圍。,裏
外面,不在前述的機構或領域範圍。,裡
外面,不在前述的機構或領域範圍。,裏
外面,不在前述的機構或領域範圍。,裡面
外面,不在前述的機構或領域範圍。,內
外面,不在前述的機構或領域範圍。,之內
外面,不在前述的機構或領域範圍。,以內
外面,不在前述的機構或領域範圍。,中
外面,不在前述的機構或領域範圍。,內部
外面,不在前述的機構或領域範圍。,裡頭
外面,不在前述的機構或領域範圍。,裏
外面,不在前述的機構或領域範圍。,中
外面,不在前述的機構或領域範圍。,內
外面,不在前述的機構或領域範圍。,以內
外面,不在前述的機構或領域範圍。,之內
外面,不在前述的機構或領域範圍。,裡面
外面,不在前述的機構或領域範圍。,裡頭
外面,不在前述的機構或領域範圍。,裡
外面,不在前述的機構或領域範圍。,內部
外面,不在前述的機構或領域範圍。,裏
外面,形容比預期中的位置更往外的。,裡面
外面,形容比預期中的位置更往外的。,進去
外面,形容比預期中的位置更往外的。,裡面
外面,形容比預期中的位置更往外的。,進去
多,形容數量大或種類多。,少
多,形容數量大或種類多。,少
多,表事件發生的頻率很高。,少
多,表事件發生的頻率很高。,少
夜,太陽下山後到太陽出來前的時間。,早
夜,太陽下山後到太陽出來前的時間。,朝
夜,太陽下山後到太陽出來前的時間。,早
夜,太陽下山後到太陽出來前的時間。,朝
夜,太陽下山後到太陽出來前的時間。,晝
夜,太陽下山後到太陽出來前的時間。,白天
夜,形容發生在天黑之後的。,早
夜,形容發生在天黑之後的。,早
夜,姓。,晝
夜,姓。,白天
夜晚,太陽下山後到太陽出來前的時間。,早
夜晚,太陽下山後到太陽出來前的時間。,朝
夜晚,太陽下山後到太陽出來前的時間。,早
夜晚,太陽下山後到太陽出來前的時間。,朝
大,形容體積超過比較對象的。,小
大,形容體積超過比較對象的。,小
大,形容容量超過比較對象的。,小
大,形容容量超過比較對象的。,小
大,形容數目或數量超過比較對象的。,小
大,形容數目或數量超過比較對象的。,小
大,形容程度超過比較對象的。,小
大,形容程度超過比較對象的。,小
大,身心發育成熟的人。,小
大,身心發育成熟的人。,小
大,形容年紀大的。,少
大,形容年紀大的。,小
大,形容年紀大的。,少
大,形容年紀大的。,小
大,形容年紀比特定對象大。,小
大,形容年紀比特定對象大。,小
大,社會地位比較高。,小
大,社會地位比較高。,小
大,形容同輩社會關係排行第一的。,小
大,形容同輩社會關係排行第一的。,小
大,形容將特定對象的格局擴展，或地位提升。,小
大,形容將特定對象的格局擴展，或地位提升。,小
大,形容尊稱事物與特定對象有關係的。,小
大,形容尊稱事物與特定對象有關係的。,小
大,形容尊稱後述身份或機構。,小
大,形容尊稱後述身份或機構。,小
大,表做後述事件的程度非常高。,小
大,表做後述事件的程度非常高。,小
大,在眾多名配偶或情人中，名義上排第一的。,小
大,在眾多名配偶或情人中，名義上排第一的。,小
大,表對年紀較長的人的暱稱。,小
大,表對年紀較長的人的暱稱。,小
大人,身心發育成熟的人。,小
大人,身心發育成熟的人。,小
大大,表做後述事件的程度非常高。,小
大大,表做後述事件的程度非常高。,小
大幅,形容事物改變的程度很大。,狹幅
大幅,形容事物改變的程度很大。,狹幅
大幅度,形容事物改變的程度很大。,狹幅
大幅度,形容事物改變的程度很大。,狹幅
大我,代指群體。,小我
大我,代指群體。,小我
大量,形容度量大，能容忍。,狹隘
大量,形容度量大，能容忍。,狹
太太,對男子在婚姻關係中的配偶的指稱。,丈夫
太太,對男子在婚姻關係中的配偶的指稱。,先生
太太,對男子在婚姻關係中的配偶的指稱。,夫
太太,對男子在婚姻關係中的配偶的指稱。,婿
太太,對男子在婚姻關係中的配偶的指稱。,夫
太太,對男子在婚姻關係中的配偶的指稱。,丈夫
太太,對男子在婚姻關係中的配偶的指稱。,先生
太太,對男子在婚姻關係中的配偶的指稱。,婿
太太,男子在婚姻關係中的配偶。,丈夫
太太,男子在婚姻關係中的配偶。,先生
太太,男子在婚姻關係中的配偶。,夫
太太,男子在婚姻關係中的配偶。,夫
太太,男子在婚姻關係中的配偶。,丈夫
太太,男子在婚姻關係中的配偶。,先生
夫,成年男子。,女人
夫,成年男子。,婦
夫,成年男子。,女人
夫,成年男子。,婦
夫,對女子在婚姻關係中的配偶的指稱。,妻子
夫,對女子在婚姻關係中的配偶的指稱。,太太
夫,對女子在婚姻關係中的配偶的指稱。,房
夫,對女子在婚姻關係中的配偶的指稱。,婦
夫,對女子在婚姻關係中的配偶的指稱。,妻
夫,對女子在婚姻關係中的配偶的指稱。,室
夫,對女子在婚姻關係中的配偶的指稱。,室
夫,對女子在婚姻關係中的配偶的指稱。,太太
夫,對女子在婚姻關係中的配偶的指稱。,房
夫,對女子在婚姻關係中的配偶的指稱。,婦
夫,對女子在婚姻關係中的配偶的指稱。,妻
夫,對女子在婚姻關係中的配偶的指稱。,妻子
夫,從事前述勞動工作的男子。,婦
夫,從事前述勞動工作的男子。,婦
夫,女子在婚姻關係中的配偶。,太太
夫,女子在婚姻關係中的配偶。,妻子
夫,女子在婚姻關係中的配偶。,妻
夫,女子在婚姻關係中的配偶。,太太
夫,女子在婚姻關係中的配偶。,妻子
夫,女子在婚姻關係中的配偶。,妻
失,形容在競爭中被打敗。,贏
失,形容在競爭中被打敗。,勝
失,形容在競爭中被打敗。,克
失,形容在競爭中被打敗。,取勝
失,形容在競爭中被打敗。,敗
失,形容在競爭中被打敗。,捷
失,形容在競爭中被打敗。,勝
失,形容在競爭中被打敗。,取勝
失,形容在競爭中被打敗。,克
失,形容在競爭中被打敗。,贏
失,形容在競爭中被打敗。,勝
失,形容在競爭中被打敗。,取勝
失,形容在競爭中被打敗。,敗
失,形容在競爭中被打敗。,捷
失敗,形容沒有達到預期的結果。,成
失敗,形容沒有達到預期的結果。,成功
失敗,形容沒有達到預期的結果。,成功
失敗,形容沒有達到預期的結果。,成
失敗,形容在競爭中被打敗。,克
失敗,形容在競爭中被打敗。,贏
失敗,形容在競爭中被打敗。,勝
失敗,形容在競爭中被打敗。,勝
失敗,形容在競爭中被打敗。,取勝
失敗,形容在競爭中被打敗。,捷
失敗,形容在競爭中被打敗。,取勝
失敗,形容在競爭中被打敗。,敗
夷,形容經歷危險或威脅而未受損害的。,危
夷,形容經歷危險或威脅而未受損害的。,危
夷,形容經歷危險或威脅而未受損害的。,危
奇,表單的，不成對的。,偶
奇,表單的，不成對的。,偶
奇,表單的，不成對的。,偶
奇,表單的，不成對的。,偶
奇,表單的，不成對的。,
奇,表單的，不成對的。,偶
奧,形容接近事物最基本概念而不易由表面現象理解的。,淺
女,具有生產後代能力的人。,男
女,具有生產後代能力的人。,男生
女,具有生產後代能力的人。,男性
女,具有生產後代能力的人。,男人
女,具有生產後代能力的人。,男子
女,具有生產後代能力的人。,男生
女,具有生產後代能力的人。,男
女,具有生產後代能力的人。,男性
女,具有生產後代能力的人。,男人
女,具有生產後代能力的人。,男子
女,具有生產後代能力的動物。,男
女,具有生產後代能力的動物。,男性
女,具有生產後代能力的動物。,男生
女,具有生產後代能力的動物。,男生
女,具有生產後代能力的動物。,男
女,具有生產後代能力的動物。,男性
女,形容人之中具有生產後代能力的性別。,男
女,形容人之中具有生產後代能力的性別。,男
女,形容動物中具有生產後代能力的性別。,男
女,形容動物中具有生產後代能力的性別。,男
女,形容專門設計給女子使用的。,男
女,形容專門設計給女子使用的。,男子
女,形容專門設計給女子使用的。,男
女,形容專門設計給女子使用的。,男子
女,父母對自己所生育的女性後代的指稱。,男
女,父母對自己所生育的女性後代的指稱。,兒子
女,父母對自己所生育的女性後代的指稱。,男生
女,父母對自己所生育的女性後代的指稱。,子
女,父母對自己所生育的女性後代的指稱。,兒
女,父母對自己所生育的女性後代的指稱。,仔
女,父母對自己所生育的女性後代的指稱。,男生
女,父母對自己所生育的女性後代的指稱。,仔
女,父母對自己所生育的女性後代的指稱。,男
女,父母對自己所生育的女性後代的指稱。,兒子
女,父母對自己所生育的女性後代的指稱。,子
女,父母對自己所生育的女性後代的指稱。,兒
女人,具有生產後代能力的人。,男
女人,具有生產後代能力的人。,男生
女人,具有生產後代能力的人。,男性
女人,具有生產後代能力的人。,男人
女人,具有生產後代能力的人。,男子
女人,具有生產後代能力的人。,男生
女人,具有生產後代能力的人。,男
女人,具有生產後代能力的人。,男性
女人,具有生產後代能力的人。,男人
女人,具有生產後代能力的人。,男子
女人,成年女子。,丁
女人,成年女子。,夫
女人,成年女子。,男人
女人,成年女子。,夫
女人,成年女子。,丁
女人,成年女子。,男人
女人,男子的配偶或接近配偶關係的女性伴侶。,男人
女人,男子的配偶或接近配偶關係的女性伴侶。,男人
女人,形容具有女子特質的。,男生
女人,形容具有女子特質的。,男性
女人,形容具有女子特質的。,男人
女人,形容具有女子特質的。,男生
女人,形容具有女子特質的。,男性
女人,形容具有女子特質的。,男人
女兒,第一代的女性後代。,兒子
女兒,第一代的女性後代。,兒
女兒,第一代的女性後代。,子
女兒,第一代的女性後代。,龍
女兒,第一代的女性後代。,兒子
女兒,第一代的女性後代。,子
女兒,第一代的女性後代。,兒
女兒,第一代的女性後代。,龍
女兒,父母對自己所生育的女性後代的指稱。,兒子
女兒,父母對自己所生育的女性後代的指稱。,子
女兒,父母對自己所生育的女性後代的指稱。,兒
女兒,父母對自己所生育的女性後代的指稱。,男
女兒,父母對自己所生育的女性後代的指稱。,男生
女兒,父母對自己所生育的女性後代的指稱。,仔
女兒,父母對自己所生育的女性後代的指稱。,男生
女兒,父母對自己所生育的女性後代的指稱。,仔
女兒,父母對自己所生育的女性後代的指稱。,男
女兒,父母對自己所生育的女性後代的指稱。,兒子
女兒,父母對自己所生育的女性後代的指稱。,兒
女兒,父母對自己所生育的女性後代的指稱。,子
女士,在社交上對女子的尊稱。,男士
女子,具有生產後代能力的人。,男子
女子,具有生產後代能力的人。,男
女子,具有生產後代能力的人。,男性
女子,具有生產後代能力的人。,男生
女子,具有生產後代能力的人。,男人
女子,具有生產後代能力的人。,男生
女子,具有生產後代能力的人。,男子
女子,具有生產後代能力的人。,男
女子,具有生產後代能力的人。,男性
女子,具有生產後代能力的人。,男人
女子,形容專門設計給女子使用的。,男
女子,形容專門設計給女子使用的。,男子
女子,形容專門設計給女子使用的。,男子
女子,形容專門設計給女子使用的。,男
女子,形容專門給女子參加的。,男子
女子,形容專門給女子參加的。,男子
女性,具有生產後代能力的人。,男
女性,具有生產後代能力的人。,男生
女性,具有生產後代能力的人。,男性
女性,具有生產後代能力的人。,男人
女性,具有生產後代能力的人。,男子
女性,具有生產後代能力的人。,男生
女性,具有生產後代能力的人。,男生
女性,具有生產後代能力的人。,男
女性,具有生產後代能力的人。,男性
女性,具有生產後代能力的人。,男人
女性,具有生產後代能力的人。,男子
女性,具有生產後代能力的動物。,男
女性,具有生產後代能力的動物。,男生
女性,具有生產後代能力的動物。,男性
女性,具有生產後代能力的動物。,男
女性,具有生產後代能力的動物。,男性
女性,形容具有女子特質的。,男生
女性,形容具有女子特質的。,男性
女性,形容具有女子特質的。,男人
女性,形容具有女子特質的。,男生
女性,形容具有女子特質的。,男性
女性,形容具有女子特質的。,男人
女生,具有生產後代能力的人。,男
女生,具有生產後代能力的人。,男生
女生,具有生產後代能力的人。,男性
女生,具有生產後代能力的人。,男人
女生,具有生產後代能力的人。,男子
女生,具有生產後代能力的人。,男生
女生,具有生產後代能力的人。,男
女生,具有生產後代能力的人。,男性
女生,具有生產後代能力的人。,男人
女生,具有生產後代能力的人。,男子
女生,具有生產後代能力的動物。,男
女生,具有生產後代能力的動物。,男生
女生,具有生產後代能力的動物。,男性
女生,具有生產後代能力的動物。,男生
女生,具有生產後代能力的動物。,男
女生,具有生產後代能力的動物。,男性
女生,父母對自己所生育的女性後代的指稱。,男
女生,父母對自己所生育的女性後代的指稱。,男生
女生,父母對自己所生育的女性後代的指稱。,兒子
女生,父母對自己所生育的女性後代的指稱。,兒
女生,父母對自己所生育的女性後代的指稱。,仔
女生,父母對自己所生育的女性後代的指稱。,子
女生,父母對自己所生育的女性後代的指稱。,男生
女生,父母對自己所生育的女性後代的指稱。,仔
女生,父母對自己所生育的女性後代的指稱。,男
女生,父母對自己所生育的女性後代的指稱。,兒子
女生,父母對自己所生育的女性後代的指稱。,子
女生,父母對自己所生育的女性後代的指稱。,兒
女生,形容具有女子特質的。,男生
女生,形容具有女子特質的。,男性
女生,形容具有女子特質的。,男人
女生,形容具有女子特質的。,男生
女生,形容具有女子特質的。,男性
女生,形容具有女子特質的。,男人
女生,女學生。,男生
女生,女學生。,男生
奶,對親屬中與祖母同輩的女子的稱呼。,爺
奶,對親屬中與祖母同輩的女子的稱呼。,公
奶,對親屬中與祖母同輩的女子的稱呼。,爺
奶,對親屬中與祖母同輩的女子的稱呼。,公
奶,對與祖母年紀相仿的一般年長女子的尊稱。,爺
奶,對與祖母年紀相仿的一般年長女子的尊稱。,爺爺
奶,對與祖母年紀相仿的一般年長女子的尊稱。,公
奶,對與祖母年紀相仿的一般年長女子的尊稱。,公公
奶,對與祖母年紀相仿的一般年長女子的尊稱。,公
奶,對與祖母年紀相仿的一般年長女子的尊稱。,公公
奶,對與祖母年紀相仿的一般年長女子的尊稱。,爺
奶,對與祖母年紀相仿的一般年長女子的尊稱。,爺爺
奶,對與祖母年紀相仿的一般年長女子的尊稱。,公
奶,對有孫子的女子的指稱。,祖父
奶,對有孫子的女子的指稱。,爺爺
奶,對有孫子的女子的指稱。,公公
奶,對有孫子的女子的指稱。,公
奶,對有孫子的女子的指稱。,爺
奶,對有孫子的女子的指稱。,祖父
奶,對有孫子的女子的指稱。,公公
奶,對有孫子的女子的指稱。,爺
奶,對有孫子的女子的指稱。,爺爺
奶,對有孫子的女子的指稱。,公
奶,有孫子的女子。,祖父
奶,有孫子的女子。,爺爺
奶,有孫子的女子。,公
奶,有孫子的女子。,爺
奶,有孫子的女子。,祖父
奶,有孫子的女子。,爺
奶,有孫子的女子。,爺爺
奶,有孫子的女子。,公
好,形容對特定對象的評價是正面的。,壞
好,形容對特定對象的評價是正面的。,差
好,形容對特定對象的評價是正面的。,柴
好,形容對特定對象的評價是正面的。,否
好,形容對特定對象的評價是正面的。,劣
好,形容對特定對象的評價是正面的。,菜
好,形容對特定對象的評價是正面的。,糟
好,形容對特定對象的評價是正面的。,遜
好,形容對特定對象的評價是正面的。,惡
好,形容對特定對象的評價是正面的。,不良
好,形容對特定對象的評價是正面的。,孬
好,形容對特定對象的評價是正面的。,差
好,形容對特定對象的評價是正面的。,劣
好,形容對特定對象的評價是正面的。,差
好,形容對特定對象的評價是正面的。,柴
好,形容對特定對象的評價是正面的。,不良
好,形容對特定對象的評價是正面的。,孬
好,形容對特定對象的評價是正面的。,壞
好,形容對特定對象的評價是正面的。,否
好,形容對特定對象的評價是正面的。,菜
好,形容對特定對象的評價是正面的。,劣
好,形容對特定對象的評價是正面的。,糟
好,形容對特定對象的評價是正面的。,惡
好,形容對特定對象的評價是正面的。,遜
好,形容態度親切的。,差
好,形容態度親切的。,壞
好,形容態度親切的。,糟
好,形容態度親切的。,惡
好,形容態度親切的。,差
好,形容態度親切的。,壞
好,形容態度親切的。,糟
好,形容態度親切的。,惡
好,形容關係親近的。,壞
好,形容關係親近的。,糟
好,形容關係親近的。,差
好,形容關係親近的。,差
好,形容關係親近的。,壞
好,形容關係親近的。,糟
好,形容表示同意或允許。,不行
好,形容表示同意或允許。,不行
好,表容易，或物品的特定性質令人滿意。,難
好,表容易，或物品的特定性質令人滿意。,難
好,表容易，或物品的特定性質令人滿意。,不易
好,表容易，或物品的特定性質令人滿意。,困難
好處,特定對象主觀認為的好處或正面的影響。,弊
好處,特定對象主觀認為的好處或正面的影響。,害
妃,民間對所信仰的女性神明的稱呼。,公
妃,民間對所信仰的女性神明的稱呼。,爺
妹,同父或同母生的女子，後出生者。,姊
妹,同父或同母生的女子，後出生者。,姊姊
妹,同父或同母生的女子，後出生者。,姐
妹,同父或同母生的女子，後出生者。,姐
妹,同父或同母生的女子，後出生者。,姊姊
妹,同父或同母生的女子，後出生者。,姊
妹,同父或同母所生並比自己後出生的女子的指稱。,姊
妹,同父或同母所生並比自己後出生的女子的指稱。,姊姊
妹,同父或同母所生並比自己後出生的女子的指稱。,姐
妹,同父或同母所生並比自己後出生的女子的指稱。,姐
妹,同父或同母所生並比自己後出生的女子的指稱。,姊姊
妹,同父或同母所生並比自己後出生的女子的指稱。,姊
妹,同輩而年紀比自己小的女性。,姊
妹,同輩而年紀比自己小的女性。,姊姊
妹,同輩而年紀比自己小的女性。,姐
妹,同輩而年紀比自己小的女性。,姐
妹,同輩而年紀比自己小的女性。,姊
妹,同輩而年紀比自己小的女性。,姊姊
妹妹,同父或同母生的女子，後出生者。,姊姊
妹妹,同父或同母生的女子，後出生者。,姊
妹妹,同父或同母生的女子，後出生者。,姐
妹妹,同父或同母生的女子，後出生者。,姐
妹妹,同父或同母生的女子，後出生者。,姊姊
妹妹,同父或同母生的女子，後出生者。,姊
妹妹,同輩而年紀比自己小的女子。,姊姊
妹妹,同輩而年紀比自己小的女子。,姊
妹妹,同輩而年紀比自己小的女子。,姐
妹妹,同輩而年紀比自己小的女子。,姐
妹妹,同輩而年紀比自己小的女子。,姊姊
妹妹,同輩而年紀比自己小的女子。,姊
妹妹,對同父或同母所生並比自己後出生的女子的指稱。,姊姊
妹妹,對同父或同母所生並比自己後出生的女子的指稱。,姊
妹妹,對同父或同母所生並比自己後出生的女子的指稱。,姐
妹妹,對同父或同母所生並比自己後出生的女子的指稱。,姐
妹妹,對同父或同母所生並比自己後出生的女子的指稱。,姊姊
妹妹,對同父或同母所生並比自己後出生的女子的指稱。,姊
妻,對男子在婚姻關係中的配偶的指稱。,丈夫
妻,對男子在婚姻關係中的配偶的指稱。,先生
妻,對男子在婚姻關係中的配偶的指稱。,夫
妻,對男子在婚姻關係中的配偶的指稱。,婿
妻,對男子在婚姻關係中的配偶的指稱。,夫
妻,對男子在婚姻關係中的配偶的指稱。,丈夫
妻,對男子在婚姻關係中的配偶的指稱。,先生
妻,對男子在婚姻關係中的配偶的指稱。,婿
妻,男子在婚姻關係中的配偶。,丈夫
妻,男子在婚姻關係中的配偶。,先生
妻,男子在婚姻關係中的配偶。,夫
妻,男子在婚姻關係中的配偶。,夫
妻,男子在婚姻關係中的配偶。,丈夫
妻,男子在婚姻關係中的配偶。,先生
妻子,對男子在婚姻關係中的配偶的指稱。,丈夫
妻子,對男子在婚姻關係中的配偶的指稱。,先生
妻子,對男子在婚姻關係中的配偶的指稱。,夫
妻子,對男子在婚姻關係中的配偶的指稱。,婿
妻子,對男子在婚姻關係中的配偶的指稱。,夫
妻子,對男子在婚姻關係中的配偶的指稱。,丈夫
妻子,對男子在婚姻關係中的配偶的指稱。,先生
妻子,對男子在婚姻關係中的配偶的指稱。,婿
妻子,男子在婚姻關係中的配偶。,丈夫
妻子,男子在婚姻關係中的配偶。,先生
妻子,男子在婚姻關係中的配偶。,夫
妻子,男子在婚姻關係中的配偶。,夫
妻子,男子在婚姻關係中的配偶。,丈夫
妻子,男子在婚姻關係中的配偶。,先生
姊,對同父或同母所生並比自己先出生的女子的指稱。,妹妹
姊,對同父或同母所生並比自己先出生的女子的指稱。,妹
姊,對同父或同母所生並比自己先出生的女子的指稱。,妹妹
姊,對同父或同母所生並比自己先出生的女子的指稱。,妹
姊,同父或同母生的女子，先出生者。,妹妹
姊,同父或同母生的女子，先出生者。,妹
姊,同父或同母生的女子，先出生者。,妹妹
姊,同父或同母生的女子，先出生者。,妹
姊,同輩而年紀比自己大的女子。,妹妹
姊,同輩而年紀比自己大的女子。,妹
姊,同輩而年紀比自己大的女子。,妹妹
姊,同輩而年紀比自己大的女子。,妹
姊,稱呼女子的親暱用語。,哥哥
姊,稱呼女子的親暱用語。,哥
姊,稱呼女子的親暱用語。,哥哥
姊,稱呼女子的親暱用語。,哥
姊姊,同父或同母生的女子，先出生者。,妹妹
姊姊,同父或同母生的女子，先出生者。,妹
姊姊,同父或同母生的女子，先出生者。,妹妹
姊姊,同父或同母生的女子，先出生者。,妹
姊姊,對同父或同母所生並比自己先出生的女子的指稱。,妹妹
姊姊,對同父或同母所生並比自己先出生的女子的指稱。,妹
姊姊,對同父或同母所生並比自己先出生的女子的指稱。,妹妹
姊姊,對同父或同母所生並比自己先出生的女子的指稱。,妹
姊姊,同輩而年紀比自己大的女子。,妹妹
姊姊,同輩而年紀比自己大的女子。,妹
姊姊,同輩而年紀比自己大的女子。,妹妹
姊姊,同輩而年紀比自己大的女子。,妹
姊姊,稱呼女子的親暱用語。,哥哥
姊姊,稱呼女子的親暱用語。,哥
姊姊,稱呼女子的親暱用語。,哥
姊姊,稱呼女子的親暱用語。,哥哥
始,事件或狀態從頭或特定時點起。,結束
始,事件或狀態從頭或特定時點起。,結束
始,事件或狀態從頭或特定時點起。,終
始,事件或狀態從頭或特定時點起。,終
始,事件或狀態從頭或特定時點起。,閉
始,事件或狀態從頭或特定時點起。,完
始,表示事件時間範圍的開始參考點。,止
始,表示事件時間範圍的開始參考點。,為止
始,表示事件時間範圍的開始參考點。,止
始,表示事件時間範圍的開始參考點。,為止
姐,對同父或同母所生並比自己先出生的女子的指稱。,妹妹
姐,對同父或同母所生並比自己先出生的女子的指稱。,妹
姐,對同父或同母所生並比自己先出生的女子的指稱。,妹妹
姐,對同父或同母所生並比自己先出生的女子的指稱。,妹
姐,同父或同母生的女子，先出生者。,妹妹
姐,同父或同母生的女子，先出生者。,妹
姐,同父或同母生的女子，先出生者。,妹妹
姐,同父或同母生的女子，先出生者。,妹
姐,同輩而年紀比自己大的女子。,妹妹
姐,同輩而年紀比自己大的女子。,妹
姐,同輩而年紀比自己大的女子。,妹妹
姐,同輩而年紀比自己大的女子。,妹
姐,稱呼女子的親暱用語。,哥哥
姐,稱呼女子的親暱用語。,哥
姐,稱呼女子的親暱用語。,哥哥
姐,稱呼女子的親暱用語。,哥
姐妹,同父或同母生的女子，先出生者為姐姐，後出生者為妹妹。,兄弟
姐妹,同父或同母生的女子，先出生者為姐姐，後出生者為妹妹。,弟兄
姐妹,同父或同母生的女子，先出生者為姐姐，後出生者為妹妹。,弟兄
姐妹,同父或同母生的女子，先出生者為姐姐，後出生者為妹妹。,兄弟
姐妹,彼此交情親密的女性朋友。,弟兄
姐妹,彼此交情親密的女性朋友。,弟兄
姐妹,彼此交情親密的女性朋友。,兄弟
姐妹,輩分相當或身分地位相近的女子。,兄弟
姐妹,輩分相當或身分地位相近的女子。,弟兄
姐妹,輩分相當或身分地位相近的女子。,弟兄
姐妹,輩分相當或身分地位相近的女子。,兄弟
姐妹,對女性教友的稱呼。,弟兄
姐妹,對女性教友的稱呼。,弟兄
姑,女子對丈夫的母親的指稱。,公
姑,女子對丈夫的母親的指稱。,公公
姑,女子對丈夫的母親的指稱。,舅
姑,女子對丈夫的母親的指稱。,
姑,女子對丈夫的母親的指稱。,翁
姑,女子對丈夫的母親的指稱。,公公
姑,女子對丈夫的母親的指稱。,舅
姑,女子對丈夫的母親的指稱。,公
娘,子女對生育自己的女子的指稱，或指在家庭關係中扮演母親角色的女子。,爹
娘,子女對生育自己的女子的指稱，或指在家庭關係中扮演母親角色的女子。,父
娘,子女對生育自己的女子的指稱，或指在家庭關係中扮演母親角色的女子。,爸
娘,子女對生育自己的女子的指稱，或指在家庭關係中扮演母親角色的女子。,父親
娘,子女對生育自己的女子的指稱，或指在家庭關係中扮演母親角色的女子。,老子
娘,子女對生育自己的女子的指稱，或指在家庭關係中扮演母親角色的女子。,爸爸
娘,子女對生育自己的女子的指稱，或指在家庭關係中扮演母親角色的女子。,阿
娘,子女對生育自己的女子的指稱，或指在家庭關係中扮演母親角色的女子。,爺
娘,子女對生育自己的女子的指稱，或指在家庭關係中扮演母親角色的女子。,老
娘,子女對生育自己的女子的指稱，或指在家庭關係中扮演母親角色的女子。,爸爸
娘,子女對生育自己的女子的指稱，或指在家庭關係中扮演母親角色的女子。,爸
娘,子女對生育自己的女子的指稱，或指在家庭關係中扮演母親角色的女子。,父
娘,子女對生育自己的女子的指稱，或指在家庭關係中扮演母親角色的女子。,老子
娘,子女對生育自己的女子的指稱，或指在家庭關係中扮演母親角色的女子。,父親
娘,子女對生育自己的女子的指稱，或指在家庭關係中扮演母親角色的女子。,爹
娘,子女對生育自己的女子的指稱，或指在家庭關係中扮演母親角色的女子。,公
娘,子女對生育自己的女子的指稱，或指在家庭關係中扮演母親角色的女子。,爺
娘,子女對生育自己的女子的指稱，或指在家庭關係中扮演母親角色的女子。,爺
娘,有子女的女子。,父
娘,有子女的女子。,父親
娘,有子女的女子。,爸
娘,有子女的女子。,爸爸
娘,有子女的女子。,爹
娘,有子女的女子。,父
娘,有子女的女子。,爸
娘,有子女的女子。,爸爸
娘,有子女的女子。,爹
娘,有子女的女子。,父親
娘,民間對所信仰的女性神明的稱呼。,公
娘,民間對所信仰的女性神明的稱呼。,爺
娘,民間對所信仰的女性神明的稱呼。,公
娘,民間對所信仰的女性神明的稱呼。,爺
婆,對有孫子的女子的指稱。,公
婆,對有孫子的女子的指稱。,公公
婆,對有孫子的女子的指稱。,祖父
婆,對有孫子的女子的指稱。,爺爺
婆,對有孫子的女子的指稱。,爺
婆,對有孫子的女子的指稱。,祖父
婆,對有孫子的女子的指稱。,公公
婆,對有孫子的女子的指稱。,爺爺
婆,對有孫子的女子的指稱。,公
婆,對有孫子的女子的指稱。,爺
婆,有孫子的女子。,公
婆,有孫子的女子。,祖父
婆,有孫子的女子。,爺爺
婆,有孫子的女子。,爺
婆,有孫子的女子。,祖父
婆,有孫子的女子。,公
婆,有孫子的女子。,爺
婆,有孫子的女子。,爺爺
婆,對親屬中與祖母同輩的女子的稱呼。,公
婆,對親屬中與祖母同輩的女子的稱呼。,爺
婆,對親屬中與祖母同輩的女子的稱呼。,公
婆,對親屬中與祖母同輩的女子的稱呼。,爺
婆,對與祖母年紀相仿的一般年長女子的尊稱。,公
婆,對與祖母年紀相仿的一般年長女子的尊稱。,公公
婆,對與祖母年紀相仿的一般年長女子的尊稱。,爺
婆,對與祖母年紀相仿的一般年長女子的尊稱。,爺爺
婆,對與祖母年紀相仿的一般年長女子的尊稱。,公
婆,對與祖母年紀相仿的一般年長女子的尊稱。,公公
婆,對與祖母年紀相仿的一般年長女子的尊稱。,公
婆,對與祖母年紀相仿的一般年長女子的尊稱。,爺
婆,對與祖母年紀相仿的一般年長女子的尊稱。,爺爺
婆,女子對丈夫的母親的指稱。,公
婆,女子對丈夫的母親的指稱。,公公
婆,女子對丈夫的母親的指稱。,舅
婆,女子對丈夫的母親的指稱。,
婆,女子對丈夫的母親的指稱。,翁
婆,女子對丈夫的母親的指稱。,公公
婆,女子對丈夫的母親的指稱。,公
婆,女子對丈夫的母親的指稱。,舅
婆,對從事前述職業的女子的稱呼。,公
婆,對從事前述職業的女子的稱呼。,公
婆,民間對所信仰的女性神明的稱呼。,公
婆,民間對所信仰的女性神明的稱呼。,爺
婆,民間對所信仰的女性神明的稱呼。,公
婆,民間對所信仰的女性神明的稱呼。,爺
婚前,結婚之前的時間。,婚後
婚前,結婚之前的時間。,婚後
婚後,結婚之後的時間。,婚前
婚後,結婚之後的時間。,婚前
婦,成年女子。,丁
婦,成年女子。,男人
婦,成年女子。,夫
婦,成年女子。,夫
婦,成年女子。,丁
婦,成年女子。,男人
婦,對男子在婚姻關係中的配偶的指稱。,丈夫
婦,對男子在婚姻關係中的配偶的指稱。,先生
婦,對男子在婚姻關係中的配偶的指稱。,夫
婦,對男子在婚姻關係中的配偶的指稱。,婿
婦,對男子在婚姻關係中的配偶的指稱。,夫
婦,對男子在婚姻關係中的配偶的指稱。,丈夫
婦,對男子在婚姻關係中的配偶的指稱。,先生
婦,對男子在婚姻關係中的配偶的指稱。,婿
婦,從事前述勞動工作的女子。,夫
婦,從事前述勞動工作的女子。,丁
婦,從事前述勞動工作的女子。,夫
婦,從事前述勞動工作的女子。,丁
婿,對女子在婚姻關係中的配偶的指稱。,妻子
婿,對女子在婚姻關係中的配偶的指稱。,妻
婿,對女子在婚姻關係中的配偶的指稱。,太太
婿,對女子在婚姻關係中的配偶的指稱。,婦
婿,對女子在婚姻關係中的配偶的指稱。,房
婿,對女子在婚姻關係中的配偶的指稱。,室
婿,對女子在婚姻關係中的配偶的指稱。,室
婿,對女子在婚姻關係中的配偶的指稱。,太太
婿,對女子在婚姻關係中的配偶的指稱。,妻子
婿,對女子在婚姻關係中的配偶的指稱。,房
婿,對女子在婚姻關係中的配偶的指稱。,妻
婿,對女子在婚姻關係中的配偶的指稱。,婦
媽,子女對生育自己的女子的指稱，或指在家庭關係中扮演母親角色的女子。,爹
媽,子女對生育自己的女子的指稱，或指在家庭關係中扮演母親角色的女子。,父
媽,子女對生育自己的女子的指稱，或指在家庭關係中扮演母親角色的女子。,爸
媽,子女對生育自己的女子的指稱，或指在家庭關係中扮演母親角色的女子。,父親
媽,子女對生育自己的女子的指稱，或指在家庭關係中扮演母親角色的女子。,老子
媽,子女對生育自己的女子的指稱，或指在家庭關係中扮演母親角色的女子。,爸爸
媽,子女對生育自己的女子的指稱，或指在家庭關係中扮演母親角色的女子。,阿
媽,子女對生育自己的女子的指稱，或指在家庭關係中扮演母親角色的女子。,老
媽,子女對生育自己的女子的指稱，或指在家庭關係中扮演母親角色的女子。,爺
媽,子女對生育自己的女子的指稱，或指在家庭關係中扮演母親角色的女子。,爸爸
媽,子女對生育自己的女子的指稱，或指在家庭關係中扮演母親角色的女子。,爸
媽,子女對生育自己的女子的指稱，或指在家庭關係中扮演母親角色的女子。,父
媽,子女對生育自己的女子的指稱，或指在家庭關係中扮演母親角色的女子。,老子
媽,子女對生育自己的女子的指稱，或指在家庭關係中扮演母親角色的女子。,父親
媽,子女對生育自己的女子的指稱，或指在家庭關係中扮演母親角色的女子。,爹
媽,子女對生育自己的女子的指稱，或指在家庭關係中扮演母親角色的女子。,爺
媽,有子女的女子。,父
媽,有子女的女子。,父親
媽,有子女的女子。,爸爸
媽,有子女的女子。,爹
媽,有子女的女子。,爸
媽,有子女的女子。,父
媽,有子女的女子。,爸
媽,有子女的女子。,爸爸
媽,有子女的女子。,爹
媽,有子女的女子。,父親
媽,民間對所信仰的女性神明的稱呼。,公
媽,民間對所信仰的女性神明的稱呼。,爺
媽,民間對所信仰的女性神明的稱呼。,公
媽,民間對所信仰的女性神明的稱呼。,爺
媽媽,子女對生育自己的女子的指稱，或指在家庭關係中扮演母親角色的女子。,爹
媽媽,子女對生育自己的女子的指稱，或指在家庭關係中扮演母親角色的女子。,父
媽媽,子女對生育自己的女子的指稱，或指在家庭關係中扮演母親角色的女子。,爸
媽媽,子女對生育自己的女子的指稱，或指在家庭關係中扮演母親角色的女子。,父親
媽媽,子女對生育自己的女子的指稱，或指在家庭關係中扮演母親角色的女子。,老子
媽媽,子女對生育自己的女子的指稱，或指在家庭關係中扮演母親角色的女子。,爸爸
媽媽,子女對生育自己的女子的指稱，或指在家庭關係中扮演母親角色的女子。,阿
媽媽,子女對生育自己的女子的指稱，或指在家庭關係中扮演母親角色的女子。,老
媽媽,子女對生育自己的女子的指稱，或指在家庭關係中扮演母親角色的女子。,爺
媽媽,子女對生育自己的女子的指稱，或指在家庭關係中扮演母親角色的女子。,爸爸
媽媽,子女對生育自己的女子的指稱，或指在家庭關係中扮演母親角色的女子。,爸
媽媽,子女對生育自己的女子的指稱，或指在家庭關係中扮演母親角色的女子。,父
媽媽,子女對生育自己的女子的指稱，或指在家庭關係中扮演母親角色的女子。,老子
媽媽,子女對生育自己的女子的指稱，或指在家庭關係中扮演母親角色的女子。,父親
媽媽,子女對生育自己的女子的指稱，或指在家庭關係中扮演母親角色的女子。,爹
媽媽,子女對生育自己的女子的指稱，或指在家庭關係中扮演母親角色的女子。,爺
媽媽,有子女的女子。,爸
媽媽,有子女的女子。,父
媽媽,有子女的女子。,父親
媽媽,有子女的女子。,爹
媽媽,有子女的女子。,爸爸
媽媽,有子女的女子。,父
媽媽,有子女的女子。,爸
媽媽,有子女的女子。,爸爸
媽媽,有子女的女子。,爹
媽媽,有子女的女子。,父親
嫩,形容食材質地細而口感柔軟。,老
嫩,形容食材質地細而口感柔軟。,老
嫩,形容食物烹調時間短，口感柔軟的。,老
嫩,形容食物烹調時間短，口感柔軟的。,老
嫩,形容比喻經驗不足的。,老
嫩,形容比喻經驗不足的。,老
嫻熟,擁有豐富的經驗與技術。,疏
嫻熟,擁有豐富的經驗與技術。,生疏
嫻熟,擁有豐富的經驗與技術。,生
子,父母對自己所生育的男性後代的指稱。,女兒
子,父母對自己所生育的男性後代的指稱。,女
子,父母對自己所生育的男性後代的指稱。,女生
子,父母對自己所生育的男性後代的指稱。,女生
子,父母對自己所生育的男性後代的指稱。,女兒
子,父母對自己所生育的男性後代的指稱。,女
子,第一代的男性後代。,女兒
子,第一代的男性後代。,鳳
子,第一代的男性後代。,女兒
子,第一代的男性後代。,鳳
存,形容生命持續。,死亡
存,形容生命持續。,死掉
存,形容生命持續。,死
存,形容生命持續。,逝
存,形容生命持續。,過去
存,形容生命持續。,掛
存,形容生命持續。,亡
存,形容生命持續。,走
存,形容生命持續。,去
存,形容生命持續。,弱
存,形容生命持續。,回去
存,形容生命持續。,歿
存,形容生命持續。,斃
存,形容生命持續。,離開
存,形容生命持續。,離去
存,形容生命持續。,過往
存,形容生命持續。,死亡
存,形容生命持續。,死
存,形容生命持續。,亡
存,形容生命持續。,離開
存,形容生命持續。,離去
存,形容生命持續。,死亡
存,形容生命持續。,逝
存,形容生命持續。,亡
存,形容生命持續。,走
存,形容生命持續。,回去
存,形容生命持續。,死掉
存,形容生命持續。,死
存,形容生命持續。,過去
存,形容生命持續。,掛
存,形容生命持續。,去
存,形容生命持續。,弱
存,形容生命持續。,歿
存,形容生命持續。,斃
存,形容生命持續。,過往
存,形容在時間上持續。,死
存,形容在時間上持續。,死亡
存,形容在時間上持續。,亡
存,形容在時間上持續。,死亡
存,形容在時間上持續。,亡
存,形容在時間上持續。,死亡
存,形容在時間上持續。,亡
存,形容在時間上持續。,死
存,姓。,離去
存,姓。,離開
存在,在時間上持續。,死亡
存在,在時間上持續。,亡
存在,在時間上持續。,亡
存在,在時間上持續。,死亡
存在,在時間上持續。,死
存有,後述對象存在。,沒有
存有,後述對象存在。,沒
存有,後述對象存在。,毋
存有,後述對象存在。,沒
存有,後述對象存在。,毋
存有,後述對象存在。,沒有
孬,形容對特定對象的評價是負面的。,好
孬,形容對特定對象的評價是負面的。,佳
孬,形容對特定對象的評價是負面的。,良好
孬,形容對特定對象的評價是負面的。,優
孬,形容對特定對象的評價是負面的。,嘉
孬,形容對特定對象的評價是負面的。,良
孬,形容對特定對象的評價是負面的。,不錯
孬,形容對特定對象的評價是負面的。,良
孬,形容對特定對象的評價是負面的。,佳
孬,形容對特定對象的評價是負面的。,好
孬,形容對特定對象的評價是負面的。,不錯
孬,形容對特定對象的評價是負面的。,嘉
孬,形容對特定對象的評價是負面的。,優
孬,形容對特定對象的評價是負面的。,良好
安,形容經歷危險或威脅而未受損害的。,危
安,形容經歷危險或威脅而未受損害的。,危
安全,形容經歷危險或威脅而未受損害的。,危
安全,形容經歷危險或威脅而未受損害的。,危
完,事件或狀態到特定時點終止。,開始
完,事件或狀態到特定時點終止。,始
完,事件或狀態到特定時點終止。,開
完,事件或狀態到特定時點終止。,啟
完,事件或狀態到特定時點終止。,開始
完,事件或狀態到特定時點終止。,始
完,事件或狀態到特定時點終止。,開始
完,事件或狀態到特定時點終止。,始
完,事件或狀態到特定時點終止。,開
完,事件或狀態到特定時點終止。,啟
完工,工程正式結束。,動工
完工,比喻特定事件完成。,動工
宏觀,形容觀點大不受侷限的。,微
宏觀,以較廣的觀察角度，對事物有較整體的觀察及理解。,微
客,接受邀請、招待或前來拜訪的人，相對於主人。,主人
客,接受邀請、招待或前來拜訪的人，相對於主人。,主
客,接受邀請、招待或前來拜訪的人，相對於主人。,主人
客,接受邀請、招待或前來拜訪的人，相對於主人。,主
客人,接受邀請、招待或前來拜訪的人，相對於主人。,主人
客人,接受邀請、招待或前來拜訪的人，相對於主人。,主
客人,接受邀請、招待或前來拜訪的人，相對於主人。,主人
客人,接受邀請、招待或前來拜訪的人，相對於主人。,主
客氣,形容謙虛有禮的態度。,不客氣
客氣,形容謙虛有禮的態度。,不客氣
室,對男子在婚姻關係中的配偶的指稱。,丈夫
室,對男子在婚姻關係中的配偶的指稱。,先生
室,對男子在婚姻關係中的配偶的指稱。,夫
室,對男子在婚姻關係中的配偶的指稱。,婿
室,對男子在婚姻關係中的配偶的指稱。,夫
室,對男子在婚姻關係中的配偶的指稱。,丈夫
室,對男子在婚姻關係中的配偶的指稱。,先生
室,對男子在婚姻關係中的配偶的指稱。,婿
害,特定對象主觀認為的壞處。,利
害,特定對象主觀認為的壞處。,利益
害,特定對象主觀認為的壞處。,好處
害,特定對象主觀認為的壞處。,惠
害,特定對象主觀認為的壞處。,利益
害,特定對象主觀認為的壞處。,好處
害,特定對象主觀認為的壞處。,利益
害,特定對象主觀認為的壞處。,利
害,特定對象主觀認為的壞處。,好處
害,特定對象主觀認為的壞處。,惠
宵,太陽下山後到太陽出來前的時間。,早
宵,太陽下山後到太陽出來前的時間。,朝
宵,太陽下山後到太陽出來前的時間。,早
宵,太陽下山後到太陽出來前的時間。,朝
容,對特定事件的發生表示接受。,不容
容,對特定事件的發生表示接受。,不許
容,對特定事件的發生表示接受。,不可以
容,對特定事件的發生表示接受。,不可
容,對特定事件的發生表示接受。,不能
容,對特定事件的發生表示接受。,不容
容,對特定事件的發生表示接受。,不許
容,對特定事件的發生表示接受。,不可以
容,對特定事件的發生表示接受。,不可
容,對特定事件的發生表示接受。,不能
容易,形容特定事件可以輕易達成。,難
容易,形容特定事件可以輕易達成。,不易
容易,形容特定事件可以輕易達成。,困難
容易,形容特定事件可以輕易達成。,困難
容易,形容特定事件可以輕易達成。,難
容易,形容特定事件可以輕易達成。,不易
容易,形容特定事件可以輕易達成。,困難
容易,表後述事件發生的可能性大。,難
容易,表後述事件發生的可能性大。,不易
容易,表後述事件發生的可能性大。,困難
容易,表後述事件發生的可能性大。,難
容易,表後述事件發生的可能性大。,不易
容易,表後述事件發生的可能性大。,困難
容許,對特定事件的發生表示接受。,不容
容許,對特定事件的發生表示接受。,不許
容許,對特定事件的發生表示接受。,不可以
容許,對特定事件的發生表示接受。,不可
容許,對特定事件的發生表示接受。,不能
容許,對特定事件的發生表示接受。,不容
容許,對特定事件的發生表示接受。,不可
容許,對特定事件的發生表示接受。,不許
容許,對特定事件的發生表示接受。,不可以
容許,對特定事件的發生表示接受。,不能
宿,形容事物已經存在很久了。,新
宿,形容事物已經存在很久了。,新興
宿,形容事物已經存在很久了。,新
宿,形容事物已經存在很久了。,新興
密,形容同類物體之間間隔很小的。,疏
密,形容同類物體之間間隔很小的。,稀
密,形容同類物體之間間隔很小的。,疏
密,形容同類物體之間間隔很小的。,稀
密,形容關係親近的。,壞
密,形容關係親近的。,差
密,形容關係親近的。,糟
密,形容關係親近的。,差
密,形容關係親近的。,壞
密,形容關係親近的。,糟
密,形容同類物體之間間隔變小的。,疏
密,形容同類物體之間間隔變小的。,疏
密,形容特定事件在特定時段內發生次數大。,疏
密,形容特定事件在特定時段內發生次數大。,稀
密,形容特定事件在特定時段內發生次數大。,疏
密,形容特定事件在特定時段內發生次數大。,稀
密,形容比喻沒有疏忽遺漏的。,疏
密,形容比喻沒有疏忽遺漏的。,寬
密,形容比喻沒有疏忽遺漏的。,鬆
密,形容比喻沒有疏忽遺漏的。,弛
密,形容比喻沒有疏忽遺漏的。,寬
密,形容比喻沒有疏忽遺漏的。,疏
密,形容比喻沒有疏忽遺漏的。,鬆
密,形容比喻沒有疏忽遺漏的。,寬
密,形容比喻沒有疏忽遺漏的。,弛
密切,形容關係親近的。,壞
密切,形容關係親近的。,差
密切,形容關係親近的。,糟
密切,形容關係親近的。,差
密切,形容關係親近的。,壞
密切,形容比喻沒有疏忽遺漏的。,疏
密切,形容比喻沒有疏忽遺漏的。,寬
密切,形容比喻沒有疏忽遺漏的。,鬆
密切,形容比喻沒有疏忽遺漏的。,寬
密切,形容比喻沒有疏忽遺漏的。,疏
密切,形容比喻沒有疏忽遺漏的。,鬆
密切,形容比喻沒有疏忽遺漏的。,糟
密切,形容比喻沒有疏忽遺漏的。,寬
密切,形容比喻沒有疏忽遺漏的。,弛
富,形容擁有很多錢財。,陋
富,形容擁有很多錢財。,窮
富,形容擁有很多錢財。,貧
富,形容擁有很多錢財。,貧
富,形容豐富的。,貧
富,形容豐富的。,貧
寒,形容溫度低或感覺溫度低的。,炎
寒,形容溫度低或感覺溫度低的。,炙
寒,形容溫度低或感覺溫度低的。,熱
寒,形容溫度低或感覺溫度低的。,熱
寒,形容溫度低或感覺溫度低的。,焚
寒,形容溫度低或感覺溫度低的。,暑
寒,形容溫度低或感覺溫度低的。,暑
寒,形容溫度低或感覺溫度低的。,熾
寒,形容溫度降低的。,熱
寒,形容溫度降低的。,熱
寒流,從高緯度流向低緯度，比所經區域的海水溫度還低的洋流。,暖
寢,動物進入本能自發的週期性休息狀態。,醒
實,形容內部完全填滿，沒有空隙。,鬆
實,形容內部完全填滿，沒有空隙。,疏
實,形容內部完全填滿，沒有空隙。,虛
實,形容內部完全填滿，沒有空隙。,鬆
實,形容內部完全填滿，沒有空隙。,疏
實,形容內部完全填滿，沒有空隙。,虛
實,形容與客觀事實相符的。,虛
實,形容與客觀事實相符的。,假
實,形容與客觀事實相符的。,偽
實,形容與客觀事實相符的。,假
實,形容與客觀事實相符的。,偽
實,形容與客觀事實相符的。,虛
實,實際的事件或行為。,名
實,形容事物具有實體概念的。,空
實,形容事物具有實體概念的。,虛
實,形容事物具有實體概念的。,虛
寬,形容同一物體兩端點之間的寬度大。,窄
寬,形容同一物體兩端點之間的寬度大。,狹
寬,形容同一物體兩端點之間的寬度大。,窄
寬,形容同一物體兩端點之間的寬度大。,狹
寬,形容比喻事件的範圍大。,窄
寬,形容比喻事件的範圍大。,狹隘
寬,形容比喻事件的範圍大。,狹
寬,形容比喻事件的範圍大。,狹隘
寬,形容比喻事件的範圍大。,狹隘
寬,形容比喻事件的範圍大。,窄
寬,形容比喻事件的範圍大。,狹
寬,形容衣服太大而不合身。,窄
寬,形容衣服太大而不合身。,窄
寬,形容比喻不嚴格。,密
寬,形容比喻不嚴格。,嚴
寬,形容比喻不嚴格。,嚴
寬,形容比喻不嚴格。,緊
寬,形容比喻不嚴格。,嚴格
寬,形容比喻不嚴格。,密切
寬,形容比喻有多餘可運用的金錢。,緊
寬,形容比喻有多餘可運用的金錢。,不便
寬,形容比喻有多餘可運用的金錢。,据
寬,形容比喻有多餘可運用的金錢。,不便
寬,形容比喻有多餘可運用的金錢。,緊
寬,形容比喻有多餘可運用的金錢。,据
寬,形容比喻度量大，能容忍。,窄
寬,形容比喻度量大，能容忍。,狹隘
寬,形容比喻度量大，能容忍。,狹
寬,形容比喻度量大，能容忍。,狹隘
寬,形容比喻度量大，能容忍。,狹隘
寬,形容比喻度量大，能容忍。,窄
寬,形容比喻度量大，能容忍。,狹
將,比喻在團體中扮演領導角色的人。,兵
將,比喻在團體中扮演領導角色的人。,兵
將軍,比喻在團體中扮演領導角色的人。,兵
將軍,比喻在團體中扮演領導角色的人。,兵
專任,形容全時間擔任本職的。,兼職
專任,形容全時間擔任本職的。,兼職
專程,表專為特定目的而到特定地點。常接位移動詞。,順道
專程,表專為特定目的而到特定地點。常接位移動詞。,順道
專程,表專為特定目的而到特定地點。常接位移動詞。,順道
專職,形容全時間擔任本職的。,兼職
專職,形容全時間擔任本職的。,兼職
尊,形容地位崇高的。,賤
尊,形容地位崇高的。,賤
對,形容正確的或處理特定事件的作法適當。,不行
對,形容正確的或處理特定事件的作法適當。,錯
對,形容正確的或處理特定事件的作法適當。,錯
導因,造成特定結果或引起另一件事情發生的條件。,結果
導因,造成特定結果或引起另一件事情發生的條件。,果
導因,造成特定結果或引起另一件事情發生的條件。,果
導因,造成特定結果或引起另一件事情發生的條件。,結果
小,形容將特定對象的格局緊縮，或地位降低。,大
小,形容將特定對象的格局緊縮，或地位降低。,大
小,形容謙稱自己或與自己有關係的對象。,大
小,形容謙稱自己或與自己有關係的對象。,大
小,形容謙稱後述身份或機構的。,大
小,形容謙稱後述身份或機構的。,大
小,表做後述事件的程度非常低。,大
小,表做後述事件的程度非常低。,大大
小,表做後述事件的程度非常低。,大
小,表做後述事件的程度非常低。,大大
小,元配以外的配偶或情人。,大
小,元配以外的配偶或情人。,大
小,表對年紀較輕的人的暱稱。,大
小,表對年紀較輕的人的暱稱。,大
小,形容體積少於比較對象的。,碩
小,形容體積少於比較對象的。,大
小,形容體積少於比較對象的。,大
小,形容容量少於比較對象的。,大
小,形容容量少於比較對象的。,大
小,形容數目或數量少於比較對象的。,大
小,形容數目或數量少於比較對象的。,大
小,形容程度低於比較對象的。,龐大
小,形容程度低於比較對象的。,大
小,形容程度低於比較對象的。,大
小,形容程度低於比較對象的。,弘
小,形容程度低於比較對象的。,龐大
小,身心發育還沒成熟的人。,大
小,身心發育還沒成熟的人。,大人
小,身心發育還沒成熟的人。,人
小,身心發育還沒成熟的人。,大
小,身心發育還沒成熟的人。,大人
小,身心發育還沒成熟的人。,人
小,形容年紀小的。,邁
小,形容年紀小的。,大
小,形容年紀小的。,長
小,形容年紀小的。,老
小,形容年紀小的。,老
小,形容年紀小的。,長
小,形容年紀小的。,邁
小,形容年紀小的。,大
小,形容年紀小的。,老
小,形容年紀比特定對象小。,大
小,形容年紀比特定對象小。,大
小,社會地位比較低。,大
小,社會地位比較低。,大
小,形容同輩社會關係排行最後的。,大
小,形容同輩社會關係排行最後的。,大
小,進行正式基礎教育中最初階段的學校。,伯
小我,代指個人。,大我
小我,代指個人。,大我
少,數量小。,多
少,數量小。,多
少,表事件發生的頻率比預期低。,多
少,表事件發生的頻率比預期低。,多
少,形容年紀小的。,老
少,形容年紀小的。,長
少,形容年紀小的。,大
少,形容年紀小的。,邁
少,形容年紀小的。,老
少,形容年紀小的。,長
少,形容年紀小的。,邁
少,形容年紀小的。,老
少,形容年紀小的。,大
尖峰,形容對事物需求或使用量達到最高的狀態。,離
尖峰,對事物需求或使用量達到最高狀態的時段。,離
尾,事物的最終部份或階段。,開始
尾,事物的最終部份或階段。,開始
屈,呈弧形狀、不直。,直
屈,呈弧形狀、不直。,直
屎,形容運氣不好。,有幸
屎,形容運氣不好。,塞
屎,形容運氣不好。,賽
屎,形容運氣不好。,塞
屎,形容運氣不好。,有幸
屎,形容運氣好。,背
屎,形容運氣好。,不幸
屎,形容運氣好。,塞
屎,形容運氣好。,賽
屎,形容運氣好。,糞
屎,形容運氣好。,衰
屎,形容運氣好。,不幸
屎,形容運氣好。,糞
屎,形容運氣好。,塞
屎,形容運氣好。,賽
屎,形容運氣好。,衰
屎,形容運氣好。,不幸
屎,形容運氣好。,背
屑,比喻認為特定對象值得而在乎。,不屑
屑,比喻認為特定對象值得而在乎。,不屑
左,人身體兩個對稱方向之一，大多數人慣用手相反的位置或方向。,右
左,人身體兩個對稱方向之一，大多數人慣用手相反的位置或方向。,右邊
左,人身體兩個對稱方向之一，大多數人慣用手相反的位置或方向。,右
左,人身體兩個對稱方向之一，大多數人慣用手相反的位置或方向。,右
左,東方，面對南方時左邊的方向。,右
左,東方，面對南方時左邊的方向。,右
左,順著河流水流方向而行位於左邊的河岸。,右
左,順著河流水流方向而行位於左邊的河岸。,右
左,形容主要以左手投球或擊球的。,右
左,形容主要以左手投球或擊球的。,右
左,激進的政治思想。,右邊
左,激進的政治思想。,右
左,激進的政治思想。,右派
左,激進的政治思想。,右翼
左,激進的政治思想。,右
左,形容具有激進政治思想的。,右
左,形容具有激進政治思想的。,右
左派,激進的政治思想。,右
左翼,激進的政治思想。,右
左邊,人身體兩個對稱方向之一，大多數人慣用手相反的位置或方向。,右
左邊,人身體兩個對稱方向之一，大多數人慣用手相反的位置或方向。,右邊
左邊,人身體兩個對稱方向之一，大多數人慣用手相反的位置或方向。,右
左邊,激進的政治思想。,右派
左邊,激進的政治思想。,右翼
左邊,激進的政治思想。,右邊
左邊,激進的政治思想。,右
左邊,激進的政治思想。,右
差,形容對特定對象的評價是負面的。,好
差,形容對特定對象的評價是負面的。,佳
差,形容對特定對象的評價是負面的。,良
差,形容對特定對象的評價是負面的。,良好
差,形容對特定對象的評價是負面的。,不錯
差,形容對特定對象的評價是負面的。,優
差,形容對特定對象的評價是負面的。,嘉
差,形容態度惡劣的。,好
差,形容態度惡劣的。,好
差,形容身體不舒服。,舒服
差,形容身體不舒服。,適
差,形容身體不舒服。,舒適
差,形容身體不舒服。,舒服
差,形容身體不舒服。,舒適
差,形容身體不舒服。,舒適
差,形容身體不舒服。,舒服
差,形容身體不舒服。,適
差,形容關係不親近的。,好
差,形容關係不親近的。,密
差,形容關係不親近的。,密切
差,形容關係不親近的。,好
差,形容關係不親近的。,密
差,形容關係不親近的。,密切
已知,形容已經知道的。,未知
已知,形容已經知道的。,未知
已知,已經知道的情形。,未知
已知,已經知道的情形。,未知
希望,心中存有完成後述事件的願望。,不要
希望,心中存有完成後述事件的願望。,不要
帥,比喻在團體中扮演領導角色的人。,兵
帥,比喻在團體中扮演領導角色的人。,兵
帶來,有支配權的人使後述對象到達特定地點。,帶走
帶走,有支配權的人使後述對象離開特定地點。,帶來
平,形容沒有差別的。,不同
平,形容沒有差別的。,異
平,形容沒有差別的。,不同
平,形容沒有差別的。,異
平,形容沒有差別的。,異
平,形容沒有差別的。,不同
年尾,一年的末期。,年頭
年尾,一年的末期。,年頭
年頭,一年的開始。,年尾
年頭,一年的開始。,年尾
廣,中國城市名，位於廣東省西江、北江、東江的會口處，珠江三角洲頂點的城市，廣東省的省會。,狹義
延,將預定的時間往後移。,提前
延,將預定的時間往後移。,提早
延,將預定的時間往後移。,提前
延,將預定的時間往後移。,提早
延期,將預定的時間往後移。,提早
延期,將預定的時間往後移。,提前
延長,形容長度增加。,縮短
延長,使長度增加。,縮短
延長,使長度增加。,縮短
延長,形容時間加長。,縮短
延長,使時間加長。,縮短
延長,使時間加長。,縮短
延長,形容文本從開始到結束的字數增加或篇幅加長。,縮短
延長,形容文本從開始到結束的字數增加或篇幅加長。,縮短
延長,使文本從開始到結束的字數增加或篇幅加長。,縮短
延長,使文本從開始到結束的字數增加或篇幅加長。,縮短
弊,特定對象主觀認為的壞處。,利
弊,特定對象主觀認為的壞處。,利益
弊,特定對象主觀認為的壞處。,好處
弊,特定對象主觀認為的壞處。,惠
弊,特定對象主觀認為的壞處。,利益
弊,特定對象主觀認為的壞處。,好處
弊,特定對象主觀認為的壞處。,利益
弊,特定對象主觀認為的壞處。,利
弊,特定對象主觀認為的壞處。,好處
弊,特定對象主觀認為的壞處。,惠
弘,形容程度超過比較對象的。,小
弘,形容程度超過比較對象的。,小
弘,形容程度超過比較對象的。,小
弛,形容物體的表面沒有受到足夠的拉力而呈現不緊繃的狀態。,緊
弛,形容物體的表面沒有受到足夠的拉力而呈現不緊繃的狀態。,緊
弛,形容比喻不嚴格。,嚴
弛,形容比喻不嚴格。,緊
弛,形容比喻不嚴格。,嚴格
弛,形容比喻不嚴格。,密
弛,形容比喻不嚴格。,密切
弛,形容比喻不嚴格。,嚴
弛,形容比喻不嚴格。,密
弛,形容比喻不嚴格。,緊
弛,形容比喻不嚴格。,嚴
弛,形容比喻不嚴格。,嚴格
弟,對同父或同母所生並比自己後出生的男子的指稱。,哥
弟,對同父或同母所生並比自己後出生的男子的指稱。,哥哥
弟,對同父或同母所生並比自己後出生的男子的指稱。,兄
弟,對同父或同母所生並比自己後出生的男子的指稱。,昆
弟,對同父或同母所生並比自己後出生的男子的指稱。,哥
弟,對同父或同母所生並比自己後出生的男子的指稱。,哥哥
弟,對同父或同母所生並比自己後出生的男子的指稱。,兄
弟,對同父或同母所生並比自己後出生的男子的指稱。,昆
弟,同父或同母生的男子，後出生者。,哥
弟,同父或同母生的男子，後出生者。,哥哥
弟,同父或同母生的男子，後出生者。,兄
弟,同父或同母生的男子，後出生者。,昆
弟,同父或同母生的男子，後出生者。,哥
弟,同父或同母生的男子，後出生者。,哥哥
弟,同父或同母生的男子，後出生者。,兄
弟,同父或同母生的男子，後出生者。,昆
弟,同輩而年紀比自己小的男子。,哥哥
弟,同輩而年紀比自己小的男子。,哥
弟,同輩而年紀比自己小的男子。,兄
弟,同輩而年紀比自己小的男子。,哥哥
弟,同輩而年紀比自己小的男子。,哥
弟,同輩而年紀比自己小的男子。,兄
弟兄,同父或同母生的男子，先出生者為兄，後出生者為弟。,姐妹
弟兄,同父或同母生的男子，先出生者為兄，後出生者為弟。,姐妹
弟兄,彼此交情深厚的男性朋友。,姐妹
弟兄,彼此交情深厚的男性朋友。,姐妹
弟兄,輩分相當或身分地位相近的男子。,姐妹
弟兄,輩分相當或身分地位相近的男子。,姐妹
弟兄,對男性教友的稱呼。,姐妹
弟兄,對男性教友的稱呼。,姐妹
弟弟,同父或同母生的男子，後出生者。,哥哥
弟弟,同父或同母生的男子，後出生者。,哥
弟弟,同父或同母生的男子，後出生者。,兄
弟弟,同父或同母生的男子，後出生者。,昆
弟弟,同父或同母生的男子，後出生者。,哥
弟弟,同父或同母生的男子，後出生者。,哥哥
弟弟,同父或同母生的男子，後出生者。,兄
弟弟,同父或同母生的男子，後出生者。,昆
弟弟,同輩而年紀比自己小的男子。,哥哥
弟弟,同輩而年紀比自己小的男子。,哥
弟弟,同輩而年紀比自己小的男子。,兄
弟弟,同輩而年紀比自己小的男子。,哥
弟弟,同輩而年紀比自己小的男子。,哥哥
弟弟,同輩而年紀比自己小的男子。,兄
弟弟,對同父或同母所生並比自己後出生的男子的指稱。,哥
弟弟,對同父或同母所生並比自己後出生的男子的指稱。,哥哥
弟弟,對同父或同母所生並比自己後出生的男子的指稱。,兄
弟弟,對同父或同母所生並比自己後出生的男子的指稱。,昆
弟弟,對同父或同母所生並比自己後出生的男子的指稱。,昆
弟弟,對同父或同母所生並比自己後出生的男子的指稱。,兄
弟弟,對同父或同母所生並比自己後出生的男子的指稱。,哥哥
弟弟,對同父或同母所生並比自己後出生的男子的指稱。,哥
弱,形容體力或身體狀況差的。,強
弱,形容體力或身體狀況差的。,強
弱,形容能力或發展狀況差的。,強
弱,形容能力或發展狀況差的。,強
弱,形容特定特性的程度低。,強
弱,形容特定特性的程度低。,強烈
弱,形容特定特性的程度低。,強
弱,形容特定特性的程度低。,強烈
弱,形容聲音的強度小。,強
弱,形容聲音的強度小。,強烈
弱,形容聲音的強度小。,強
弱,形容聲音的強度小。,強烈
弱,形容光線的強度小。,強
弱,形容光線的強度小。,強烈
弱,形容光線的強度小。,強
弱,形容光線的強度小。,強烈
弱,弱勢的對象。,強
弱,弱勢的對象。,強
弱,形容稍微少於前述比例。,強
弱,形容稍微少於前述比例。,強
弱,形容生物失去生命。,活
弱,形容生物失去生命。,生存
弱,形容生物失去生命。,生
弱,形容生物失去生命。,存
弱,形容生物失去生命。,昌
弱,形容生物失去生命。,生存
弱,形容生物失去生命。,生
弱,形容生物失去生命。,生存
弱,形容生物失去生命。,生
弱,形容生物失去生命。,昌
弱,形容生物失去生命。,活
弱,形容生物失去生命。,存
弱勢,無法控制他人或事件發展的微弱影響力。,強勢
弱勢,無法控制他人或事件發展的微弱影響力。,強勢
強,形容體力或身體狀況好的。,弱
強,形容體力或身體狀況好的。,虛
強,形容體力或身體狀況好的。,衰
強,形容體力或身體狀況好的。,衰
強,形容體力或身體狀況好的。,虛
強,形容體力或身體狀況好的。,衰
強,形容體力或身體狀況好的。,弱
強,形容能力或發展狀況好的。,弱
強,形容能力或發展狀況好的。,弱
強,形容稍微多於前述比例。,弱
強,形容稍微多於前述比例。,弱
強,形容特定特性的程度高。,弱
強,形容特定特性的程度高。,弱
強,形容聲音的強度大。,弱
強,形容聲音的強度大。,弱
強,形容光線的強度大。,弱
強,形容光線的強度大。,弱
強,佔優勢的對象。,弱
強,佔優勢的對象。,弱
強,主事者給予壓力導致他人順從。,強迫
強,主事者給予壓力導致他人順從。,強迫
強勢,可以控制他人或事件發展的強大影響力。,弱勢
強勢,可以控制他人或事件發展的強大影響力。,弱勢
強烈,形容特定特性的程度高。,弱
強烈,形容特定特性的程度高。,弱
強烈,形容聲音的強度大。,弱
強烈,形容聲音的強度大。,弱
強烈,形容光線的強度大。,弱
強烈,形容光線的強度大。,弱
強迫,主事者給予壓力導致他人順從。,強
彎,形容呈弧形狀、不直。,直
彎,形容呈弧形狀、不直。,直
彩,形容有多種顏色，不只黑色和白色的。,黑白
彩,形容有多種顏色，不只黑色和白色的。,黑白
彩,形容運用多種顏色呈現的。,黑白
彩,形容運用多種顏色呈現的。,黑白
彩色,形容有多種顏色，不只黑色和白色的。,黑白
彩色,形容有多種顏色，不只黑色和白色的。,黑白
彩色,形容運用多種顏色呈現的。,黑白
彩色,形容運用多種顏色呈現的。,黑白
彩色,形容比喻生活豐富且多變化的。,黑白
彩色,形容比喻生活豐富且多變化的。,黑白
後,物體背面的位置。,前
後,物體背面的位置。,前
後,物體背面的位置。,前
後,物體背面的位置。,前面
後,物體背面的位置。,前面
後,與參考物體面對的方向相反的方向。,前
後,與參考物體面對的方向相反的方向。,前面
後,與參考物體面對的方向相反的方向。,前方
後,與參考物體面對的方向相反的方向。,前
後,與參考物體面對的方向相反的方向。,前面
後,與參考物體面對的方向相反的方向。,前方
後,人造物約定俗成朝下或朝後最不容易觀察到的面。,前
後,人造物約定俗成朝下或朝後最不容易觀察到的面。,前面
後,人造物約定俗成朝下或朝後最不容易觀察到的面。,正
後,人造物約定俗成朝下或朝後最不容易觀察到的面。,前面
後,人造物約定俗成朝下或朝後最不容易觀察到的面。,前
後,人造物約定俗成朝下或朝後最不容易觀察到的面。,正
後,順序或次序緊鄰在參考點之後。,前
後,順序或次序緊鄰在參考點之後。,前面
後,順序或次序緊鄰在參考點之後。,前面
後,順序或次序緊鄰在參考點之後。,前
後,順序或次序排在整體的後半部。,前
後,順序或次序排在整體的後半部。,前面
後,順序或次序排在整體的後半部。,前面
後,順序或次序排在整體的後半部。,前
後,將有時間順序的事件分成兩部分，指在參考點之後的部分。,前
後,將有時間順序的事件分成兩部分，指在參考點之後的部分。,前面
後,將有時間順序的事件分成兩部分，指在參考點之後的部分。,前面
後,將有時間順序的事件分成兩部分，指在參考點之後的部分。,前
後,在列舉的對象中，次序在後的對象。,前
後,在列舉的對象中，次序在後的對象。,前面
後,在列舉的對象中，次序在後的對象。,前面
後,在列舉的對象中，次序在後的對象。,前
後,事物整體的後半部。,先
後,事物整體的後半部。,先
後,事物整體的後半部。,前面
後,事物整體的後半部。,前
後,事物整體的後半部。,前
後,事物整體的後半部。,前面
後,過去。,前
後,過去。,前面
後,過去。,前
後,過去。,前面
後,晚於特定參考時間點或事件。,前
後,晚於特定參考時間點或事件。,前面
後,晚於特定參考時間點或事件。,之前
後,晚於特定參考時間點或事件。,以前
後,晚於特定參考時間點或事件。,以上
後,晚於特定參考時間點或事件。,以前
後,晚於特定參考時間點或事件。,之前
後,晚於特定參考時間點或事件。,前
後,晚於特定參考時間點或事件。,前面
後,晚於特定參考時間點或事件。,以上
後,晚於現在或前述事件的時段。,前
後,晚於現在或前述事件的時段。,前面
後,晚於現在或前述事件的時段。,早
後,晚於現在或前述事件的時段。,過去
後,晚於現在或前述事件的時段。,過往
後,晚於現在或前述事件的時段。,早
後,晚於現在或前述事件的時段。,前
後,晚於現在或前述事件的時段。,前面
後,晚於現在或前述事件的時段。,過去
後,晚於現在或前述事件的時段。,過往
後,未來的時間。,前
後,未來的時間。,前面
後,未來的時間。,以前
後,未來的時間。,之前
後,未來的時間。,昨天
後,未來的時間。,昨
後,未來的時間。,昨日
後,未來的時間。,過去
後,未來的時間。,過往
後,未來的時間。,以往
後,未來的時間。,以前
後,未來的時間。,之前
後,未來的時間。,前
後,未來的時間。,前面
後,未來的時間。,昨天
後,未來的時間。,昨
後,未來的時間。,昨日
後,未來的時間。,過去
後,未來的時間。,過往
後,未來的時間。,以往
後,後述時期出現後的時期。,前
後,後述時期出現後的時期。,前
後,比喻實際狀況不容易看清，好像被表象所遮蓋的狀況。,前面
後,比喻實際狀況不容易看清，好像被表象所遮蓋的狀況。,前面
後,比喻在特定對象不在的場合。,前
後,比喻在特定對象不在的場合。,前面
後,比喻在特定對象不在的場合。,前面
後,比喻在特定對象不在的場合。,前
後來,晚於現在或前述事件的時段。,前
後來,晚於現在或前述事件的時段。,早
後來,晚於現在或前述事件的時段。,前面
後來,晚於現在或前述事件的時段。,過去
後來,晚於現在或前述事件的時段。,過往
後來,晚於現在或前述事件的時段。,前
後來,晚於現在或前述事件的時段。,早
後來,晚於現在或前述事件的時段。,前面
後來,晚於現在或前述事件的時段。,過去
後來,晚於現在或前述事件的時段。,過往
後方,與參考物體面對的方向相反的方向。,前方
後方,與參考物體面對的方向相反的方向。,前
後方,與參考物體面對的方向相反的方向。,前面
後方,與參考物體面對的方向相反的方向。,前方
後方,與參考物體面對的方向相反的方向。,前面
後方,與參考物體面對的方向相反的方向。,前
後者,代指並舉的兩種對象中次序在後的那一個。,前者
後者,代指並舉的兩種對象中次序在後的那一個。,前者
後面,物體背面的位置。,前
後面,物體背面的位置。,前面
後面,物體背面的位置。,前面
後面,物體背面的位置。,前
後面,與參考物體面對的方向相反的方向。,前
後面,與參考物體面對的方向相反的方向。,前面
後面,與參考物體面對的方向相反的方向。,前方
後面,與參考物體面對的方向相反的方向。,前面
後面,與參考物體面對的方向相反的方向。,前
後面,與參考物體面對的方向相反的方向。,前方
後面,人造物約定俗成朝下或朝後最不容易觀察到的面。,前
後面,人造物約定俗成朝下或朝後最不容易觀察到的面。,前面
後面,人造物約定俗成朝下或朝後最不容易觀察到的面。,正
後面,人造物約定俗成朝下或朝後最不容易觀察到的面。,前面
後面,人造物約定俗成朝下或朝後最不容易觀察到的面。,前
後面,人造物約定俗成朝下或朝後最不容易觀察到的面。,正
後面,順序或次序緊鄰在參考點之後。,前
後面,順序或次序緊鄰在參考點之後。,前面
後面,順序或次序緊鄰在參考點之後。,前面
後面,順序或次序緊鄰在參考點之後。,前
後面,順序或次序排在整體的後半部。,前
後面,順序或次序排在整體的後半部。,前面
後面,順序或次序排在整體的後半部。,前面
後面,順序或次序排在整體的後半部。,前
後面,將有時間順序的事件分成兩部分，指在參考點之後的部分。,前
後面,將有時間順序的事件分成兩部分，指在參考點之後的部分。,前面
後面,將有時間順序的事件分成兩部分，指在參考點之後的部分。,前面
後面,將有時間順序的事件分成兩部分，指在參考點之後的部分。,前
後面,在列舉的對象中，次序在後的對象。,前
後面,在列舉的對象中，次序在後的對象。,前面
後面,在列舉的對象中，次序在後的對象。,前面
後面,在列舉的對象中，次序在後的對象。,前
後面,事物整體的後半部。,前
後面,事物整體的後半部。,前面
後面,事物整體的後半部。,前
後面,事物整體的後半部。,前面
後面,過去。,前
後面,過去。,前面
後面,過去。,前面
後面,過去。,前
後面,晚於現在或前述事件的時段。,前
後面,晚於現在或前述事件的時段。,前面
後面,晚於現在或前述事件的時段。,早
後面,晚於現在或前述事件的時段。,過去
後面,晚於現在或前述事件的時段。,過往
後面,晚於現在或前述事件的時段。,前
後面,晚於現在或前述事件的時段。,前面
後面,晚於現在或前述事件的時段。,早
後面,晚於現在或前述事件的時段。,過去
後面,晚於現在或前述事件的時段。,過往
後面,未來的時間。,前
後面,未來的時間。,前面
後面,未來的時間。,以前
後面,未來的時間。,之前
後面,未來的時間。,昨
後面,未來的時間。,昨天
後面,未來的時間。,昨日
後面,未來的時間。,過去
後面,未來的時間。,過往
後面,未來的時間。,以往
後面,未來的時間。,前
後面,未來的時間。,前面
後面,未來的時間。,以前
後面,未來的時間。,之前
後面,未來的時間。,昨天
後面,未來的時間。,昨
後面,未來的時間。,昨日
後面,未來的時間。,過去
後面,未來的時間。,過往
後面,未來的時間。,以往
後面,比喻實際狀況不容易看清，好像被表象所遮蓋的狀況。,前面
後面,比喻實際狀況不容易看清，好像被表象所遮蓋的狀況。,前面
後面,比喻在特定對象不在的場合。,前
後面,比喻在特定對象不在的場合。,前面
後面,比喻在特定對象不在的場合。,前面
後面,比喻在特定對象不在的場合。,前
徐,表速度慢且平和。,激
徐,表速度慢且平和。,急
徐,表速度慢且平和。,疾
徐,表速度慢且平和。,急
徐,表速度慢且平和。,激
徐,表速度慢且平和。,疾
微,形容數量極少的。,宏觀
微,形容數量極少的。,宏觀
忘,在腦中失去原有的印象。,不忘
忘,在腦中失去原有的印象。,不忘
忘記,在腦中失去原有的印象。,不忘
忘記,在腦中失去原有的印象。,不忘
忙,形容事情繁多，佔據所有的時間。,閒
忙,形容事情繁多，佔據所有的時間。,閒
快,形容事件或事件的特定段落進行的時間短。,慢慢
快,形容事件或事件的特定段落進行的時間短。,龜
快,形容事件或事件的特定段落進行的時間短。,慢
快,形容尖且容易刺進物體的。,鈍
快,形容尖且容易刺進物體的。,禿
快,形容尖且容易刺進物體的。,禿
怒,表多而熱烈。,衰
怒,表多而熱烈。,衰
思,心中存有完成後述事件的願望。,不要
思,心中存有完成後述事件的願望。,不要
急,形容快速而猛烈的。,緩慢
急,形容快速而猛烈的。,緩
急,形容快速而猛烈的。,徐
急,形容快速而猛烈的。,冉
急,形容快速而猛烈的。,緩
急,形容快速而猛烈的。,徐
急,形容快速而猛烈的。,冉
急,形容快速而猛烈的。,緩慢
急,形容個性急躁的。,慢性
急,形容個性急躁的。,慢性
急性,形容在短時間內會帶來負面影響的。,慢性
急性,形容在短時間內會帶來負面影響的。,慢性
急性,形容病情在短時間內快速惡化的。,慢性
急性,形容病情在短時間內快速惡化的。,慢性
急性,形容個性急躁的。,慢性
急性,形容個性急躁的。,慢性
悄悄,表聲量小，音調低，讓他人不容易聽到。,高聲
悄悄,表聲量小，音調低，讓他人不容易聽到。,高聲
悉數,表事物的全體。,部分
悉數,表事物的全體。,部份
悉數,表事物的全體。,部分
悉數,表事物的全體。,部份
悉皆,表事物的全體。,部份
悉皆,表事物的全體。,部分
悉皆,表事物的全體。,部分
悉皆,表事物的全體。,部份
惠,特定對象主觀認為的好處。,弊
惠,特定對象主觀認為的好處。,害
惠,特定對象主觀認為的好處。,弊
惠,特定對象主觀認為的好處。,害
惡,形容具有自私、貪心、嫉妒等負面特質的。,善
惡,形容具有自私、貪心、嫉妒等負面特質的。,善
惡,對他人有負面危害的行為。,善
惡,對他人有負面危害的行為。,善
惡,形容對特定對象的評價是負面的。,好
惡,形容對特定對象的評價是負面的。,佳
惡,形容對特定對象的評價是負面的。,良好
惡,形容對特定對象的評價是負面的。,優
惡,形容對特定對象的評價是負面的。,不錯
惡,形容對特定對象的評價是負面的。,嘉
惡,形容對特定對象的評價是負面的。,良
惡,形容對特定對象的評價是負面的。,好
惡,形容對特定對象的評價是負面的。,佳
惡,形容對特定對象的評價是負面的。,良
惡,形容對特定對象的評價是負面的。,優
惡,形容對特定對象的評價是負面的。,良好
惡,形容對特定對象的評價是負面的。,嘉
惡,形容對特定對象的評價是負面的。,不錯
惡,形容態度惡劣的。,好
惡,形容態度惡劣的。,好
惡,形容特定對象的質感不精緻。,精
惡,形容特定對象的質感不精緻。,細
惡,形容特定對象的質感不精緻。,細
惡,形容特定對象的質感不精緻。,精
惡性,形容有不好的影響的。,良性
惡性,形容有不好的影響的。,良性
惡性,形容會嚴重危害身體健康的。,良性
惡性,形容會嚴重危害身體健康的。,良性
想,心中存有完成後述事件的願望。,不要
想,心中存有完成後述事件的願望。,不要
想要,心中存有完成後述事件的願望。,不要
想要,心中存有完成後述事件的願望。,不要
慈,對母親的尊稱。,嚴
慈,對母親的尊稱。,嚴
慢,形容事件或事件的特定段落進行的時間長。,快
慢,形容事件或事件的特定段落進行的時間長。,速
慢,形容事件或事件的特定段落進行的時間長。,捷
慢,形容事件或事件的特定段落進行的時間長。,快
慢,形容事件或事件的特定段落進行的時間長。,速
慢,形容事件或事件的特定段落進行的時間長。,速
慢,形容事件或事件的特定段落進行的時間長。,快
慢,形容事件或事件的特定段落進行的時間長。,捷
慢,晚於現在或前述事件的時段。,早
慢,晚於現在或前述事件的時段。,前
慢,晚於現在或前述事件的時段。,前面
慢,晚於現在或前述事件的時段。,過去
慢,晚於現在或前述事件的時段。,過往
慢,晚於現在或前述事件的時段。,前
慢,晚於現在或前述事件的時段。,前面
慢,晚於現在或前述事件的時段。,早
慢,晚於現在或前述事件的時段。,過去
慢,晚於現在或前述事件的時段。,過往
慢性,形容在較長時間內會帶來負面影響的。,急性
慢性,形容在較長時間內會帶來負面影響的。,急性
慢性,形容病情在較長時間內逐漸惡化的。,急性
慢性,形容病情在較長時間內逐漸惡化的。,急性
慢性,形容個性溫和、反應不快。,急性
慢性,形容個性溫和、反應不快。,急
慢性,形容個性溫和、反應不快。,急性
慢性,形容個性溫和、反應不快。,急
慢慢,形容事件或事件的特定段落進行的時間長。,快
慢慢,形容事件或事件的特定段落進行的時間長。,速
慢慢,形容事件或事件的特定段落進行的時間長。,捷
慢慢,形容事件或事件的特定段落進行的時間長。,快
慢慢,形容事件或事件的特定段落進行的時間長。,速
慢慢,形容事件或事件的特定段落進行的時間長。,速
慢慢,形容事件或事件的特定段落進行的時間長。,快
慢慢,形容事件或事件的特定段落進行的時間長。,捷
憋,形容衣物與穿著者間密合而沒有空隙的。,鬆
憋,形容衣物與穿著者間密合而沒有空隙的。,垮
憋,形容衣物與穿著者間密合而沒有空隙的。,垮
憋,形容衣物與穿著者間密合而沒有空隙的。,鬆
成,形容達到預期的結果。,敗
成,形容達到預期的結果。,敗
成,形容達到預期的結果。,失敗
成,形容達到預期的結果。,失敗
成,形容表示同意或允許。,不行
成,形容表示同意或允許。,不行
成,表具備完成特定事件能力的。,不行
成,表具備完成特定事件能力的。,不能
成,表具備完成特定事件能力的。,不行
成,表具備完成特定事件能力的。,不能
成功,形容達到預期的結果。,敗
成功,形容達到預期的結果。,敗
成功,形容達到預期的結果。,失敗
成功,形容達到預期的結果。,失敗
成熟,形容果實或蔬菜發育到可以立即食用或用於食材的程度。,生
戰,進行武力衝突。,和
戰,進行武力衝突。,和解
戰,進行武力衝突。,和
戰,進行武力衝突。,和解
戰,進行武力衝突。,和
戰,進行武力衝突。,和解
房,對男子在婚姻關係中的配偶的指稱。,丈夫
房,對男子在婚姻關係中的配偶的指稱。,先生
房,對男子在婚姻關係中的配偶的指稱。,夫
房,對男子在婚姻關係中的配偶的指稱。,婿
房,對男子在婚姻關係中的配偶的指稱。,夫
房,對男子在婚姻關係中的配偶的指稱。,丈夫
房,對男子在婚姻關係中的配偶的指稱。,先生
房,對男子在婚姻關係中的配偶的指稱。,婿
扁,形容動物因食慾未被滿足而需要進食。,飽
扁,形容動物因食慾未被滿足而需要進食。,飽
扁,形容動物因食慾未被滿足而需要進食。,飽
扁,形容比喻財產少。,飽
扁,形容比喻財產少。,肥
扁,形容比喻財產少。,脹
扁,形容比喻財產少。,肥
扁,形容比喻財產少。,飽
扁,形容比喻財產少。,脹
扁,形容比喻財產減少。,飽
扁,形容比喻財產減少。,肥
扁,形容比喻財產減少。,脹
扁,形容比喻財產減少。,肥
扁,形容比喻財產減少。,飽
扁,形容比喻財產減少。,脹
扁,比喻使財產減少。,飽
扁,比喻使財產減少。,肥
扁,比喻使財產減少。,肥
扁,比喻使財產減少。,飽
打開,移動封閉門窗的裝置物，使其空間的出入口不被封閉。,關
打開,移動封閉門窗的裝置物，使其空間的出入口不被封閉。,閉
打開,移動封閉門窗的裝置物，使其空間的出入口不被封閉。,關閉
打開,移動封閉門窗的裝置物，使其空間的出入口不被封閉。,閉
打開,移動封閉門窗的裝置物，使其空間的出入口不被封閉。,關
打開,移動封閉門窗的裝置物，使其空間的出入口不被封閉。,關閉
打開,通指物體可以緊密結合的兩個部件往相反方向運動。,閉
打開,通指物體可以緊密結合的兩個部件往相反方向運動。,閉
打開,利用開關裝置使機器運作。,閉
打開,利用開關裝置使機器運作。,閉
打開,利用開關裝置使輸送管道流通。,閉
打開,利用開關裝置使輸送管道流通。,閉
打開,開始講話或唱歌。,閉
打開,開始講話或唱歌。,閉
承租,限期借他人的物品使用，並支付費用。,出租
承租,限期借他人的物品使用，並支付費用。,出租
承租,限期借他人的物品使用，並支付費用。,租
承租,限期借他人的物品使用，並支付費用。,租
承租,限期借他人的物品使用，並支付費用。,賃
承認,做出後述事件成立的陳述。,否認
承認,做出後述事件成立的陳述。,否認
折,形容在競爭中被打敗。,贏
折,形容在競爭中被打敗。,勝
折,形容在競爭中被打敗。,克
折,形容在競爭中被打敗。,敗
折,形容在競爭中被打敗。,捷
折,形容在競爭中被打敗。,取勝
折,形容在競爭中被打敗。,勝
折,形容在競爭中被打敗。,取勝
折,形容在競爭中被打敗。,克
折,形容在競爭中被打敗。,贏
折,形容在競爭中被打敗。,勝
折,形容在競爭中被打敗。,取勝
折,形容在競爭中被打敗。,敗
折,形容在競爭中被打敗。,捷
押,約束特定對象的行動，使其沒有自由。,放
押,約束特定對象的行動，使其沒有自由。,放出
押,約束特定對象的行動，使其沒有自由。,縱
押,約束特定對象的行動，使其沒有自由。,釋
押,約束特定對象的行動，使其沒有自由。,釋放
押,約束特定對象的行動，使其沒有自由。,釋放
押,約束特定對象的行動，使其沒有自由。,放出
押,約束特定對象的行動，使其沒有自由。,釋放
押,約束特定對象的行動，使其沒有自由。,縱
押,約束特定對象的行動，使其沒有自由。,放
押,約束特定對象的行動，使其沒有自由。,釋
拉,向主事者身體的方向施力而使後述對象順著施力方向移動。,推
拉,向主事者身體的方向施力而使後述對象順著施力方向移動。,推
拉,把焦距調遠。,推
拉,把焦距調遠。,推
拐,形容呈弧形狀、不直。,直
拐,形容呈弧形狀、不直。,直
拘,約束特定對象的行動，使其沒有自由。,放
拘,約束特定對象的行動，使其沒有自由。,放出
拘,約束特定對象的行動，使其沒有自由。,縱
拘,約束特定對象的行動，使其沒有自由。,釋
拘,約束特定對象的行動，使其沒有自由。,釋放
拘,約束特定對象的行動，使其沒有自由。,釋放
拘,約束特定對象的行動，使其沒有自由。,放出
拘,約束特定對象的行動，使其沒有自由。,釋放
拘,約束特定對象的行動，使其沒有自由。,放
拘,約束特定對象的行動，使其沒有自由。,縱
拘,約束特定對象的行動，使其沒有自由。,釋
拽,向主事者身體的方向施力而使後述對象順著施力方向移動。,推
拽,向主事者身體的方向施力而使後述對象順著施力方向移動。,推
持,維持擁有的狀態。,沒有
持,維持擁有的狀態。,沒
持,維持擁有的狀態。,無
持,維持擁有的狀態。,無
持,維持擁有的狀態。,沒
持,維持擁有的狀態。,沒有
持有,維持擁有的狀態。,沒
持有,維持擁有的狀態。,無
持有,維持擁有的狀態。,沒有
据,形容沒有多餘可應用的金錢。,方便
据,形容沒有多餘可應用的金錢。,鬆
据,形容沒有多餘可應用的金錢。,寬
据,形容沒有多餘可應用的金錢。,方便
据,形容沒有多餘可應用的金錢。,鬆
据,形容沒有多餘可應用的金錢。,寬
捷,形容事件或事件的特定段落進行的時間短。,慢
捷,形容事件或事件的特定段落進行的時間短。,慢慢
捷,形容事件或事件的特定段落進行的時間短。,龜
捷,形容事件或事件的特定段落進行的時間短。,龜
捷,形容事件或事件的特定段落進行的時間短。,慢慢
捷,形容事件或事件的特定段落進行的時間短。,慢
捷,形容在競爭中獲勝。,墨
捷,形容在競爭中獲勝。,北
捷,形容在競爭中獲勝。,失
捷,形容在競爭中獲勝。,折
捷,形容在競爭中獲勝。,輸
捷,形容在競爭中獲勝。,落敗
捷,形容在競爭中獲勝。,失敗
捷,形容在競爭中獲勝。,敗
捷,形容在競爭中獲勝。,北
捷,形容在競爭中獲勝。,失
捷,形容在競爭中獲勝。,墨
捷,形容在競爭中獲勝。,折
捷徑,比一般更快的路程或方法。,遠路
捷徑,比一般更快的路程或方法。,遠道
捷徑,比一般更快的路程或方法。,遠道
捷徑,比一般更快的路程或方法。,遠路
掉,比喻數量或數目減少。,上升
掉,比喻數量或數目減少。,上昇
掉,比喻數量或數目減少。,增高
掉,比喻數量或數目減少。,升級
掉,比喻數量或數目減少。,升
掉,比喻數量或數目減少。,增長
掉,比喻數量或數目減少。,提高
掉,比喻數量或數目減少。,上升
掉,比喻數量或數目減少。,上昇
掉,比喻數量或數目減少。,增高
掉,比喻數量或數目減少。,增長
掉,比喻數量或數目減少。,上升
掉,比喻數量或數目減少。,上昇
掉,比喻數量或數目減少。,升
掉,比喻數量或數目減少。,提高
掉,比喻數量或數目減少。,增高
掉,比喻數量或數目減少。,升級
掉,比喻數量或數目減少。,增長
掛,形容生物失去生命。,活
掛,形容生物失去生命。,生存
掛,形容生物失去生命。,生
掛,形容生物失去生命。,存
掛,形容生物失去生命。,昌
掛,形容生物失去生命。,生存
掛,形容生物失去生命。,生
掛,形容生物失去生命。,生存
掛,形容生物失去生命。,生
掛,形容生物失去生命。,昌
掛,形容生物失去生命。,活
掛,形容生物失去生命。,存
接棒,接力賽跑中，接交棒子的過程。,交
接近,形容關係密切的。,遠
接近,形容關係密切的。,遠
推,反主事者身體方向施力而使後述對象順著施力方向移動。,拉
推,反主事者身體方向施力而使後述對象順著施力方向移動。,搶
推,反主事者身體方向施力而使後述對象順著施力方向移動。,拽
推,反主事者身體方向施力而使後述對象順著施力方向移動。,拉
推,反主事者身體方向施力而使後述對象順著施力方向移動。,拽
推,反主事者身體方向施力而使後述對象順著施力方向移動。,搶
推,比喻將預定的時間往後移。,提前
推,比喻將預定的時間往後移。,提早
推,比喻將預定的時間往後移。,提早
推,比喻將預定的時間往後移。,提前
推,把焦距調近。,拉
推,把焦距調近。,拉
提前,將預定的時間往前移。,推
提前,將預定的時間往前移。,延期
提前,將預定的時間往前移。,延後
提前,將預定的時間往前移。,延
提前,將預定的時間往前移。,延期
提前,將預定的時間往前移。,推
提前,將預定的時間往前移。,延
提前,將預定的時間往前移。,延期
提前,將預定的時間往前移。,延後
提早,將預定的時間往前移。,推
提早,將預定的時間往前移。,延期
提早,將預定的時間往前移。,延後
提早,將預定的時間往前移。,延
提早,將預定的時間往前移。,延期
提早,將預定的時間往前移。,推
提早,將預定的時間往前移。,延
提早,將預定的時間往前移。,延期
提早,將預定的時間往前移。,延後
提高,數量或數目增加。,降低
提高,數量或數目增加。,下降
提高,數量或數目增加。,落
提高,數量或數目增加。,掉
提高,數量或數目增加。,降
提高,數量或數目增加。,跌
提高,數量或數目增加。,減低
提高,數量或數目增加。,降低
提高,數量或數目增加。,下降
提高,數量或數目增加。,減低
提高,數量或數目增加。,下降
提高,數量或數目增加。,落
提高,數量或數目增加。,降低
提高,數量或數目增加。,掉
提高,數量或數目增加。,降
提高,數量或數目增加。,跌
提高,數量或數目增加。,削減
提高,使數量或數目增加。,降低
提高,使數量或數目增加。,減低
提高,使數量或數目增加。,降低
提高,比喻特定事件的程度增加。,降低
提高,比喻特定事件的程度增加。,減輕
提高,比喻特定事件的程度增加。,減少
提高,比喻特定事件的程度增加。,減低
提高,比喻特定事件的程度增加。,減弱
提高,比喻特定事件的程度增加。,降低
提高,比喻特定事件的程度增加。,減輕
提高,比喻特定事件的程度增加。,減少
提高,比喻特定事件的程度增加。,減低
提高,比喻特定事件的程度增加。,減弱
提高,比喻特定事件的程度增加。,減輕
提高,比喻特定事件的程度增加。,減少
提高,比喻特定事件的程度增加。,降低
提高,比喻特定事件的程度增加。,減弱
提高,比喻特定事件的程度增加。,減低
提高,比喻使後述事件的程度增加。,降低
提高,比喻使後述事件的程度增加。,減
提高,比喻使後述事件的程度增加。,減少
提高,比喻使後述事件的程度增加。,減輕
提高,比喻使後述事件的程度增加。,削
提高,比喻使後述事件的程度增加。,削減
提高,比喻使後述事件的程度增加。,減低
提高,比喻使後述事件的程度增加。,減弱
提高,比喻使後述事件的程度增加。,削減
提高,比喻使後述事件的程度增加。,降低
提高,比喻使後述事件的程度增加。,減
提高,比喻使後述事件的程度增加。,減少
提高,比喻使後述事件的程度增加。,減輕
提高,比喻使後述事件的程度增加。,削
提高,比喻使後述事件的程度增加。,減低
搭,在競爭中因失敗而給贏的一方代價。,贏
搭,在競爭中因失敗而給贏的一方代價。,贏
搶,向主事者身體的方向施力而使後述對象順著施力方向移動。,推
搶,向主事者身體的方向施力而使後述對象順著施力方向移動。,推
撤,使後述對象的數量變少。,加
撤,使後述對象的數量變少。,添
撤,使後述對象的數量變少。,添
撤,使後述對象的數量變少。,加
擠,形容特定空間內的特定對象數量多到幾乎超過最大容量。,鬆
攏,形容關係密切的。,遠
攏,形容關係密切的。,遠
放,解除對後述對象的約束，使其得到自由。,拘
放,解除對後述對象的約束，使其得到自由。,押
放,解除對後述對象的約束，使其得到自由。,拘
放,解除對後述對象的約束，使其得到自由。,押
放出,解除對後述對象的約束，使其得到自由。,押
放出,解除對後述對象的約束，使其得到自由。,拘
放出,解除對後述對象的約束，使其得到自由。,拘
放出,解除對後述對象的約束，使其得到自由。,押
故,造成特定結果或引起另一件事情發生的條件。,果
故,造成特定結果或引起另一件事情發生的條件。,結果
故,造成特定結果或引起另一件事情發生的條件。,果
故,造成特定結果或引起另一件事情發生的條件。,結果
敗,形容在競爭中被打敗。,克
敗,形容在競爭中被打敗。,取勝
敗,形容在競爭中被打敗。,取勝
敗,形容在競爭中被打敗。,贏
敗,形容在競爭中被打敗。,勝
敗,形容在競爭中被打敗。,勝
敗,形容在競爭中被打敗。,捷
敗,形容在競爭中被打敗。,敗
敗,在競爭中獲勝。,墨
敗,在競爭中獲勝。,北
敗,在競爭中獲勝。,失
敗,在競爭中獲勝。,折
敗,在競爭中獲勝。,輸
敗,在競爭中獲勝。,落敗
敗,在競爭中獲勝。,失敗
敗,在競爭中獲勝。,敗
敗,在競爭中獲勝。,北
敗,在競爭中獲勝。,失
敗,在競爭中獲勝。,墨
敗,在競爭中獲勝。,折
敗,形容沒有達到預期的結果。,成功
敗,形容沒有達到預期的結果。,成
敗,形容沒有達到預期的結果。,成
敗,形容沒有達到預期的結果。,成功
整,事物的全體。,部分
整,事物的全體。,部份
整,事物的全體。,部分
整,事物的全體。,部份
斃,形容生物失去生命。,活
斃,形容生物失去生命。,生存
斃,形容生物失去生命。,生
斃,形容生物失去生命。,存
斃,形容生物失去生命。,昌
斃,形容生物失去生命。,生存
斃,形容生物失去生命。,生
斃,形容生物失去生命。,生存
斃,形容生物失去生命。,生
斃,形容生物失去生命。,昌
斃,形容生物失去生命。,活
斃,形容生物失去生命。,存
文,形容不使用肢體暴力。,武
文,形容不使用肢體暴力。,武
文,指文學、書法等以腦力為主的活動。,武
文,指文學、書法等以腦力為主的活動。,武
斯,離說話者或參考點較近的位置。,那裏
斯,離說話者或參考點較近的位置。,那
斯,離說話者或參考點較近的位置。,那裡
斯,離說話者或參考點較近的位置。,那邊
斯,離說話者或參考點較近的位置。,那兒
斯,離說話者或參考點較近的位置。,那
斯,離說話者或參考點較近的位置。,那裏
斯,離說話者或參考點較近的位置。,那邊
斯,離說話者或參考點較近的位置。,那兒
斯,離說話者或參考點較近的位置。,那裡
新,形容特定對象剛產生不久。,老
新,形容特定對象剛產生不久。,邁
新,形容特定對象剛產生不久。,舊
新,形容特定對象剛產生不久。,陳
新,形容特定對象剛產生不久。,宿
新,形容特定對象剛產生不久。,邁
新,形容特定對象剛產生不久。,老
新,形容特定對象剛產生不久。,陳
新,形容特定對象剛產生不久。,舊
新,形容特定對象剛產生不久。,宿
新,形容還沒使用過或看起來像還沒使用過的。,舊
新,形容還沒使用過或看起來像還沒使用過的。,舊
新,形容關係剛產生不久。,老
新,形容關係剛產生不久。,舊
新,形容關係剛產生不久。,老
新,形容關係剛產生不久。,舊
新,形容關係剛產生不久。,老
新,形容關係剛產生不久。,舊
新興,形容特定對象剛產生不久。,老
新興,形容特定對象剛產生不久。,邁
新興,形容特定對象剛產生不久。,舊
新興,形容特定對象剛產生不久。,陳
新興,形容特定對象剛產生不久。,宿
新興,形容特定對象剛產生不久。,邁
新興,形容特定對象剛產生不久。,老
新興,形容特定對象剛產生不久。,陳
新興,形容特定對象剛產生不久。,舊
新興,形容特定對象剛產生不久。,宿
方便,形容容易達到使用目的。,不便
方便,形容容易達到使用目的。,不便
方便,形容容易達到使用目的。,不便
方便,形容委婉表達主事者有所顧忌。,不便
方便,形容委婉表達主事者有所顧忌。,不便
方便,形容比喻有多餘可運用的金錢。,不便
方便,形容比喻有多餘可運用的金錢。,緊
方便,形容比喻有多餘可運用的金錢。,据
方便,形容比喻有多餘可運用的金錢。,不便
方便,形容比喻有多餘可運用的金錢。,緊
方便,形容比喻有多餘可運用的金錢。,据
於,引介動作或狀態達到的階段或程度。,不到
於,引介動作或狀態達到的階段或程度。,不到
日,太陽升起到太陽下山的時間。,夜
日,太陽升起到太陽下山的時間。,夜
早,早晨。,晚
早,早晨。,晚上
早,早晨。,夜
早,早晨。,夕
早,早晨。,夜晚
早,早晨。,宵
早,早晨。,晚上
早,早晨。,晚
早,早晨。,夕
早,早晨。,夜晚
早,早晨。,宵
早,早晨。,夜
早,形容發生在早晨的。,晚
早,形容發生在早晨的。,夜
早,形容發生在早晨的。,晚
早,形容發生在早晨的。,夜
早,形容在語境中共同認知的時間範圍內不屬於最後的時段。,晚
早,形容在語境中共同認知的時間範圍內不屬於最後的時段。,遲
早,形容在語境中共同認知的時間範圍內不屬於最後的時段。,晚
早,形容在語境中共同認知的時間範圍內不屬於最後的時段。,遲
早,形容在事件的初期的。,晚
早,形容在事件的初期的。,晚
早,形容事件的發生比預期的時間提前的。,晚
早,形容事件的發生比預期的時間提前的。,遲
早,形容事件的發生比預期的時間提前的。,晚
早,形容事件的發生比預期的時間提前的。,遲
早,形容事件發生時間在其他同類事件之前。,晚
早,形容事件發生時間在其他同類事件之前。,遲
早,形容事件發生時間在其他同類事件之前。,晚
早,形容事件發生時間在其他同類事件之前。,遲
早,早於現在或前述事件的時段。,後
早,早於現在或前述事件的時段。,后
早,早於現在或前述事件的時段。,以後
早,早於現在或前述事件的時段。,以后
早,早於現在或前述事件的時段。,之後
早,早於現在或前述事件的時段。,之后
早,早於現在或前述事件的時段。,而後
早,早於現在或前述事件的時段。,晚
早,早於現在或前述事件的時段。,後面
早,早於現在或前述事件的時段。,后
早,早於現在或前述事件的時段。,慢
早,早於現在或前述事件的時段。,後來
早,早於現在或前述事件的時段。,以往
早,早於現在或前述事件的時段。,以後
早,早於現在或前述事件的時段。,之後
早,早於現在或前述事件的時段。,以后
早,早於現在或前述事件的時段。,之后
早,早於現在或前述事件的時段。,晚
早,早於現在或前述事件的時段。,後
早,早於現在或前述事件的時段。,后
早,早於現在或前述事件的時段。,而後
早,早於現在或前述事件的時段。,後面
早,早於現在或前述事件的時段。,慢
早,早於現在或前述事件的時段。,後來
早,早於現在或前述事件的時段。,以往
旺,形容多而熱烈。,衰
旺,形容多而熱烈。,衰
旺,形容多而熱烈。,冷
旺,形容多而熱烈。,淡
旺,形容前述特質充足或超過標準。,虛
旺,形容前述特質充足或超過標準。,虛
昂,形容比喻價格高的。,賤
昂,形容比喻價格高的。,便宜
昂,形容比喻價格高的。,便宜
昂,形容比喻價格高的。,賤
昆,對同父或同母所生並比自己先出生的男子的指稱。,弟弟
昆,對同父或同母所生並比自己先出生的男子的指稱。,弟
昆,對同父或同母所生並比自己先出生的男子的指稱。,仲
昆,對同父或同母所生並比自己先出生的男子的指稱。,弟弟
昆,對同父或同母所生並比自己先出生的男子的指稱。,仲
昆,對同父或同母所生並比自己先出生的男子的指稱。,弟
昆,同父或同母生的男子，先出生者。,弟弟
昆,同父或同母生的男子，先出生者。,弟
昆,同父或同母生的男子，先出生者。,仲
昆,同父或同母生的男子，先出生者。,弟弟
昆,同父或同母生的男子，先出生者。,仲
昆,同父或同母生的男子，先出生者。,弟
昇高,前述物體從頂部到地面的距離變大。,矮
昇高,前述物體從頂部到地面的距離變大。,低
昇高,前述物體從頂部到地面的距離變大。,低
昇高,前述物體從頂部到地面的距離變大。,矮
昇高,比喻前述對象輩份或地位階級變大。,矮
昇高,比喻前述對象輩份或地位階級變大。,低
昇高,比喻前述對象輩份或地位階級變大。,低
昇高,比喻前述對象輩份或地位階級變大。,矮
昇高,數值變大。,低
昇高,數值變大。,低
昇高,音高變高。,低
昇高,音高變高。,低
昇高,程度或標準變高。,低
昇高,程度或標準變高。,低
昌,形容生命持續。,離開
昌,形容生命持續。,離去
昌,形容生命持續。,過往
昌,形容生命持續。,死
昌,形容生命持續。,死掉
昌,形容生命持續。,死亡
昌,形容生命持續。,逝
昌,形容生命持續。,過去
昌,形容生命持續。,亡
昌,形容生命持續。,掛
昌,形容生命持續。,走
昌,形容生命持續。,去
昌,形容生命持續。,弱
昌,形容生命持續。,回去
昌,形容生命持續。,斃
昌,形容生命持續。,歿
昌,形容生命持續。,離開
昌,形容生命持續。,離去
昌,形容生命持續。,死
昌,形容生命持續。,死亡
昌,形容生命持續。,亡
昌,形容生命持續。,死亡
昌,形容生命持續。,逝
昌,形容生命持續。,亡
昌,形容生命持續。,走
昌,形容生命持續。,回去
昌,形容生命持續。,死
昌,形容生命持續。,死掉
昌,形容生命持續。,過去
昌,形容生命持續。,掛
昌,形容生命持續。,去
昌,形容生命持續。,弱
昌,形容生命持續。,歿
昌,形容生命持續。,斃
昌,形容生命持續。,離去
昌,形容生命持續。,離開
昌,形容生命持續。,過往
明,形容光源的光線充足。,暗
明,形容光源的光線充足。,暗示
明,形容光源的光線充足。,暗示
明,形容光源的光線充足。,暗
明,燈光被點亮。,暗
明,燈光被點亮。,暗
明,形容比喻顯露在外部而容易看到的。,暗
明,形容比喻顯露在外部而容易看到的。,暗
明,形容比喻對象的狀況公開顯露出來的。,暗
明,形容比喻對象的狀況公開顯露出來的。,暗
明,形容比喻事件在公開的情況下進行的。,暗
明,形容比喻事件在公開的情況下進行的。,地下
明,形容比喻事件在公開的情況下進行的。,暗
明,形容比喻事件在公開的情況下進行的。,地下
明,表公開表達不隱瞞。,暗
明,表公開表達不隱瞞。,暗
明,表公開表達不隱瞞。,暗
明,表公開表達不隱瞞。,暗
明,形容認知的內容容易明確。,茫
明,形容認知的內容容易明確。,茫
明,形容比喻顏色較淺且亮度高的。,暗
明,形容比喻顏色較淺且亮度高的。,暗
明,比喻追求公理正義的一方。,暗
明,比喻追求公理正義的一方。,暗
明顯,形容非常容易觀察到的。,不彰
昏,形容沒有足夠光線照射的。,亮
昏,形容沒有足夠光線照射的。,亮
易,形容特定事件可以輕易達成。,難
易,形容特定事件可以輕易達成。,不易
易,形容特定事件可以輕易達成。,困難
易,形容特定事件可以輕易達成。,困難
易,形容特定事件可以輕易達成。,難
易,形容特定事件可以輕易達成。,不易
易,形容特定事件可以輕易達成。,困難
易,表後述事件發生的可能性大。,難
易,表後述事件發生的可能性大。,不易
易,表後述事件發生的可能性大。,困難
易,表後述事件發生的可能性大。,難
易,表後述事件發生的可能性大。,不易
易,表後述事件發生的可能性大。,困難
昨,在時間參考點之前的時段。,後
昨,在時間參考點之前的時段。,后
昨,在時間參考點之前的時段。,後面
昨,在時間參考點之前的時段。,后
昨,在時間參考點之前的時段。,後
昨,在時間參考點之前的時段。,后
昨,在時間參考點之前的時段。,後面
昨天,在時間參考點之前的時段。,後
昨天,在時間參考點之前的時段。,后
昨天,在時間參考點之前的時段。,後面
昨天,在時間參考點之前的時段。,后
昨天,在時間參考點之前的時段。,後
昨天,在時間參考點之前的時段。,后
昨天,在時間參考點之前的時段。,後面
昨日,在時間參考點之前的時段。,後
昨日,在時間參考點之前的時段。,后
昨日,在時間參考點之前的時段。,後面
昨日,在時間參考點之前的時段。,后
昨日,在時間參考點之前的時段。,後
昨日,在時間參考點之前的時段。,后
昨日,在時間參考點之前的時段。,後面
是,形容正確的或處理特定事件的作法適當。,錯
是,形容正確的或處理特定事件的作法適當。,錯
是,形容正確的或處理特定事件的作法適當。,不行
時,表一件事的兩種狀態不定時交替發生。,經常
晉,狀態的等級或地位增高。,下降
晉,狀態的等級或地位增高。,下降
晉,狀態的等級或地位增高。,下降
晉級,狀態的等級或地位增高。,下降
晉級,狀態的等級或地位增高。,下降
晉級,狀態的等級或地位增高。,下降
晚,太陽下山後到太陽出來前的時間。,早
晚,太陽下山後到太陽出來前的時間。,朝
晚,太陽下山後到太陽出來前的時間。,朝
晚,太陽下山後到太陽出來前的時間。,早
晚,形容發生在天黑之後的。,早
晚,形容發生在天黑之後的。,早
晚,形容在語境中共同認知的時間範圍內屬於最後的時段。,早
晚,形容在語境中共同認知的時間範圍內屬於最後的時段。,早
晚,形容在事件的末期的。,早
晚,形容在事件的末期的。,早
晚,形容事件的發生比預期的時間延後的。,早
晚,形容事件的發生比預期的時間延後的。,早
晚,形容事件發生時間在其他同類事件之後。,早
晚,形容事件發生時間在其他同類事件之後。,早
晚,晚於現在或前述事件的時段。,早
晚,晚於現在或前述事件的時段。,前
晚,晚於現在或前述事件的時段。,前面
晚,晚於現在或前述事件的時段。,過去
晚,晚於現在或前述事件的時段。,過往
晚,晚於現在或前述事件的時段。,早
晚,晚於現在或前述事件的時段。,前面
晚,晚於現在或前述事件的時段。,前
晚,晚於現在或前述事件的時段。,過去
晚,晚於現在或前述事件的時段。,過往
晚上,太陽下山後到太陽出來前的時間。,早
晚上,太陽下山後到太陽出來前的時間。,朝
晚上,太陽下山後到太陽出來前的時間。,朝
晚上,太陽下山後到太陽出來前的時間。,早
晝,太陽升起到太陽下山的時間。,
晝,太陽升起到太陽下山的時間。,夜
晝,太陽升起到太陽下山的時間。,夜
暑,形容溫度高或感覺溫度高的。,冷
暑,形容溫度高或感覺溫度高的。,寒
暑,形容溫度高或感覺溫度高的。,寒
暑,形容溫度高或感覺溫度高的。,冷
暖,形容溫度微高或感覺溫度微高的。,寒流
暗,形容光源的光線不足的。,明
暗,形容光源的光線不足的。,亮
暗,形容光源的光線不足的。,明
暗,形容光源的光線不足的。,亮
暗,形容沒有足夠光線照射的。,亮
暗,形容沒有足夠光線照射的。,亮
暗,燈光被關掉。,明
暗,燈光被關掉。,亮
暗,燈光被關掉。,明
暗,燈光被關掉。,亮
暗,形容隱藏在內部而不容易看到的。,明
暗,形容隱藏在內部而不容易看到的。,明
暗,形容比喻對象的狀況不公開顯露出來的。,明
暗,形容比喻對象的狀況不公開顯露出來的。,明
暗,形容比喻事件不在公開的情況下進行的。,明
暗,形容比喻事件不在公開的情況下進行的。,明
暗,表故意隱瞞不讓他人知道。,明
暗,表故意隱瞞不讓他人知道。,明
暗,表以委婉的方式達到與表面現象相反的目的。,明
暗,表以委婉的方式達到與表面現象相反的目的。,明
暗,形容比喻顏色較深且亮度低的。,明
暗,形容比喻顏色較深且亮度低的。,清
暗,形容比喻顏色較深且亮度低的。,亮
暗,形容比喻顏色較深且亮度低的。,清
暗,形容比喻顏色較深且亮度低的。,明
暗,形容比喻顏色較深且亮度低的。,亮
暗,比喻為了私利而損害公理正義的一方。,明
暗,比喻為了私利而損害公理正義的一方。,明
暫,形容事件持續的時間間隔小。,長
暫,形容事件持續的時間間隔小。,久
暫,形容事件持續的時間間隔小。,漫
暫,形容事件持續的時間間隔小。,長久
曝,比喻透露不該讓他人知道的事。,祕
曝,比喻透露不該讓他人知道的事。,祕
曲,形容呈弧形狀、不直。,直
曲,形容呈弧形狀、不直。,直
更多,形容數量上進一步增加。,更少
更多,形容數量上進一步增加。,更少
更少,形容數量上進一步減少。,更多
更少,形容數量上進一步減少。,更多
最多,形容數量多於所有其他的同類事物。,最少
最多,形容數量多於所有其他的同類事物。,最少
最多,指數量多於所有其他的同類事物。,最少
最多,指數量多於所有其他的同類事物。,最少
最少,形容數量少於所有其他的同類事物。,最多
最少,形容數量少於所有其他的同類事物。,最多
最少,指數量少於所有其他的同類事物。,最多
最少,指數量少於所有其他的同類事物。,最多
有,維持擁有的狀態。,沒有
有,維持擁有的狀態。,沒
有,維持擁有的狀態。,無
有,維持擁有的狀態。,沒
有,維持擁有的狀態。,無
有,維持擁有的狀態。,沒有
有,後述對象存在。,沒有
有,後述對象存在。,沒
有,後述對象存在。,無
有,後述對象存在。,毋
有,後述對象存在。,沒
有,後述對象存在。,無
有,後述對象存在。,毋
有,後述對象存在。,沒有
有,達到後述數量。,沒有
有,達到後述數量。,沒
有,達到後述數量。,沒
有,達到後述數量。,沒有
有,達到後述程度。,沒有
有,達到後述程度。,沒
有,達到後述程度。,沒
有,達到後述程度。,沒有
有,表肯定事件的發生。,沒有
有,表肯定事件的發生。,沒
有,表肯定事件的發生。,沒
有,表肯定事件的發生。,沒有
有幸,形容運氣好。,背
有幸,形容運氣好。,不幸
有幸,形容運氣好。,衰
有幸,形容運氣好。,賽
有幸,形容運氣好。,塞
有幸,形容運氣好。,屎
有幸,形容運氣好。,糞
有幸,形容運氣好。,不幸
有幸,形容運氣好。,糞
有幸,形容運氣好。,不幸
有幸,形容運氣好。,背
有幸,形容運氣好。,衰
有幸,形容運氣好。,塞
有幸,形容運氣好。,賽
有幸,形容運氣好。,屎
有心,具有特定意圖。,無心
有心,具有特定意圖。,無心
有線,形容訊號經由導線傳送的。,無線
有線,形容訊號經由導線傳送的。,無線
有聲,形容以語言聲音表達的。,無聲
朝,早晨。,晚上
朝,早晨。,晚
朝,早晨。,夜
朝,早晨。,夕
朝,早晨。,夜晚
朝,早晨。,宵
朝,早晨。,晚上
朝,早晨。,晚
朝,早晨。,夕
朝,早晨。,夜晚
朝,早晨。,宵
朝,早晨。,夜
木,形容比喻物體表面的觸感不光滑。,細
木,形容比喻物體表面的觸感不光滑。,細
未知,形容還不知道的。,已知
未知,形容還不知道的。,已知
未知,還不知道的情形。,已知
未知,還不知道的情形。,已知
本,形容最主要的。,副
本,形容最主要的。,副
本,指時空上距離說話者較近的後述對象。,那
本,指時空上距離說話者較近的後述對象。,那
本,指時空上距離說話者較近的後述對象。,那
東,亞洲國家。,西
東,亞洲國家。,西方
東,亞洲國家。,西
東,亞洲國家。,西方
東,形容形式、風格上屬於亞洲國家或來自於亞洲國家的。,西式
東,形容形式、風格上屬於亞洲國家或來自於亞洲國家的。,西方
東,形容形式、風格上屬於亞洲國家或來自於亞洲國家的。,西
東,形容形式、風格上屬於亞洲國家或來自於亞洲國家的。,西
東,形容形式、風格上屬於亞洲國家或來自於亞洲國家的。,西式
東,形容形式、風格上屬於亞洲國家或來自於亞洲國家的。,西方
東方,亞洲國家。,西
東方,亞洲國家。,西方
東方,亞洲國家。,西
東方,亞洲國家。,西方
東方,形容形式、風格上屬於亞洲國家或來自於亞洲國家的。,西式
東方,形容形式、風格上屬於亞洲國家或來自於亞洲國家的。,西
東方,形容形式、風格上屬於亞洲國家或來自於亞洲國家的。,西方
東方,形容形式、風格上屬於亞洲國家或來自於亞洲國家的。,西式
東方,形容形式、風格上屬於亞洲國家或來自於亞洲國家的。,西
東方,形容形式、風格上屬於亞洲國家或來自於亞洲國家的。,西方
果,事物經發展變化後的最後狀況。,因
果,事物經發展變化後的最後狀況。,原因
果,事物經發展變化後的最後狀況。,關係
果,事物經發展變化後的最後狀況。,肇始
果,事物經發展變化後的最後狀況。,故
果,事物經發展變化後的最後狀況。,導因
果,事物經發展變化後的最後狀況。,緣
果,事物經發展變化後的最後狀況。,肇始
果,事物經發展變化後的最後狀況。,故
果,事物經發展變化後的最後狀況。,因
果,事物經發展變化後的最後狀況。,原因
果,事物經發展變化後的最後狀況。,關係
果,事物經發展變化後的最後狀況。,導因
果,事物經發展變化後的最後狀況。,緣
果,在善惡循環的觀念下，事物因特定原因而發展出的最後狀況。,因
果,在善惡循環的觀念下，事物因特定原因而發展出的最後狀況。,因
柔,形容視覺上令人感覺舒服，而沒有強烈的線條、顏色或其他對比。,剛
柔,形容視覺上令人感覺舒服，而沒有強烈的線條、顏色或其他對比。,硬
柔,形容視覺上令人感覺舒服，而沒有強烈的線條、顏色或其他對比。,剛
柔,形容視覺上令人感覺舒服，而沒有強烈的線條、顏色或其他對比。,硬
柔,形容比喻動作力道不外顯。,剛
柔,形容比喻動作力道不外顯。,剛
柔,形容比喻個性溫和，不容易與人起衝突。,剛
柔,形容比喻個性溫和，不容易與人起衝突。,剛
柔,形容比喻個性溫和，不容易與人起衝突。,傲
柴,形容對特定對象的評價是負面的。,好
柴,形容對特定對象的評價是負面的。,佳
柴,形容對特定對象的評價是負面的。,良好
柴,形容對特定對象的評價是負面的。,優
柴,形容對特定對象的評價是負面的。,嘉
柴,形容對特定對象的評價是負面的。,良
柴,形容對特定對象的評價是負面的。,不錯
柴,形容對特定對象的評價是負面的。,好
柴,形容對特定對象的評價是負面的。,佳
柴,形容對特定對象的評價是負面的。,良
柴,形容對特定對象的評價是負面的。,不錯
柴,形容對特定對象的評價是負面的。,良好
柴,形容對特定對象的評價是負面的。,優
柴,形容對特定對象的評價是負面的。,嘉
業餘,形容不是以後述工作或身份為主要維生來源的。,職業
業餘,形容不是以後述工作或身份為主要維生來源的。,職業
橫,形容以說話者為參考點，由右到左或由左到右的方向。,縱
橫,形容以說話者為參考點，由右到左或由左到右的方向。,縱
橫,形容比喻在階層上沒有上下關係的。,縱
橫,形容比喻在階層上沒有上下關係的。,縱
橫,書寫筆畫的一種，呈由左往右的直線。,直
橫,表順著物體短邊的方向。,縱
橫,表順著物體短邊的方向。,縱
橫,形容比喻同一時代中涵蓋不同區域的。,縱
橫,形容比喻同一時代中涵蓋不同區域的。,縱
次,事件或時間順序在參考點之後。,上
次,事件或時間順序在參考點之後。,上
次要,形容重要性較低的。,主要
欲,心中存有完成後述事件的願望。,不要
欲,心中存有完成後述事件的願望。,不要
止,表示事件時間範圍的結束參考點。,起
止,表示事件時間範圍的結束參考點。,始
止,表示事件時間範圍的結束參考點。,開始
止,表示事件時間範圍的結束參考點。,起
止,表示事件時間範圍的結束參考點。,開始
止,表示事件時間範圍的結束參考點。,始
止,表示遠離空間參考點的空間界限。,起
止,表示遠離空間參考點的空間界限。,開始
止,表示遠離空間參考點的空間界限。,起
止,表示遠離空間參考點的空間界限。,起
止,表示遠離空間參考點的空間界限。,開始
正,表特定對象的順序與預期的順序形成完全的對比。,倒
正,表特定對象的順序與預期的順序形成完全的對比。,反
正,表特定對象的順序與預期的順序形成完全的對比。,倒
正,表特定對象的順序與預期的順序形成完全的對比。,反
正,形容特定對象的位置是上下正確的。,倒
正,形容特定對象的位置是上下正確的。,反
正,形容特定對象的位置是上下正確的。,倒
正,形容特定對象的位置是上下正確的。,反
正,形容在中間或最主要的位置的。,偏
正,形容在中間或最主要的位置的。,偏
正,人造物約定俗成朝上或朝前且最容易觀察到的面。,後
正,人造物約定俗成朝上或朝前且最容易觀察到的面。,後面
正,人造物約定俗成朝上或朝前且最容易觀察到的面。,后
正,人造物約定俗成朝上或朝前且最容易觀察到的面。,后
正,人造物約定俗成朝上或朝前且最容易觀察到的面。,背
正,人造物約定俗成朝上或朝前且最容易觀察到的面。,反
正,人造物約定俗成朝上或朝前且最容易觀察到的面。,後
正,人造物約定俗成朝上或朝前且最容易觀察到的面。,后
正,人造物約定俗成朝上或朝前且最容易觀察到的面。,背
正,人造物約定俗成朝上或朝前且最容易觀察到的面。,後面
正,人造物約定俗成朝上或朝前且最容易觀察到的面。,反
正,形容字體端正符合標準的。,草
正,形容字體端正符合標準的。,草
正,形容具有完整的地位或權力的。,副
正,形容具有完整的地位或權力的。,副
正,形容最主要的。,副
正,形容最主要的。,副
正,贊成的意見。,反
正,贊成的意見。,反
正,形容對特定對象有好的影響。,負
正,形容對特定對象有好的影響。,負面
正,形容對特定對象有好的影響。,負
正,形容對特定對象有好的影響。,負面
正,形容比零大的。,負
正,形容比零大的。,負
正,比零大的數目。,負
正,比零大的數目。,負
正,用來表示數目比零大的數學符號。,負
正,用來表示數目比零大的數學符號。,負
正,形容電子聚集少，帶正電的。,負
正,形容電子聚集少，帶正電的。,陰
正,形容電子聚集少，帶正電的。,負
正,形容電子聚集少，帶正電的。,陰
正常,形容符合一般規律或情況的。,異常
正常,形容符合一般規律或情況的。,異常
正式,形容符合公認標準的。,非正式
正式,形容符合公認標準的。,非正式
正式,形容具有正式關係或身份。,非正式
正式,形容具有正式關係或身份。,非正式
此,離說話者或參考點較近的位置。,那裡
此,離說話者或參考點較近的位置。,那裏
此,離說話者或參考點較近的位置。,那
此,離說話者或參考點較近的位置。,那邊
此,離說話者或參考點較近的位置。,那兒
此,離說話者或參考點較近的位置。,那
此,離說話者或參考點較近的位置。,那裏
此,離說話者或參考點較近的位置。,那邊
此,離說話者或參考點較近的位置。,那兒
此,離說話者或參考點較近的位置。,那裡
武,指武術功夫、體育技能或其他以體力為主的類似活動。,文
武,指武術功夫、體育技能或其他以體力為主的類似活動。,文
武,形容使用肢體暴力。,文
武,形容使用肢體暴力。,文
死,形容沒有生命的。,活
死,形容沒有生命的。,活生生
死,形容沒有生命的。,活生生
死,形容沒有生命的。,活
死,形容生物失去生命。,生存
死,形容生物失去生命。,生存
死,形容生物失去生命。,生
死,形容生物失去生命。,生
死,形容生物失去生命。,昌
死,形容生物失去生命。,活
死,形容生物失去生命。,存
死,形容比喻事件終止不再存在。,活
死,形容比喻事件終止不再存在。,存在
死,形容比喻事件終止不再存在。,立
死,形容比喻事件終止不再存在。,存
死,形容比喻事件終止不再存在。,存在
死,形容比喻事件終止不再存在。,立
死,形容比喻事件終止不再存在。,存在
死,形容比喻事件終止不再存在。,活
死,形容比喻事件終止不再存在。,存
死,使後述對象失去生命。,活
死,使後述對象失去生命。,活
死,形容比喻沒有生命的。,活
死,形容比喻沒有生命的。,活
死,形容不能流動的。,活
死,形容不能流動的。,活
死,形容不再使用的。,活
死,形容不再使用的。,活
死,形容比喻沒變化的或不可改變的。,活
死,形容比喻沒變化的或不可改變的。,活
死,形容火山斷層沒有地質活動或沒有立即產生地質活動的潛力的。,活
死,形容火山斷層沒有地質活動或沒有立即產生地質活動的潛力的。,活動
死,形容火山斷層沒有地質活動或沒有立即產生地質活動的潛力的。,活
死,形容火山斷層沒有地質活動或沒有立即產生地質活動的潛力的。,活動
死亡,形容生物失去生命。,生存
死亡,形容生物失去生命。,生存
死亡,形容生物失去生命。,生
死亡,形容生物失去生命。,生
死亡,形容生物失去生命。,昌
死亡,形容生物失去生命。,活
死亡,形容生物失去生命。,存
死亡,形容比喻事件終止不再存在。,立
死亡,形容比喻事件終止不再存在。,存在
死亡,形容比喻事件終止不再存在。,存在
死亡,形容比喻事件終止不再存在。,活
死亡,形容比喻事件終止不再存在。,存
死掉,形容生物失去生命。,生存
死掉,形容生物失去生命。,活
死掉,形容生物失去生命。,生
死掉,形容生物失去生命。,存
死掉,形容生物失去生命。,昌
死掉,形容生物失去生命。,生存
死掉,形容生物失去生命。,生
死掉,形容生物失去生命。,生存
死掉,形容生物失去生命。,生
死掉,形容生物失去生命。,昌
死掉,形容生物失去生命。,活
死掉,形容生物失去生命。,存
歿,形容生物失去生命。,活
歿,形容生物失去生命。,生存
歿,形容生物失去生命。,生
歿,形容生物失去生命。,存
歿,形容生物失去生命。,昌
歿,形容生物失去生命。,生存
歿,形容生物失去生命。,生
歿,形容生物失去生命。,生存
歿,形容生物失去生命。,生
歿,形容生物失去生命。,昌
歿,形容生物失去生命。,活
歿,形容生物失去生命。,存
毋,後述對象不存在。,有
毋,後述對象不存在。,存有
毋,後述對象不存在。,有
毋,後述對象不存在。,存有
母,子女對生育自己的女子的指稱，或指在家庭關係中扮演母親角色的女子。,阿
母,子女對生育自己的女子的指稱，或指在家庭關係中扮演母親角色的女子。,父親
母,子女對生育自己的女子的指稱，或指在家庭關係中扮演母親角色的女子。,爸爸
母,子女對生育自己的女子的指稱，或指在家庭關係中扮演母親角色的女子。,爹
母,子女對生育自己的女子的指稱，或指在家庭關係中扮演母親角色的女子。,老子
母,子女對生育自己的女子的指稱，或指在家庭關係中扮演母親角色的女子。,爸
母,子女對生育自己的女子的指稱，或指在家庭關係中扮演母親角色的女子。,父
母,子女對生育自己的女子的指稱，或指在家庭關係中扮演母親角色的女子。,老
母,子女對生育自己的女子的指稱，或指在家庭關係中扮演母親角色的女子。,爺
母,子女對生育自己的女子的指稱，或指在家庭關係中扮演母親角色的女子。,爸爸
母,子女對生育自己的女子的指稱，或指在家庭關係中扮演母親角色的女子。,爸
母,子女對生育自己的女子的指稱，或指在家庭關係中扮演母親角色的女子。,父
母,子女對生育自己的女子的指稱，或指在家庭關係中扮演母親角色的女子。,老子
母,子女對生育自己的女子的指稱，或指在家庭關係中扮演母親角色的女子。,父親
母,子女對生育自己的女子的指稱，或指在家庭關係中扮演母親角色的女子。,爹
母,子女對生育自己的女子的指稱，或指在家庭關係中扮演母親角色的女子。,爺
母,有子女的女子。,父親
母,有子女的女子。,爸
母,有子女的女子。,爸爸
母,有子女的女子。,爹
母,有子女的女子。,父
母,有子女的女子。,父
母,有子女的女子。,爸
母,有子女的女子。,爸爸
母,有子女的女子。,爹
母,有子女的女子。,父親
母,形容除了人以外的動物中具生產後代能力的性別。,公
母,形容除了人以外的動物中具生產後代能力的性別。,雄
母,形容除了人以外的動物中具生產後代能力的性別。,雄
母,形容除了人以外的動物中具生產後代能力的性別。,特
母,形容除了人以外的動物中具生產後代能力的性別。,雄
母,形容除了人以外的動物中具生產後代能力的性別。,特
母,形容除了人以外的動物中具生產後代能力的性別。,公
母,除了人以外具有生產後代能力的動物。,公
母,除了人以外具有生產後代能力的動物。,雄
母,除了人以外具有生產後代能力的動物。,雄
母,除了人以外具有生產後代能力的動物。,公
母,成對物品中具有相對的雌性特徵，多半是體型較小或外表缺乏凸出物。,公
母,成對物品中具有相對的雌性特徵，多半是體型較小或外表缺乏凸出物。,雄
母,成對物品中具有相對的雌性特徵，多半是體型較小或外表缺乏凸出物。,陽
母,成對物品中具有相對的雌性特徵，多半是體型較小或外表缺乏凸出物。,雄
母,成對物品中具有相對的雌性特徵，多半是體型較小或外表缺乏凸出物。,公
母,成對物品中具有相對的雌性特徵，多半是體型較小或外表缺乏凸出物。,陽
母親,子女對生育自己的女子的指稱，或指在家庭關係中扮演母親角色的女子。,阿
母親,子女對生育自己的女子的指稱，或指在家庭關係中扮演母親角色的女子。,父
母親,子女對生育自己的女子的指稱，或指在家庭關係中扮演母親角色的女子。,父親
母親,子女對生育自己的女子的指稱，或指在家庭關係中扮演母親角色的女子。,爸爸
母親,子女對生育自己的女子的指稱，或指在家庭關係中扮演母親角色的女子。,爹
母親,子女對生育自己的女子的指稱，或指在家庭關係中扮演母親角色的女子。,老子
母親,子女對生育自己的女子的指稱，或指在家庭關係中扮演母親角色的女子。,爸
母親,子女對生育自己的女子的指稱，或指在家庭關係中扮演母親角色的女子。,老
母親,子女對生育自己的女子的指稱，或指在家庭關係中扮演母親角色的女子。,爺
母親,子女對生育自己的女子的指稱，或指在家庭關係中扮演母親角色的女子。,爸爸
母親,子女對生育自己的女子的指稱，或指在家庭關係中扮演母親角色的女子。,爸
母親,子女對生育自己的女子的指稱，或指在家庭關係中扮演母親角色的女子。,父
母親,子女對生育自己的女子的指稱，或指在家庭關係中扮演母親角色的女子。,老子
母親,子女對生育自己的女子的指稱，或指在家庭關係中扮演母親角色的女子。,父親
母親,子女對生育自己的女子的指稱，或指在家庭關係中扮演母親角色的女子。,爹
母親,子女對生育自己的女子的指稱，或指在家庭關係中扮演母親角色的女子。,爺
母親,有子女的女子。,爸
母親,有子女的女子。,父
母親,有子女的女子。,爸爸
母親,有子女的女子。,爹
母親,有子女的女子。,父親
母親,有子女的女子。,父
母親,有子女的女子。,爸
母親,有子女的女子。,爸爸
母親,有子女的女子。,爹
母親,有子女的女子。,父親
毛,表概略地。,細
毛,表概略地。,細
民營,形容非政府擁有或經營的。,公營
水,表以水為工具。,乾
水,表以水為工具。,乾
水,形容人或物的外表好看使觀者感到愉悅而讚賞的。,醜
水,形容人或物的外表好看使觀者感到愉悅而讚賞的。,陋
水,形容人或物的外表好看使觀者感到愉悅而讚賞的。,醜
水,形容人或物的外表好看使觀者感到愉悅而讚賞的。,陋
汙,形容有污垢雜質的。,清潔
汙,形容有污垢雜質的。,清潔
汙,形容有污垢雜質的。,乾淨
汙,形容有污垢雜質的。,乾淨
汙,形容有污垢雜質的。,淨
汙,形容有污垢雜質的。,潔
汙,形容比喻沒有公理正義。,乾淨
汙,形容比喻沒有公理正義。,乾淨
污,形容有污垢雜質的。,清潔
污,形容有污垢雜質的。,清潔
污,形容有污垢雜質的。,乾淨
污,形容有污垢雜質的。,乾淨
污,形容有污垢雜質的。,淨
污,形容有污垢雜質的。,潔
污,形容比喻沒有公理正義。,乾淨
污,形容比喻沒有公理正義。,乾淨
沈,形容因比重大於所在流體而往下降。,浮
沈,形容因比重大於所在流體而往下降。,浮
沈,形容重量大。,輕
沈,形容重量大。,輕
沉,形容因比重大於所在流體而往下降。,浮
沉,形容因比重大於所在流體而往下降。,浮
沉,形容重量大。,輕
沉,形容重量大。,輕
沒,不擁有後述對象。,有
沒,不擁有後述對象。,持有
沒,不擁有後述對象。,保有
沒,不擁有後述對象。,占有
沒,不擁有後述對象。,持
沒,不擁有後述對象。,持有
沒,不擁有後述對象。,保有
沒,不擁有後述對象。,保有
沒,不擁有後述對象。,持有
沒,不擁有後述對象。,有
沒,不擁有後述對象。,占有
沒,不擁有後述對象。,持
沒,後述對象不存在。,有
沒,後述對象不存在。,存有
沒,後述對象不存在。,有
沒,後述對象不存在。,存有
沒,未達一定的數量。,有
沒,未達一定的數量。,有
沒,表未達後述的程度。,有
沒,表未達後述的程度。,有
沒,表否定事件的發生。,有
沒,表否定事件的發生。,有
沒有,不擁有後述對象。,有
沒有,不擁有後述對象。,持有
沒有,不擁有後述對象。,保有
沒有,不擁有後述對象。,占有
沒有,不擁有後述對象。,持
沒有,不擁有後述對象。,持有
沒有,不擁有後述對象。,保有
沒有,不擁有後述對象。,保有
沒有,不擁有後述對象。,持有
沒有,不擁有後述對象。,有
沒有,不擁有後述對象。,占有
沒有,不擁有後述對象。,持
沒有,後述對象不存在。,有
沒有,後述對象不存在。,存有
沒有,後述對象不存在。,有
沒有,後述對象不存在。,存有
沒有,未達後述的數量。,有
沒有,未達後述的數量。,有
沒有,表未達後述的程度。,有
沒有,表未達後述的程度。,有
沒有,表否定事件的發生。,有
沒有,表否定事件的發生。,有
注重,看重並強調後述對象。,輕
注重,看重並強調後述對象。,薄
注重,看重並強調後述對象。,薄
注重,看重並強調後述對象。,輕
洋,自己國家以外的其他國家。,國內
洋,自己國家以外的其他國家。,土
洋,自己國家以外的其他國家。,土
洋,形容非說話者所屬的國家所出產的。,土
洋,形容非說話者所屬的國家所出產的。,國內
洋,形容非說話者所屬的國家所出產的。,國產
洋,形容非說話者所屬的國家所出產的。,國產
洋,形容非說話者所屬的國家所出產的。,土
洋,形容非說話者所屬的國家所出產的。,國內
洩,比喻透露不該讓他人知道的事。,祕
洩,比喻透露不該讓他人知道的事。,祕
活,形容有生命的。,死
活,形容有生命的。,死
活,形容生命持續。,死掉
活,形容生命持續。,死
活,形容生命持續。,死亡
活,形容生命持續。,掛
活,形容生命持續。,逝
活,形容生命持續。,過去
活,形容生命持續。,亡
活,形容生命持續。,走
活,形容生命持續。,去
活,形容生命持續。,弱
活,形容生命持續。,回去
活,形容生命持續。,歿
活,形容生命持續。,斃
活,形容生命持續。,離去
活,形容生命持續。,離開
活,形容生命持續。,過往
活,形容生命持續。,死
活,形容生命持續。,死亡
活,形容生命持續。,亡
活,形容生命持續。,離去
活,形容生命持續。,離開
活,形容生命持續。,亡
活,形容生命持續。,死亡
活,形容生命持續。,逝
活,形容生命持續。,走
活,形容生命持續。,回去
活,形容生命持續。,死掉
活,形容生命持續。,死
活,形容生命持續。,掛
活,形容生命持續。,過去
活,形容生命持續。,去
活,形容生命持續。,弱
活,形容生命持續。,歿
活,形容生命持續。,斃
活,形容生命持續。,離去
活,形容生命持續。,離開
活,形容生命持續。,過往
活,在時間上持續。,死
活,在時間上持續。,死亡
活,在時間上持續。,亡
活,在時間上持續。,死亡
活,在時間上持續。,亡
活,在時間上持續。,死亡
活,在時間上持續。,亡
活,在時間上持續。,死
活,使後述對象生命持續。,死
活,使後述對象生命持續。,亡
活,使後述對象生命持續。,亡
活,使後述對象生命持續。,死
活,形容比喻具有生命力的。,死
活,形容比喻具有生命力的。,死
活,形容火山斷層正在進行地質活動或有立即產生地質活動的潛力的。,死
活,形容火山斷層正在進行地質活動或有立即產生地質活動的潛力的。,死
活,形容可以流動的。,死
活,形容可以流動的。,死
活,使事件、狀態與氣氛等靈活不死板。,呆
活,形容在使用中的。,死
活,形容在使用中的。,死
活,形容比喻有變化的或可改變的。,死
活,形容比喻有變化的或可改變的。,死
活動,形容火山斷層正在進行地質活動或有立即產生地質活動的潛力的。,死
活動,形容火山斷層正在進行地質活動或有立即產生地質活動的潛力的。,死
活生生,形容有生命的。,死
活生生,形容有生命的。,死
浮,因比重小於所在液體而停留在該液體表面。,沈
浮,因比重小於所在液體而停留在該液體表面。,沉
浮,因比重小於所在液體而停留在該液體表面。,墊
浮,因比重小於所在液體而停留在該液體表面。,沈
浮,因比重小於所在液體而停留在該液體表面。,沉
浮,因比重小於所在液體而停留在該液體表面。,墊
消,使身體特定部位肉變少。,胖
消,使身體特定部位肉變少。,肥
消,使身體特定部位肉變少。,胖
消,使身體特定部位肉變少。,肥
消極,形容不主動努力。,積極
消極,形容無助於事件往正面發展的。,積極
消極,形容無助於事件往正面發展的。,積極
淡,形容氣味不濃郁的。,厚
淡,形容氣味不濃郁的。,濃
淡,形容氣味不濃郁的。,濃
淡,形容氣味不濃郁的。,厚
淡,形容所含主要成份少。,濃
淡,形容所含主要成份少。,濃
淡,形容顏色不深。,濃
淡,形容顏色不深。,濃
淡,形容比喻對特定事件較不熱心。,濃
淡,形容比喻對特定事件較不熱心。,濃
淡,形容比喻事件程度逐漸變低。,濃
淡,形容比喻事件程度逐漸變低。,濃
淡,形容量少且稀疏的。,濃
淡,形容量少且稀疏的。,濃
淡,形容比喻交易不熱絡的。,旺
淡,形容比喻交易不熱絡的。,熱
淡,形容比喻交易不熱絡的。,盛
淡,形容比喻交易不熱絡的。,興奮
淡,形容比喻交易不熱絡的。,旺
淡,形容比喻交易不熱絡的。,旺
淡,形容比喻交易不熱絡的。,熱
淡,形容比喻交易不熱絡的。,盛
淡,形容比喻交易不熱絡的。,興奮
淡,形容水質中含較少鹽份的。,鹹
淡,形容水質中含較少鹽份的。,鹹
淡,形容水質中含較少鹽份的。,鹹
淨,形容沒有污垢雜質的。,髒
淨,形容沒有污垢雜質的。,骯髒
淨,形容沒有污垢雜質的。,垢
淨,形容沒有污垢雜質的。,汙
淨,形容沒有污垢雜質的。,污
淨,形容沒有污垢雜質的。,骯髒
淨,形容沒有污垢雜質的。,汙
淨,形容沒有污垢雜質的。,污
淨,形容沒有污垢雜質的。,髒
淨,形容沒有污垢雜質的。,汙
淨,形容沒有污垢雜質的。,骯髒
淨,形容沒有污垢雜質的。,垢
淨,形容沒有污垢雜質的。,污
淨,表限定範圍。,不光
淨,表限定範圍。,不只
淨,表限定範圍。,不止
淨,表限定範圍。,不祇
淨,表限定範圍。,不僅
淨,表限定範圍。,不僅僅
淨,表限定範圍。,不止
淨,表限定範圍。,不僅
淨,表限定範圍。,不光
淨,表限定範圍。,不僅僅
淨,表限定範圍。,不只
淨,表限定範圍。,不祇
深,形容物體從頂面到底部的距離大。,淺
深,形容物體從頂面到底部的距離大。,淺
深,形容物體從外到裡的空間距離大。,淺
深,形容物體從外到裡的空間距離大。,淺
深,表鞠躬時彎腰的角度大。,淺
深,表鞠躬時彎腰的角度大。,淺
深,表一次呼吸的時間長而完整。,淺
深,表一次呼吸的時間長而完整。,淺
深,形容臉部輪廓立體明顯的。,淺
深,形容臉部輪廓立體明顯的。,淺
深,形容顏色的亮度較低、色素較多的。,淺
深,形容顏色的亮度較低、色素較多的。,淺
深,形容在同類顏色中色素較多的。,淺
深,形容在同類顏色中色素較多的。,淺
深,形容比喻牽涉事件的程度高。,淺
深,形容比喻牽涉事件的程度高。,稍微
深,形容比喻牽涉事件的程度高。,稍
深,形容比喻牽涉事件的程度高。,淺
深,形容比喻牽涉事件的程度高。,稍
深,形容比喻牽涉事件的程度高。,稍微
深,形容比喻接近事物最基本概念而不易由表面現象理解的。,淺
深,形容比喻接近事物最基本概念而不易由表面現象理解的。,淺
深,形容前述狀態的程度高，通常為負面。,輕
深,形容前述狀態的程度高，通常為負面。,輕度
深,形容前述狀態的程度高，通常為負面。,淺
深,形容前述狀態的程度高，通常為負面。,輕度
深,形容前述狀態的程度高，通常為負面。,淺
深,形容前述狀態的程度高，通常為負面。,輕
淺,形容物體從頂面到底部的距離小。,深
淺,形容物體從頂面到底部的距離小。,濃
淺,形容物體從頂面到底部的距離小。,深
淺,形容物體從外到裡的空間距離小。,深
淺,形容物體從外到裡的空間距離小。,深
淺,表鞠躬時彎腰的角度小。,深
淺,表鞠躬時彎腰的角度小。,深
淺,表一次呼吸的時間短而不完整。,深
淺,表一次呼吸的時間短而不完整。,深
淺,形容臉部輪廓不立體不明顯的。,深
淺,形容臉部輪廓不立體不明顯的。,深
淺,形容顏色的亮度較高、色素較少的。,深
淺,形容顏色的亮度較高、色素較少的。,深
淺,形容在同類顏色中色素較少的。,深
淺,形容在同類顏色中色素較少的。,深
淺,形容比喻牽涉事件的程度低。,深
淺,形容比喻牽涉事件的程度低。,深
淺,形容比喻簡單而容易由表面現象理解的。,深
淺,形容比喻簡單而容易由表面現象理解的。,奧
淺,形容比喻簡單而容易由表面現象理解的。,深
淺,形容比喻程度較輕微的。,深
淺,形容比喻程度較輕微的。,重
淺,形容比喻程度較輕微的。,嚴重
淺,形容比喻程度較輕微的。,嚴峻
淺,形容比喻程度較輕微的。,嚴重
淺,形容比喻程度較輕微的。,嚴重
淺,形容比喻程度較輕微的。,重
淺,形容比喻程度較輕微的。,深
淺,形容事件持續的時間間隔小。,長
淺,形容事件持續的時間間隔小。,久
淺,形容事件持續的時間間隔小。,漫
淺,形容事件持續的時間間隔小。,長久
淺,形容事件持續的時間間隔小。,長
淺,形容事件持續的時間間隔小。,久
淺,形容事件持續的時間間隔小。,漫
淺,形容事件持續的時間間隔小。,長久
淺,姓。,濃
添,增加特定對象的數量。,減
添,增加特定對象的數量。,省
添,增加特定對象的數量。,減少
添,增加特定對象的數量。,撤
添,增加特定對象的數量。,省
添,增加特定對象的數量。,減
添,增加特定對象的數量。,減少
添,增加特定對象的數量。,撤
清,形容液體透明沒有雜質的。,渾
清,形容液體透明沒有雜質的。,渾
清,形容液體變為透明沒有雜質。,渾
清,形容液體變為透明沒有雜質。,渾
清,形容空氣新鮮涼爽振奮精神。,渾
清,形容空氣新鮮涼爽振奮精神。,渾
清,形容音質清晰且使聽者有純淨的感覺。,渾
清,形容音質清晰且使聽者有純淨的感覺。,渾
清,形容音質清晰且使聽者有純淨的感覺。,渾
清,形容比喻顏色較淺且亮度高的。,暗
清,形容比喻顏色較淺且亮度高的。,暗
清,形容認知的內容容易明確。,茫
清,形容認知的內容容易明確。,茫
清晰,形容認知的內容容易明確。,茫
清晰,形容認知的內容容易明確。,茫
清楚,形容認知的內容容易明確。,茫
清楚,形容認知的內容容易明確。,茫
清清楚楚,形容認知的內容容易明確。,茫
清清楚楚,形容認知的內容容易明確。,茫
清潔,形容沒有污垢雜質的。,汙
清潔,形容沒有污垢雜質的。,髒
清潔,形容沒有污垢雜質的。,汙
清潔,形容沒有污垢雜質的。,垢
清潔,形容沒有污垢雜質的。,骯髒
清潔,形容沒有污垢雜質的。,骯髒
清潔,形容沒有污垢雜質的。,污
清潔,形容沒有污垢雜質的。,污
減,將後述數值從前述數值中去除，計算其差。,加上
減,將後述數值從前述數值中去除，計算其差。,加入
減,將後述數值從前述數值中去除，計算其差。,加
減,將後述數值從前述數值中去除，計算其差。,加
減,將後述數值從前述數值中去除，計算其差。,的
減,從整體中去掉一部份。,加
減,從整體中去掉一部份。,加上
減,從整體中去掉一部份。,加上
減,從整體中去掉一部份。,加
減,使後述對象的數量變少。,加
減,使後述對象的數量變少。,添
減,使後述對象的數量變少。,添
減,使後述對象的數量變少。,加
減,比喻使後述事件的程度降低。,提高
減,比喻使後述事件的程度降低。,提高
減低,使特定數量或數目減少。,提高
減低,數量或數目減少。,提高
減低,數量或數目減少。,上升
減低,數量或數目減少。,上昇
減低,數量或數目減少。,升
減低,數量或數目減少。,上昇
減低,數量或數目減少。,上升
減低,數量或數目減少。,增高
減低,數量或數目減少。,升級
減低,數量或數目減少。,增長
減低,數量或數目減少。,增高
減低,數量或數目減少。,增長
減低,使後述事件的程度降低。,提高
減低,使後述事件的程度降低。,提高
減低,特定事件的程度降低。,提高
減少,使後述對象的數量變少。,加
減少,使後述對象的數量變少。,添
減少,使後述對象的數量變少。,添
減少,使後述對象的數量變少。,加
減少,比喻使後述事件的程度降低。,提高
減少,比喻使後述事件的程度降低。,提高
減少,比喻特定事件的程度降低。,提高
減弱,使後述事件的程度降低。,提高
減弱,形容比喻特定事件的程度降低。,提高
減輕,比喻特定事件的程度降低。,提高
減輕,比喻使後述事件的程度降低。,提高
減輕,比喻使後述事件的程度降低。,提高
渾,形容液體不透明有雜質的。,清
渾,形容液體不透明有雜質的。,清
渾,形容液體變為不透明有雜質的。,清
渾,形容液體變為不透明有雜質的。,清
渾,形容空氣混濁的。,清
渾,形容空氣混濁的。,清
渾,形容音質不清晰且無法使聽者有純淨的感覺。,清
渾,形容音質不清晰且無法使聽者有純淨的感覺。,清
渾,形容卑鄙、可惡。,清
渾,事物的全體。,部分
渾,事物的全體。,部份
渾,事物的全體。,部分
渾,事物的全體。,部份
溼,形容物體因吸收而富含水份超過正常狀態。,乾
溼,形容物體因吸收而富含水份超過正常狀態。,乾
溼,形容物體因吸收而富含水份超過正常狀態。,乾
溼,形容物體表面有水份附著。,乾
溼,形容物體表面有水份附著。,乾
溼,形容物體變濕。,乾
溼,形容物體變濕。,乾
溼,使濕度比正常狀態下高。,乾
溼,使濕度比正常狀態下高。,乾
溼,水墨畫筆勢的一種，含墨量多。,乾
溼,水墨畫筆勢的一種，含墨量多。,乾
滿,事物的全體。,部分
滿,事物的全體。,部份
滿,事物的全體。,部分
滿,事物的全體。,部份
漂,形容人或物的外表好看使觀者感到愉悅而讚賞的。,醜
漂,形容人或物的外表好看使觀者感到愉悅而讚賞的。,陋
漂,形容人或物的外表好看使觀者感到愉悅而讚賞的。,醜
漂,形容人或物的外表好看使觀者感到愉悅而讚賞的。,陋
漂亮,形容人或物的外表好看使觀者感到愉悅而讚賞的。,醜
漂亮,形容人或物的外表好看使觀者感到愉悅而讚賞的。,陋
漂亮,形容人或物的外表好看使觀者感到愉悅而讚賞的。,醜
漂亮,形容人或物的外表好看使觀者感到愉悅而讚賞的。,陋
漏,比喻透露不該讓他人知道的事。,祕
漏,比喻透露不該讓他人知道的事。,祕
漏出,比喻透露不該讓他人知道的事。,祕
漏出,比喻透露不該讓他人知道的事。,祕
漫,形容兩端點之間的路徑距離大。,短
漫,形容兩端點之間的路徑距離大。,短
漫,形容事件持續的時間間隔大。,短
漫,形容事件持續的時間間隔大。,淺
漫,形容事件持續的時間間隔大。,暫
漫,形容事件持續的時間間隔大。,暫
漫,形容事件持續的時間間隔大。,短
漫,形容事件持續的時間間隔大。,淺
漫,形容事件持續的時間間隔大。,暫
潔,形容沒有污垢雜質的。,髒
潔,形容沒有污垢雜質的。,骯髒
潔,形容沒有污垢雜質的。,垢
潔,形容沒有污垢雜質的。,汙
潔,形容沒有污垢雜質的。,污
潔,形容沒有污垢雜質的。,骯髒
潔,形容沒有污垢雜質的。,汙
潔,形容沒有污垢雜質的。,污
潔,形容沒有污垢雜質的。,髒
潔,形容沒有污垢雜質的。,汙
潔,形容沒有污垢雜質的。,骯髒
潔,形容沒有污垢雜質的。,垢
潔,形容沒有污垢雜質的。,污
潮濕,使濕度比正常狀態下高。,乾
激,形容情緒高昂的。,伏
激,形容快速而猛烈的。,緩慢
激,形容快速而猛烈的。,緩
激,形容快速而猛烈的。,徐
激,形容快速而猛烈的。,冉
激,形容快速而猛烈的。,緩
激,形容快速而猛烈的。,徐
激,形容快速而猛烈的。,冉
激,形容快速而猛烈的。,緩慢
濃,形容液體中所溶解的固態成分多的。,稀
濃,形容液體中所溶解的固態成分多的。,稀
濃,形容氣味很強烈。,淡
濃,形容氣味很強烈。,薄
濃,形容氣味很強烈。,淡
濃,形容氣味很強烈。,薄
濃,形容所含主要成份多。,淡
濃,形容所含主要成份多。,稀
濃,形容所含主要成份多。,稀
濃,形容所含主要成份多。,淡
濃,形容顏色飽和度較高。,淡
濃,形容顏色飽和度較高。,淺
濃,形容顏色飽和度較高。,
濃,形容顏色飽和度較高。,淺
濃,形容顏色飽和度較高。,淡
濃,形容比喻對特定對象的情感深厚。,淡
濃,形容比喻對特定對象的情感深厚。,淡
濃,形容比喻事件程度逐漸變高。,淡
濃,形容比喻事件程度逐漸變高。,淡
濃,形容量多且密的。,淡
濃,形容量多且密的。,薄
濃,形容量多且密的。,淡
濃,形容量多且密的。,薄
濕,形容物體因吸收而富含水份超過正常狀態。,乾
濕,形容物體因吸收而富含水份超過正常狀態。,乾
濕,形容物體因吸收而富含水份超過正常狀態。,乾
濕,形容物體表面有水份附著。,乾
濕,形容物體表面有水份附著。,乾
濕,形容物體變濕。,乾
濕,形容物體變濕。,乾
濕,使濕度比正常狀態下高。,乾
濕,使濕度比正常狀態下高。,乾
濕,水墨畫筆勢的一種，含墨量多。,乾
濕,水墨畫筆勢的一種，含墨量多。,乾
炎,形容溫度高或感覺溫度高的。,冷
炎,形容溫度高或感覺溫度高的。,寒
炎,形容溫度高或感覺溫度高的。,冷
炎,形容溫度高或感覺溫度高的。,寒
炎,形容溫度高或感覺溫度高的。,冷
炎,形容溫度高或感覺溫度高的。,寒
炙,形容溫度高或感覺溫度高的。,冷
炙,形容溫度高或感覺溫度高的。,寒
炙,形容溫度高或感覺溫度高的。,冷
炙,形容溫度高或感覺溫度高的。,寒
炙,形容溫度高或感覺溫度高的。,冷
炙,形容溫度高或感覺溫度高的。,寒
炙,形容狀態處在正面發展的。,衰
炙,形容狀態處在正面發展的。,衰
炙,形容狀態處在正面發展的。,衰
為止,表示事件時間範圍的結束參考點。,起
為止,表示事件時間範圍的結束參考點。,始
為止,表示事件時間範圍的結束參考點。,開始
為止,表示事件時間範圍的結束參考點。,起
為止,表示事件時間範圍的結束參考點。,開始
為止,表示事件時間範圍的結束參考點。,始
為止,表示遠離空間參考點的空間界限。,起
為止,表示遠離空間參考點的空間界限。,開始
為止,表示遠離空間參考點的空間界限。,起
為止,表示遠離空間參考點的空間界限。,起
為止,表示遠離空間參考點的空間界限。,開始
烈,形容多而熱烈。,衰
烈,形容多而熱烈。,衰
烏,形容色譜上最暗，可以吸收所有光線的。,粉
烏,形容色譜上最暗，可以吸收所有光線的。,白
烏,形容色譜上最暗，可以吸收所有光線的。,素
烏,形容色譜上最暗，可以吸收所有光線的。,白
烏,形容色譜上最暗，可以吸收所有光線的。,粉
烏,形容色譜上最暗，可以吸收所有光線的。,素
焚,形容溫度高或感覺溫度高的。,冷
焚,形容溫度高或感覺溫度高的。,寒
焚,形容溫度高或感覺溫度高的。,冷
焚,形容溫度高或感覺溫度高的。,寒
焚,形容溫度高或感覺溫度高的。,冷
焚,形容溫度高或感覺溫度高的。,寒
無,不擁有後述對象。,有
無,不擁有後述對象。,保有
無,不擁有後述對象。,占有
無,不擁有後述對象。,持有
無,不擁有後述對象。,持
無,不擁有後述對象。,保有
無,不擁有後述對象。,持有
無,不擁有後述對象。,保有
無,不擁有後述對象。,持有
無,不擁有後述對象。,有
無,不擁有後述對象。,占有
無,不擁有後述對象。,持
無,後述對象不存在。,有
無,後述對象不存在。,有
無心,形容不具有特定意圖的。,有心
無心,形容不具有特定意圖的。,有心
無所謂,形容沒有太大影響。,在意
無所謂,形容沒有太大影響。,在乎
無所謂,形容沒有太大影響。,在意
無所謂,形容沒有太大影響。,在乎
無線,形容訊號不經由導線傳送的。,有線
無線,形容訊號不經由導線傳送的。,有線
無聲,形容沒有聲音的。,有聲
熟,形容食材煮到可以食用的程度。,生
熟,形容食材煮到可以食用的程度。,生
熟,形容果實發育到可以立即食用的程度。,生
熟,形容經過物理或化學加工製造的。,生
熟,形容經過物理或化學加工製造的。,生
熟,擁有豐富的經驗與技術。,生疏
熟,擁有豐富的經驗與技術。,疏
熟,擁有豐富的經驗與技術。,生
熟,擁有豐富的經驗與技術。,生疏
熟,擁有豐富的經驗與技術。,疏
熟,擁有豐富的經驗與技術。,生疏
熟,擁有豐富的經驗與技術。,生
熟,形容因為經常進行後述事件而有充分的知識。,生
熟,形容因為經常進行後述事件而有充分的知識。,陌生
熟,形容因為經常進行後述事件而有充分的知識。,生疏
熟,形容因為經常進行後述事件而有充分的知識。,陌生
熟,形容因為經常進行後述事件而有充分的知識。,生
熟,形容因為經常進行後述事件而有充分的知識。,生疏
熟,形容經常接觸特定對象而有交情。,陌生
熟,形容經常接觸特定對象而有交情。,疏
熟,形容經常接觸特定對象而有交情。,生
熟,形容經常接觸特定對象而有交情。,生疏
熟,形容經常接觸特定對象而有交情。,陌生
熟,形容經常接觸特定對象而有交情。,生疏
熟,形容經常接觸特定對象而有交情。,陌生
熟,形容經常接觸特定對象而有交情。,疏
熟,形容經常接觸特定對象而有交情。,生疏
熟,形容經常接觸特定對象而有交情。,生
熟悉,因為經常進行後述事件而有充分的知識。,陌生
熟悉,因為經常進行後述事件而有充分的知識。,疏
熟悉,因為經常進行後述事件而有充分的知識。,生
熟悉,因為經常進行後述事件而有充分的知識。,生疏
熟悉,經常接觸特定對象而有交情。,生
熟悉,經常接觸特定對象而有交情。,生疏
熟悉,經常接觸特定對象而有交情。,陌生
熟悉,經常接觸特定對象而有交情。,疏
熟悉,經常接觸特定對象而有交情。,生疏
熟悉,經常接觸特定對象而有交情。,陌生
熟悉,經常接觸特定對象而有交情。,陌生
熟悉,經常接觸特定對象而有交情。,生
熟悉,經常接觸特定對象而有交情。,生疏
熱,形容溫度高或感覺溫度高的。,冷
熱,形容溫度高或感覺溫度高的。,冷
熱,形容溫度高或感覺溫度高的。,寒
熱,形容溫度高或感覺溫度高的。,寒
熱,形容溫度升高或感覺溫度升高的。,冷
熱,形容溫度升高或感覺溫度升高的。,寒
熱,形容溫度升高或感覺溫度升高的。,冷
熱,形容溫度升高或感覺溫度升高的。,寒
熱,使物體吸收熱量而增加溫度。,冷
熱,使物體吸收熱量而增加溫度。,冷卻
熱,使物體吸收熱量而增加溫度。,冷卻
熱,使物體吸收熱量而增加溫度。,冷卻
熱,使物體吸收熱量而增加溫度。,冷
熱,形容比喻熱情的。,冷
熱,形容比喻熱情的。,冷
熱,形容比喻多而熱烈的。,冷
熱,形容比喻多而熱烈的。,冷清
熱,形容比喻多而熱烈的。,冷
熱,形容比喻多而熱烈的。,冷
熱,形容比喻多而熱烈的。,冷
熱,形容比喻多而熱烈的。,冷清
熱,形容比喻交易熱絡的。,淡
熱,形容比喻交易熱絡的。,淡
熱,形容比喻很多人使用或喜歡的。,冷門
熱,形容比喻很多人使用或喜歡的。,冷門
熱,比喻使氣氛熱烈起來。,冷場
熱,比喻使氣氛熱烈起來。,冷場
熱情,形容對人事物充滿情感且互動投入。,冷淡
熱情,形容對人事物充滿情感且互動投入。,冷漠
熱情,形容對人事物充滿情感且互動投入。,冷
熱情,形容對人事物充滿情感且互動投入。,冷淡
熱情,形容對人事物充滿情感且互動投入。,冷漠
熱情,形容對人事物充滿情感且互動投入。,冷
熱門,形容比喻很多人使用或喜歡的。,冷
熱門,形容比喻很多人使用或喜歡的。,爆冷門
熱門,形容比喻很多人使用或喜歡的。,冷
熱門,形容比喻很多人使用或喜歡的。,爆冷門
熾,形容溫度高或感覺溫度高的。,冷
熾,形容溫度高或感覺溫度高的。,寒
熾,形容溫度高或感覺溫度高的。,冷
熾,形容溫度高或感覺溫度高的。,寒
熾,形容溫度高或感覺溫度高的。,冷
熾,形容溫度高或感覺溫度高的。,寒
熾,形容狀態處在正面發展的。,衰
熾,形容狀態處在正面發展的。,衰
熾,形容狀態處在正面發展的。,衰
燒,使物體吸收熱量而增加溫度。,冷
燒,使物體吸收熱量而增加溫度。,冷卻
燒,使物體吸收熱量而增加溫度。,冷卻
燒,使物體吸收熱量而增加溫度。,冷卻
燒,使物體吸收熱量而增加溫度。,冷
燙,使物體吸收熱量而增加溫度。,冷
燙,使物體吸收熱量而增加溫度。,冷卻
燙,使物體吸收熱量而增加溫度。,冷卻
燙,使物體吸收熱量而增加溫度。,冷卻
燙,使物體吸收熱量而增加溫度。,冷
爆冷門,形容比喻競爭中出意料之外得勝的狀態。,熱門
爆冷門,形容比喻競爭中出意料之外得勝的狀態。,冷門
爆冷門,形容比喻競爭中出意料之外得勝的狀態。,熱門
爆冷門,形容比喻競爭中出意料之外得勝的狀態。,冷門
父,子女對生育自己的男子的指稱，或指在家庭關係中扮演父親角色的男子。,阿媽
父,子女對生育自己的男子的指稱，或指在家庭關係中扮演父親角色的男子。,母
父,子女對生育自己的男子的指稱，或指在家庭關係中扮演父親角色的男子。,母親
父,子女對生育自己的男子的指稱，或指在家庭關係中扮演父親角色的男子。,媽媽
父,子女對生育自己的男子的指稱，或指在家庭關係中扮演父親角色的男子。,娘
父,子女對生育自己的男子的指稱，或指在家庭關係中扮演父親角色的男子。,媽
父,子女對生育自己的男子的指稱，或指在家庭關係中扮演父親角色的男子。,老娘
父,子女對生育自己的男子的指稱，或指在家庭關係中扮演父親角色的男子。,媽媽
父,子女對生育自己的男子的指稱，或指在家庭關係中扮演父親角色的男子。,阿媽
父,子女對生育自己的男子的指稱，或指在家庭關係中扮演父親角色的男子。,老娘
父,子女對生育自己的男子的指稱，或指在家庭關係中扮演父親角色的男子。,母
父,子女對生育自己的男子的指稱，或指在家庭關係中扮演父親角色的男子。,母親
父,子女對生育自己的男子的指稱，或指在家庭關係中扮演父親角色的男子。,媽
父,子女對生育自己的男子的指稱，或指在家庭關係中扮演父親角色的男子。,娘
父,有子女的男子。,母親
父,有子女的男子。,娘
父,有子女的男子。,媽
父,有子女的男子。,媽媽
父,有子女的男子。,母
父,有子女的男子。,媽媽
父,有子女的男子。,母親
父,有子女的男子。,媽
父,有子女的男子。,娘
父,有子女的男子。,母
父親,子女對生育自己的男子的指稱，或指在家庭關係中扮演父親角色的男子。,阿媽
父親,子女對生育自己的男子的指稱，或指在家庭關係中扮演父親角色的男子。,母
父親,子女對生育自己的男子的指稱，或指在家庭關係中扮演父親角色的男子。,母親
父親,子女對生育自己的男子的指稱，或指在家庭關係中扮演父親角色的男子。,媽媽
父親,子女對生育自己的男子的指稱，或指在家庭關係中扮演父親角色的男子。,娘
父親,子女對生育自己的男子的指稱，或指在家庭關係中扮演父親角色的男子。,媽
父親,子女對生育自己的男子的指稱，或指在家庭關係中扮演父親角色的男子。,老娘
父親,子女對生育自己的男子的指稱，或指在家庭關係中扮演父親角色的男子。,媽媽
父親,子女對生育自己的男子的指稱，或指在家庭關係中扮演父親角色的男子。,阿媽
父親,子女對生育自己的男子的指稱，或指在家庭關係中扮演父親角色的男子。,老娘
父親,子女對生育自己的男子的指稱，或指在家庭關係中扮演父親角色的男子。,母
父親,子女對生育自己的男子的指稱，或指在家庭關係中扮演父親角色的男子。,母親
父親,子女對生育自己的男子的指稱，或指在家庭關係中扮演父親角色的男子。,媽
父親,子女對生育自己的男子的指稱，或指在家庭關係中扮演父親角色的男子。,娘
父親,有子女的男子。,母
父親,有子女的男子。,娘
父親,有子女的男子。,媽
父親,有子女的男子。,媽媽
父親,有子女的男子。,母親
父親,有子女的男子。,媽媽
父親,有子女的男子。,母
父親,有子女的男子。,媽
父親,有子女的男子。,娘
父親,有子女的男子。,母親
爸,子女對生育自己的男子的指稱，或指在家庭關係中扮演父親角色的男子。,阿媽
爸,子女對生育自己的男子的指稱，或指在家庭關係中扮演父親角色的男子。,母
爸,子女對生育自己的男子的指稱，或指在家庭關係中扮演父親角色的男子。,母親
爸,子女對生育自己的男子的指稱，或指在家庭關係中扮演父親角色的男子。,老娘
爸,子女對生育自己的男子的指稱，或指在家庭關係中扮演父親角色的男子。,媽
爸,子女對生育自己的男子的指稱，或指在家庭關係中扮演父親角色的男子。,媽媽
爸,子女對生育自己的男子的指稱，或指在家庭關係中扮演父親角色的男子。,娘
爸,子女對生育自己的男子的指稱，或指在家庭關係中扮演父親角色的男子。,媽媽
爸,子女對生育自己的男子的指稱，或指在家庭關係中扮演父親角色的男子。,阿媽
爸,子女對生育自己的男子的指稱，或指在家庭關係中扮演父親角色的男子。,老娘
爸,子女對生育自己的男子的指稱，或指在家庭關係中扮演父親角色的男子。,母
爸,子女對生育自己的男子的指稱，或指在家庭關係中扮演父親角色的男子。,母親
爸,子女對生育自己的男子的指稱，或指在家庭關係中扮演父親角色的男子。,媽
爸,子女對生育自己的男子的指稱，或指在家庭關係中扮演父親角色的男子。,娘
爸,有子女的男子。,母親
爸,有子女的男子。,娘
爸,有子女的男子。,媽媽
爸,有子女的男子。,母
爸,有子女的男子。,媽
爸,有子女的男子。,媽媽
爸,有子女的男子。,母
爸,有子女的男子。,母親
爸,有子女的男子。,娘
爸,有子女的男子。,媽
爸爸,子女對生育自己的男子的指稱，或指在家庭關係中扮演父親角色的男子。,阿媽
爸爸,子女對生育自己的男子的指稱，或指在家庭關係中扮演父親角色的男子。,母
爸爸,子女對生育自己的男子的指稱，或指在家庭關係中扮演父親角色的男子。,母親
爸爸,子女對生育自己的男子的指稱，或指在家庭關係中扮演父親角色的男子。,老娘
爸爸,子女對生育自己的男子的指稱，或指在家庭關係中扮演父親角色的男子。,媽
爸爸,子女對生育自己的男子的指稱，或指在家庭關係中扮演父親角色的男子。,媽媽
爸爸,子女對生育自己的男子的指稱，或指在家庭關係中扮演父親角色的男子。,娘
爸爸,子女對生育自己的男子的指稱，或指在家庭關係中扮演父親角色的男子。,媽媽
爸爸,子女對生育自己的男子的指稱，或指在家庭關係中扮演父親角色的男子。,阿媽
爸爸,子女對生育自己的男子的指稱，或指在家庭關係中扮演父親角色的男子。,老娘
爸爸,子女對生育自己的男子的指稱，或指在家庭關係中扮演父親角色的男子。,母
爸爸,子女對生育自己的男子的指稱，或指在家庭關係中扮演父親角色的男子。,母親
爸爸,子女對生育自己的男子的指稱，或指在家庭關係中扮演父親角色的男子。,媽
爸爸,子女對生育自己的男子的指稱，或指在家庭關係中扮演父親角色的男子。,娘
爸爸,有子女的男子。,母親
爸爸,有子女的男子。,娘
爸爸,有子女的男子。,母
爸爸,有子女的男子。,媽
爸爸,有子女的男子。,媽媽
爸爸,有子女的男子。,媽媽
爸爸,有子女的男子。,母
爸爸,有子女的男子。,母親
爸爸,有子女的男子。,媽
爸爸,有子女的男子。,娘
爹,子女對生育自己的男子的指稱，或指在家庭關係中扮演父親角色的男子。,阿媽
爹,子女對生育自己的男子的指稱，或指在家庭關係中扮演父親角色的男子。,母
爹,子女對生育自己的男子的指稱，或指在家庭關係中扮演父親角色的男子。,母親
爹,子女對生育自己的男子的指稱，或指在家庭關係中扮演父親角色的男子。,媽媽
爹,子女對生育自己的男子的指稱，或指在家庭關係中扮演父親角色的男子。,娘
爹,子女對生育自己的男子的指稱，或指在家庭關係中扮演父親角色的男子。,媽
爹,子女對生育自己的男子的指稱，或指在家庭關係中扮演父親角色的男子。,老娘
爹,子女對生育自己的男子的指稱，或指在家庭關係中扮演父親角色的男子。,媽媽
爹,子女對生育自己的男子的指稱，或指在家庭關係中扮演父親角色的男子。,阿媽
爹,子女對生育自己的男子的指稱，或指在家庭關係中扮演父親角色的男子。,老娘
爹,子女對生育自己的男子的指稱，或指在家庭關係中扮演父親角色的男子。,母
爹,子女對生育自己的男子的指稱，或指在家庭關係中扮演父親角色的男子。,母親
爹,子女對生育自己的男子的指稱，或指在家庭關係中扮演父親角色的男子。,媽
爹,子女對生育自己的男子的指稱，或指在家庭關係中扮演父親角色的男子。,娘
爹,有子女的男子。,母親
爹,有子女的男子。,母
爹,有子女的男子。,媽
爹,有子女的男子。,媽媽
爹,有子女的男子。,娘
爹,有子女的男子。,媽媽
爹,有子女的男子。,母
爹,有子女的男子。,母親
爹,有子女的男子。,媽
爹,有子女的男子。,娘
爺,子女對生育自己的男子的指稱，或指在家庭關係中扮演父親角色的男子。,阿媽
爺,子女對生育自己的男子的指稱，或指在家庭關係中扮演父親角色的男子。,母
爺,子女對生育自己的男子的指稱，或指在家庭關係中扮演父親角色的男子。,母親
爺,子女對生育自己的男子的指稱，或指在家庭關係中扮演父親角色的男子。,老娘
爺,子女對生育自己的男子的指稱，或指在家庭關係中扮演父親角色的男子。,媽
爺,子女對生育自己的男子的指稱，或指在家庭關係中扮演父親角色的男子。,媽媽
爺,子女對生育自己的男子的指稱，或指在家庭關係中扮演父親角色的男子。,娘
爺,子女對生育自己的男子的指稱，或指在家庭關係中扮演父親角色的男子。,媽媽
爺,子女對生育自己的男子的指稱，或指在家庭關係中扮演父親角色的男子。,阿媽
爺,子女對生育自己的男子的指稱，或指在家庭關係中扮演父親角色的男子。,母
爺,子女對生育自己的男子的指稱，或指在家庭關係中扮演父親角色的男子。,母親
爺,子女對生育自己的男子的指稱，或指在家庭關係中扮演父親角色的男子。,老娘
爺,子女對生育自己的男子的指稱，或指在家庭關係中扮演父親角色的男子。,媽
爺,子女對生育自己的男子的指稱，或指在家庭關係中扮演父親角色的男子。,娘
爺,對有孫子的男子的指稱。,奶
爺,對有孫子的男子的指稱。,婆
爺,對有孫子的男子的指稱。,婆
爺,對有孫子的男子的指稱。,奶
爺,有孫子的男子。,奶
爺,有孫子的男子。,婆
爺,有孫子的男子。,婆
爺,有孫子的男子。,奶
爺,對親屬中與祖父同輩的男子的稱呼。,奶
爺,對親屬中與祖父同輩的男子的稱呼。,婆
爺,對親屬中與祖父同輩的男子的稱呼。,婆
爺,對親屬中與祖父同輩的男子的稱呼。,奶
爺,對與祖父年紀相仿的一般年長男子的尊稱。,婆
爺,對與祖父年紀相仿的一般年長男子的尊稱。,奶
爺,對與祖父年紀相仿的一般年長男子的尊稱。,婆
爺,對與祖父年紀相仿的一般年長男子的尊稱。,奶
爺,民間對所信仰的男性神明的稱呼。,婆
爺,民間對所信仰的男性神明的稱呼。,媽
爺,民間對所信仰的男性神明的稱呼。,娘
爺,民間對所信仰的男性神明的稱呼。,娘
爺,民間對所信仰的男性神明的稱呼。,婆
爺,民間對所信仰的男性神明的稱呼。,妃
爺,民間對所信仰的男性神明的稱呼。,媽
爺,民間對所信仰的男性神明的稱呼。,娘
爺爺,對有孫子的男子的指稱。,婆
爺爺,對有孫子的男子的指稱。,奶
爺爺,對有孫子的男子的指稱。,婆
爺爺,對有孫子的男子的指稱。,奶
爺爺,有孫子的男子。,婆
爺爺,有孫子的男子。,奶
爺爺,有孫子的男子。,婆
爺爺,有孫子的男子。,奶
爺爺,對與祖父年紀相仿的一般年長男子的尊稱。,婆
爺爺,對與祖父年紀相仿的一般年長男子的尊稱。,奶
爺爺,對與祖父年紀相仿的一般年長男子的尊稱。,婆
爺爺,對與祖父年紀相仿的一般年長男子的尊稱。,奶
特,表為特定目的做特定事件。,順道
特,表為特定目的做特定事件。,順便
特,表為特定目的做特定事件。,順道
特,表為特定目的做特定事件。,順道
特,形容除了人以外的動物中能產生精細胞的性別。,雌
特,形容除了人以外的動物中能產生精細胞的性別。,母
特,形容除了人以外的動物中能產生精細胞的性別。,雌
特,形容除了人以外的動物中能產生精細胞的性別。,母
特別,表為特定目的做特定事件。,順道
特別,表為特定目的做特定事件。,順便
特別,表為特定目的做特定事件。,順道
特別,表為特定目的做特定事件。,順道
特地,表為特定目的做特定事件。,順道
特地,表為特定目的做特定事件。,順便
特地,表為特定目的做特定事件。,順道
特地,表為特定目的做特定事件。,順道
特意,表為特定目的做特定事件。,順道
特意,表為特定目的做特定事件。,順便
特意,表為特定目的做特定事件。,順道
特意,表為特定目的做特定事件。,順道
犁,形容色譜上最暗，可以吸收所有光線的。,白
犁,形容色譜上最暗，可以吸收所有光線的。,素
犁,形容色譜上最暗，可以吸收所有光線的。,粉
犁,形容色譜上最暗，可以吸收所有光線的。,白
犁,形容色譜上最暗，可以吸收所有光線的。,粉
犁,形容色譜上最暗，可以吸收所有光線的。,素
狹,形容同一物體兩端點之間的寬度小。,寬
狹,形容同一物體兩端點之間的寬度小。,寬
狹,形容比喻事件的範圍小。,寬
狹,形容比喻事件的範圍小。,寬
狹,形容比喻度量小，不能容忍。,寬
狹,形容比喻度量小，不能容忍。,大量
狹,形容比喻度量小，不能容忍。,大量
狹,形容比喻度量小，不能容忍。,大量
狹,形容比喻度量小，不能容忍。,寬
狹幅,表改變的程度很小。,大幅度
狹幅,表改變的程度很小。,大幅
狹幅,表改變的程度很小。,大幅度
狹幅,表改變的程度很小。,大幅
狹義,範圍比較狹窄的定義。,廣
狹隘,形容比喻事件的範圍小。,寬
狹隘,形容比喻度量小，不能容忍。,大量
狹隘,形容比喻度量小，不能容忍。,寬
獨立,形容不依靠其它對象。,依賴
獨立,形容不依靠其它對象。,仰賴
獨立,形容不依靠其它對象。,依賴
獨立,形容不依靠其它對象。,仰賴
獨立,形容不依靠其它對象。,賴
獨立,形容不依靠其它對象。,仰
生,形容生命持續。,死亡
生,形容生命持續。,死亡
生,形容生命持續。,亡
生,形容生命持續。,亡
生,形容生命持續。,逝
生,形容生命持續。,走
生,形容生命持續。,回去
生,形容生命持續。,死掉
生,形容生命持續。,掛
生,形容生命持續。,死
生,形容生命持續。,死
生,形容生命持續。,過去
生,形容生命持續。,去
生,形容生命持續。,弱
生,形容生命持續。,歿
生,形容生命持續。,斃
生,形容生命持續。,離開
生,形容生命持續。,過往
生,形容果實還未成熟到可以立即食用。,熟
生,形容果實還未成熟到可以立即食用。,成熟
生,形容果實還未成熟到可以立即食用。,熟
生,形容果實還未成熟到可以立即食用。,成熟
生,形容果實還未成熟到可以立即食用。,成熟
生,形容果實還未成熟到可以立即食用。,熟
生,形容食材未經過烹煮。,熟
生,形容食材未經過烹煮。,熟
生,形容未經過物理或化學加工製造的。,熟
生,形容未經過物理或化學加工製造的。,熟
生,形容比喻因缺乏使用而失去技能。,熟
生,形容比喻因缺乏使用而失去技能。,嫻熟
生,形容比喻因缺乏使用而失去技能。,純
生,形容比喻因缺乏使用而失去技能。,練
生,形容比喻因缺乏使用而失去技能。,嫻熟
生,形容比喻因缺乏使用而失去技能。,純
生,形容比喻因缺乏使用而失去技能。,練
生,形容比喻因缺乏使用而失去技能。,熟
生,形容比喻因缺乏使用而失去技能。,嫻熟
生,形容因為不常進行後述事件而沒有充分的知識。,熟
生,形容因為不常進行後述事件而沒有充分的知識。,熟悉
生,形容因為不常進行後述事件而沒有充分的知識。,熟悉
生,形容因為不常進行後述事件而沒有充分的知識。,熟
生,形容因為不常進行後述事件而沒有充分的知識。,熟悉
生,形容未經常接觸特定對象而沒有交情的。,熟
生,形容未經常接觸特定對象而沒有交情的。,熟悉
生,形容未經常接觸特定對象而沒有交情的。,熟
生,形容未經常接觸特定對象而沒有交情的。,熟悉
生前,人在死之前，還活著的時間。,身後
生前,人在死之前，還活著的時間。,身後
生存,形容生命持續。,死亡
生存,形容生命持續。,死亡
生存,形容生命持續。,逝
生存,形容生命持續。,亡
生存,形容生命持續。,亡
生存,形容生命持續。,走
生存,形容生命持續。,回去
生存,形容生命持續。,死掉
生存,形容生命持續。,死
生存,形容生命持續。,死
生存,形容生命持續。,掛
生存,形容生命持續。,過去
生存,形容生命持續。,去
生存,形容生命持續。,弱
生存,形容生命持續。,歿
生存,形容生命持續。,斃
生存,形容生命持續。,離去
生存,形容生命持續。,離去
生存,形容生命持續。,離開
生存,形容生命持續。,離開
生存,形容生命持續。,過往
生疏,因缺乏使用而失去技能。,純
生疏,因缺乏使用而失去技能。,練
生疏,因缺乏使用而失去技能。,嫻熟
生疏,因缺乏使用而失去技能。,熟
生疏,形容因為不常進行後述事件而沒有充分的知識。,熟
生疏,形容因為不常進行後述事件而沒有充分的知識。,熟悉
生疏,形容因為不常進行後述事件而沒有充分的知識。,熟悉
生疏,形容因為不常進行後述事件而沒有充分的知識。,熟
生疏,形容因為不常進行後述事件而沒有充分的知識。,熟悉
生疏,形容因為不常進行後述事件而沒有充分的知識。,嫻熟
生疏,形容未經常接觸特定對象而沒有交情的。,熟
生疏,形容未經常接觸特定對象而沒有交情的。,熟悉
男,能產生精細胞使女子受孕生產的人。,女
男,能產生精細胞使女子受孕生產的人。,女性
男,能產生精細胞使女子受孕生產的人。,女生
男,能產生精細胞使女子受孕生產的人。,女人
男,能產生精細胞使女子受孕生產的人。,女子
男,能產生精細胞使女子受孕生產的人。,女生
男,能產生精細胞使女子受孕生產的人。,女
男,能產生精細胞使女子受孕生產的人。,女性
男,能產生精細胞使女子受孕生產的人。,女人
男,能產生精細胞使女子受孕生產的人。,女子
男,能產生精細胞使女子受孕生產的動物。,女
男,能產生精細胞使女子受孕生產的動物。,女性
男,能產生精細胞使女子受孕生產的動物。,女生
男,能產生精細胞使女子受孕生產的動物。,女生
男,能產生精細胞使女子受孕生產的動物。,女
男,能產生精細胞使女子受孕生產的動物。,女性
男,形容人之中能產生精細胞使女子受孕生產的性別。,女
男,形容人之中能產生精細胞使女子受孕生產的性別。,女
男,形容動物中能產生精細胞使雌性動物受孕生產的性別。,女
男,形容動物中能產生精細胞使雌性動物受孕生產的性別。,女
男,形容專門設計給男子使用的。,女
男,形容專門設計給男子使用的。,女子
男,形容專門設計給男子使用的。,女
男,形容專門設計給男子使用的。,女子
男,父母對自己所生育的男性後代的指稱。,女兒
男,父母對自己所生育的男性後代的指稱。,女
男,父母對自己所生育的男性後代的指稱。,女生
男,父母對自己所生育的男性後代的指稱。,女生
男,父母對自己所生育的男性後代的指稱。,女
男,父母對自己所生育的男性後代的指稱。,女兒
男人,能產生精細胞使女子受孕生產的人。,女
男人,能產生精細胞使女子受孕生產的人。,女生
男人,能產生精細胞使女子受孕生產的人。,女性
男人,能產生精細胞使女子受孕生產的人。,女人
男人,能產生精細胞使女子受孕生產的人。,女子
男人,能產生精細胞使女子受孕生產的人。,女生
男人,能產生精細胞使女子受孕生產的人。,女
男人,能產生精細胞使女子受孕生產的人。,女性
男人,能產生精細胞使女子受孕生產的人。,女人
男人,能產生精細胞使女子受孕生產的人。,女子
男人,成年男子。,女人
男人,成年男子。,婦
男人,成年男子。,女人
男人,成年男子。,婦
男人,女子的配偶或接近配偶關係的男性伴侶。,女人
男人,女子的配偶或接近配偶關係的男性伴侶。,女人
男人,形容具有男子特質的。,女生
男人,形容具有男子特質的。,女性
男人,形容具有男子特質的。,女人
男人,形容具有男子特質的。,女生
男人,形容具有男子特質的。,女性
男人,形容具有男子特質的。,女人
男士,在社交上對男子的尊稱。,女士
男子,能產生精細胞使女子受孕生產的人。,女子
男子,能產生精細胞使女子受孕生產的人。,女
男子,能產生精細胞使女子受孕生產的人。,女性
男子,能產生精細胞使女子受孕生產的人。,女生
男子,能產生精細胞使女子受孕生產的人。,女人
男子,能產生精細胞使女子受孕生產的人。,女生
男子,能產生精細胞使女子受孕生產的人。,女子
男子,能產生精細胞使女子受孕生產的人。,女
男子,能產生精細胞使女子受孕生產的人。,女性
男子,能產生精細胞使女子受孕生產的人。,女人
男子,形容專門設計給男子使用的。,女子
男子,形容專門設計給男子使用的。,女
男子,形容專門設計給男子使用的。,女子
男子,形容專門設計給男子使用的。,女
男子,形容專門給男子參加的。,女子
男子,形容專門給男子參加的。,女子
男性,能產生精細胞使女子受孕生產的人。,女
男性,能產生精細胞使女子受孕生產的人。,女生
男性,能產生精細胞使女子受孕生產的人。,女性
男性,能產生精細胞使女子受孕生產的人。,女人
男性,能產生精細胞使女子受孕生產的人。,女子
男性,能產生精細胞使女子受孕生產的人。,女生
男性,能產生精細胞使女子受孕生產的人。,女
男性,能產生精細胞使女子受孕生產的人。,女性
男性,能產生精細胞使女子受孕生產的人。,女人
男性,能產生精細胞使女子受孕生產的人。,女子
男性,能產生精細胞使女子受孕生產的動物。,女
男性,能產生精細胞使女子受孕生產的動物。,女生
男性,能產生精細胞使女子受孕生產的動物。,女性
男性,能產生精細胞使女子受孕生產的動物。,女生
男性,能產生精細胞使女子受孕生產的動物。,女
男性,能產生精細胞使女子受孕生產的動物。,女性
男性,形容具有男子特質的。,女生
男性,形容具有男子特質的。,女性
男性,形容具有男子特質的。,女人
男性,形容具有男子特質的。,女生
男性,形容具有男子特質的。,女性
男性,形容具有男子特質的。,女人
男生,能產生精細胞使女子受孕生產的人。,女
男生,能產生精細胞使女子受孕生產的人。,女生
男生,能產生精細胞使女子受孕生產的人。,女性
男生,能產生精細胞使女子受孕生產的人。,女人
男生,能產生精細胞使女子受孕生產的人。,女子
男生,能產生精細胞使女子受孕生產的人。,女生
男生,能產生精細胞使女子受孕生產的人。,女
男生,能產生精細胞使女子受孕生產的人。,女性
男生,能產生精細胞使女子受孕生產的人。,女性
男生,能產生精細胞使女子受孕生產的人。,女人
男生,能產生精細胞使女子受孕生產的人。,女子
男生,能產生精細胞使女子受孕生產的動物。,女
男生,能產生精細胞使女子受孕生產的動物。,女生
男生,能產生精細胞使女子受孕生產的動物。,女性
男生,能產生精細胞使女子受孕生產的動物。,女生
男生,能產生精細胞使女子受孕生產的動物。,女
男生,父母對自己所生育的男性後代的指稱。,女
男生,父母對自己所生育的男性後代的指稱。,女生
男生,父母對自己所生育的男性後代的指稱。,女兒
男生,父母對自己所生育的男性後代的指稱。,女生
男生,父母對自己所生育的男性後代的指稱。,女
男生,父母對自己所生育的男性後代的指稱。,女兒
男生,形容具有男子特質的。,女生
男生,形容具有男子特質的。,女性
男生,形容具有男子特質的。,女人
男生,形容具有男子特質的。,女生
男生,形容具有男子特質的。,女性
男生,形容具有男子特質的。,女人
男生,男學生。,女生
男生,男學生。,女生
畫,書寫筆畫的一種，呈由左往右的直線。,直
畫,書寫筆畫的一種，呈由左往右的直線。,直
異,形容有差別的。,相同
異,形容有差別的。,同
異,形容有差別的。,同
異,形容有差別的。,一樣
異,形容有差別的。,平
異,形容有差別的。,同一
異國,自己國家以外的其他國家。,國內
異國,自己國家以外的其他國家。,國內
異國,自己國家以外的其他國家。,土
異國,自己國家以外的其他國家的地方。,國內
異常,形容不正常。,正常
異常,形容不正常。,正常
疏,形容同類物體之間間隔大的。,密
疏,形容同類物體之間間隔大的。,密
疏,形容同類物體之間間隔變大的。,密
疏,形容同類物體之間間隔變大的。,密
疏,形容結構不緊實，有許多空隙。,實
疏,形容結構不緊實，有許多空隙。,實
疏,形容特定事件在特定時段內發生次數少。,密
疏,形容特定事件在特定時段內發生次數少。,密
疏,形容比喻不嚴格。,密
疏,形容比喻不嚴格。,緊
疏,形容比喻不嚴格。,嚴
疏,形容比喻不嚴格。,嚴格
疏,形容比喻不嚴格。,密切
疏,形容比喻不嚴格。,嚴
疏,形容比喻不嚴格。,密
疏,形容比喻不嚴格。,緊
疏,形容比喻不嚴格。,嚴
疏,形容比喻不嚴格。,嚴格
疏,形容比喻不嚴格。,密切
疏,形容因缺乏使用而失去技能。,熟
疏,形容因缺乏使用而失去技能。,嫻熟
疏,形容因缺乏使用而失去技能。,純
疏,形容因缺乏使用而失去技能。,練
疏,形容因缺乏使用而失去技能。,嫻熟
疏,形容因缺乏使用而失去技能。,純
疏,形容因缺乏使用而失去技能。,練
疏,形容因缺乏使用而失去技能。,嫻熟
疏,形容因缺乏使用而失去技能。,熟
疏,形容未經常接觸特定對象而沒有交情的。,熟
疏,形容未經常接觸特定對象而沒有交情的。,熟悉
疏,形容未經常接觸特定對象而沒有交情的。,熟悉
疏,形容未經常接觸特定對象而沒有交情的。,熟
疏,形容未經常接觸特定對象而沒有交情的。,熟悉
疾,表快速而猛烈的。,緩
疾,表快速而猛烈的。,徐
疾,表快速而猛烈的。,冉
疾,表快速而猛烈的。,緩慢
疾,表快速而猛烈的。,緩
疾,表快速而猛烈的。,徐
疾,表快速而猛烈的。,冉
疾,表快速而猛烈的。,緩慢
瘦,形容體型比正常小或體重比正常輕的。,胖
瘦,形容體型比正常小或體重比正常輕的。,胖
瘦,形容體型比正常小或體重比正常輕的。,腫
瘦,形容體型比正常小或體重比正常輕的。,肥
瘦,形容體型比正常小或體重比正常輕的。,肥
瘦,形容體型變小或體重變輕的。,胖
瘦,形容體型變小或體重變輕的。,肥
瘦,形容體型變小或體重變輕的。,胖
瘦,形容體型變小或體重變輕的。,肥
瘦,使身體特定部位肉變少。,胖
瘦,使身體特定部位肉變少。,肥
瘦,使身體特定部位肉變少。,胖
瘦,使身體特定部位肉變少。,肥
瘦,形容衣服尺寸比較小。,肥
瘦,形容衣服尺寸比較小。,肥
瘦,形容肉類食物油脂很少。,肥
瘦,形容肉類食物油脂很少。,肥
瘦,形容物體體型細而長。,胖
瘦,形容物體體型細而長。,肥
瘦,形容物體體型細而長。,嘟
瘦,形容物體體型細而長。,胖
瘦,形容物體體型細而長。,肥
瘦,形容物體體型細而長。,嘟
瘦,形容比喻財產減少。,肥
瘦,形容比喻財產減少。,飽
瘦,形容比喻財產減少。,脹
瘦,形容比喻財產減少。,飽
瘦,形容比喻財產減少。,肥
瘦,形容比喻財產減少。,脹
瘦,形容比喻食物熱量低。,胖
瘦,形容比喻食物熱量低。,肥
瘦,形容比喻食物熱量低。,胖
瘦,形容比喻食物熱量低。,肥
瘦,比喻使財產減少。,肥
瘦,比喻使財產減少。,飽
瘦,比喻使財產減少。,飽
瘦,比喻使財產減少。,肥
瘦,形容比喻財產少。,飽
瘦,形容比喻財產少。,肥
瘦,形容比喻財產少。,脹
瘦,形容比喻財產少。,肥
瘦,形容比喻財產少。,飽
瘦,形容比喻財產少。,脹
瘦,形容字體筆畫較細的。,肥
瘦,形容字體筆畫較細的。,肥
登,進入交通工具並搭乘。,下
登,進入交通工具並搭乘。,下
登,進入交通工具並搭乘。,下
登台,進行表演或演講。,下台
登台,進行表演或演講。,下臺
登台,進行表演或演講。,下台
登台,進行表演或演講。,下臺
登臺,進行表演或演講。,下台
登臺,進行表演或演講。,下臺
登臺,進行表演或演講。,下台
登臺,進行表演或演講。,下臺
白,色譜上最明亮，可以反射所有光線的顏色。,黑
白,色譜上最明亮，可以反射所有光線的顏色。,皂
白,形容色譜上最明亮，可以反射所有光線的。,黑
白,形容色譜上最明亮，可以反射所有光線的。,烏
白,形容色譜上最明亮，可以反射所有光線的。,青
白,形容色譜上最明亮，可以反射所有光線的。,鴉
白,形容色譜上最明亮，可以反射所有光線的。,犁
白,形容色譜上最明亮，可以反射所有光線的。,皂
白,形容色譜上最明亮，可以反射所有光線的。,黑
白,形容色譜上最明亮，可以反射所有光線的。,烏
白,形容色譜上最明亮，可以反射所有光線的。,青
白,形容色譜上最明亮，可以反射所有光線的。,鴉
白,形容色譜上最明亮，可以反射所有光線的。,犁
白,形容色譜上最明亮，可以反射所有光線的。,皂
白,形容同類事物中顏色比較淺的。,黑
白,形容同類事物中顏色比較淺的。,黑
白,形容比喻正當團體，不屬於黑道的。,黑
白天,太陽升起到太陽下山的時間。,
白天,太陽升起到太陽下山的時間。,夜
白天,太陽升起到太陽下山的時間。,夜
皂,色譜上最暗，可以吸收所有光線的顏色。,白
皂,色譜上最暗，可以吸收所有光線的顏色。,白
皂,色譜上最暗，可以吸收所有光線的顏色。,白
皂,形容色譜上最暗，可以吸收所有光線的。,白
皂,形容色譜上最暗，可以吸收所有光線的。,素
皂,形容色譜上最暗，可以吸收所有光線的。,粉
皂,形容色譜上最暗，可以吸收所有光線的。,白
皂,形容色譜上最暗，可以吸收所有光線的。,粉
皂,形容色譜上最暗，可以吸收所有光線的。,素
的,兩個以上數值合併計算其和。,減
的,兩個以上數值合併計算其和。,減
的,兩個以上數值合併計算其和。,減
盈,形容眼睛所看到的月亮外形呈圓形。,虧
盈,形容眼睛所看到的月亮外形呈圓形。,虧
盈,形容眼睛所看到的月亮外形呈圓形。,虧
盈,在經濟活動中獲得扣除成本以外的利潤。,虧
盈,在經濟活動中獲得扣除成本以外的利潤。,貼
盈,在經濟活動中獲得扣除成本以外的利潤。,虧
盈,在經濟活動中獲得扣除成本以外的利潤。,貼
盈,形容經濟活動中收入多於支出的。,虧
盈,形容經濟活動中收入多於支出的。,虧
盈,形容經濟活動中收入多於支出的。,虧
盛,形容多而熱烈。,衰
盛,形容多而熱烈。,衰
盛,形容比喻交易熱絡的。,淡
盛,形容比喻交易熱絡的。,淡
盛,形容狀態處在正面發展的。,衰
直,形容不彎曲的。,彎
直,形容不彎曲的。,拐
直,形容不彎曲的。,曲
直,形容不彎曲的。,屈
直,形容不彎曲的。,彎
直,形容不彎曲的。,拐
直,形容不彎曲的。,曲
直,形容不彎曲的。,屈
直,表不經過中間程序。,輾轉
直,表不經過中間程序。,輾轉
直,書寫筆畫的一種，呈由上往下的直線。,橫
直,書寫筆畫的一種，呈由上往下的直線。,畫
直,書寫筆畫的一種，呈由上往下的直線。,劃
直,書寫筆畫的一種，呈由上往下的直線。,橫
直,書寫筆畫的一種，呈由上往下的直線。,畫
直,書寫筆畫的一種，呈由上往下的直線。,橫
直接,形容比喻不必透過媒介就能產生關連的。,間接
直接,形容比喻不必透過媒介就能產生關連的。,間接
直接,表不必透過其他媒介來做後述事件。,間接
直接,表不必透過其他媒介來做後述事件。,間接
相同,形容沒有差別的。,異
相同,形容沒有差別的。,不同
相同,形容沒有差別的。,異
相同,形容沒有差別的。,不同
相同,形容沒有差別的。,異
相同,形容沒有差別的。,不同
相對,形容面對面。,絕對
省,使後述對象的數量變少。,加
省,使後述對象的數量變少。,添
省,使後述對象的數量變少。,添
省,使後述對象的數量變少。,加
真,形容與客觀事實相符的。,假
真,形容與客觀事實相符的。,偽
真,形容與客觀事實相符的。,虛
真,形容經過品牌驗證或授權的。,假
真,形容經過品牌驗證或授權的。,仿
真,形容經過品牌驗證或授權的。,偽
真,形容經過品牌驗證或授權的。,假
真,形容經過品牌驗證或授權的。,偽
真,形容經過品牌驗證或授權的。,仿
真,形容具有實際功能與身份，非偽裝的。,假
真,形容具有實際功能與身份，非偽裝的。,仿
真,形容具有實際功能與身份，非偽裝的。,偽
真,形容具有實際功能與身份，非偽裝的。,假
真,形容具有實際功能與身份，非偽裝的。,偽
真,形容具有實際功能與身份，非偽裝的。,仿
真,形容物質自然生成，非人工合成的。,假
真,形容物質自然生成，非人工合成的。,仿
真,形容物質自然生成，非人工合成的。,偽
真,形容物質自然生成，非人工合成的。,假
真,形容物質自然生成，非人工合成的。,偽
真,形容物質自然生成，非人工合成的。,仿
真,形容強調說話者對後述描述內容的肯定。,假
真,形容強調說話者對後述描述內容的肯定。,偽
真,形容強調說話者對後述描述內容的肯定。,假
真,形容強調說話者對後述描述內容的肯定。,偽
真,形容未經過整型手術而維持原本器官外貌的。,假
真,形容未經過整型手術而維持原本器官外貌的。,偽
真,形容未經過整型手術而維持原本器官外貌的。,假
真,形容未經過整型手術而維持原本器官外貌的。,偽
真,形容與對象的原貌幾乎一樣的。,假
真,形容自然表現內心情感而不做作的。,假
真,形容有明確的主觀意識並確實執行的。,假
真,形容有明確的主觀意識並確實執行的。,假
真,形容對主事者有實質利益的。,假
真,形容對主事者有實質利益的。,假
真,真的對象。,假
真,真的對象。,偽
真,真的對象。,假
真,真的對象。,偽
真實,形容強調說話者對後述描述內容的肯定。,假
真實,形容強調說話者對後述描述內容的肯定。,偽
真實,形容強調說話者對後述描述內容的肯定。,假
真實,形容強調說話者對後述描述內容的肯定。,偽
真實,形容與客觀事實相符的。,假
真實,形容與客觀事實相符的。,偽
真實,形容與客觀事實相符的。,虛
眠,動物進入本能自發的週期性休息狀態。,醒
睏,動物進入本能自發的週期性休息狀態。,醒
睏,動物進入本能自發的週期性休息狀態。,醒
睡,動物進入本能自發的週期性休息狀態。,醒
睡,比喻機器進入休眠狀態。,醒
睡,比喻機器進入休眠狀態。,醒
睡覺,動物進入本能自發的週期性休息狀態。,醒
睡覺,比喻機器進入休眠狀態。,醒
睡覺,比喻機器進入休眠狀態。,醒
短,形容同一物體兩端點之間的長度小。,長
短,形容同一物體兩端點之間的長度小。,長
短,形容兩端點之間的路徑距離小。,長
短,形容兩端點之間的路徑距離小。,漫
短,形容兩端點之間的路徑距離小。,長
短,形容兩端點之間的路徑距離小。,漫
短,形容事件持續的時間間隔小。,長
短,形容事件持續的時間間隔小。,久
短,形容事件持續的時間間隔小。,漫
短,形容事件持續的時間間隔小。,長久
短,形容事件持續的時間間隔小。,長
短,形容事件持續的時間間隔小。,久
短,形容事件持續的時間間隔小。,漫
短,形容事件持續的時間間隔小。,長久
短,形容文本從開始到結束的字數少或篇幅小。,長
短,形容文本從開始到結束的字數少或篇幅小。,長
短,形容買賣時間差距小。,長
短,形容買賣時間差距小。,長
短,前述長度減少成等同後述長度。,長
短,前述長度減少成等同後述長度。,長
短,前述時間減少成等同後述時間。,長
短,前述時間減少成等同後述時間。,長
短,不夠好的特質。,長
短,不夠好的特質。,優點
短,不夠好的特質。,長
短,形容母音持續的時間間隔小。,長
短,形容母音持續的時間間隔小。,長
矮,形容物體從頂部到地面的距離小於比較對象的。,高
矮,形容物體從頂部到地面的距離小於比較對象的。,高
矮,形容前述物體從頂部到地面的距離變小。,高
矮,形容前述物體從頂部到地面的距離變小。,升高
矮,形容前述物體從頂部到地面的距離變小。,昇高
矮,形容前述物體從頂部到地面的距離變小。,升高
矮,形容前述物體從頂部到地面的距離變小。,高
矮,形容前述物體從頂部到地面的距離變小。,昇高
矮,形容物體所處的位置離地面的距離小於比較對象。,高
矮,形容物體所處的位置離地面的距離小於比較對象。,高
矮,形容人的身高低於比較對象的。,高
矮,形容人的身高低於比較對象的。,高
矮,形容前述對象身高變矮。,高
矮,形容前述對象身高變矮。,高
矮,形容比喻輩份或地位階級小於比較對象的。,高
矮,形容比喻輩份或地位階級小於比較對象的。,高
矮,形容比喻前述對象輩份或地位階級變小。,高
矮,形容比喻前述對象輩份或地位階級變小。,升高
矮,形容比喻前述對象輩份或地位階級變小。,昇高
矮,形容比喻前述對象輩份或地位階級變小。,升高
矮,形容比喻前述對象輩份或地位階級變小。,高
矮,形容比喻前述對象輩份或地位階級變小。,昇高
硬,形容物體內部的組織較緊密，形狀不易被改變。,軟
硬,形容物體內部的組織較緊密，形狀不易被改變。,軟性
硬,形容物體內部的組織較緊密，形狀不易被改變。,軟性
硬,形容物體內部的組織較緊密，形狀不易被改變。,軟片
硬,形容物體內部的組織較緊密，形狀不易被改變。,底片
硬,形容物體內部的組織較緊密，形狀不易被改變。,軟
硬,形容採取強行逼迫的方式。,軟
硬,形容採取強行逼迫的方式。,軟
硬,形容態度或立場不易受影響。,軟
硬,形容態度或立場不易受影響。,軟
硬,形容困難、需費腦力去理解的。,軟
硬,形容困難、需費腦力去理解的。,軟性
硬,形容困難、需費腦力去理解的。,軟性
硬,形容困難、需費腦力去理解的。,軟
硬,形容線條簡潔，形狀方正。,柔
硬,形容線條簡潔，形狀方正。,柔
碩,形容體積超過比較對象的。,小
碩,形容體積超過比較對象的。,小
碩,形容體積超過比較對象的。,小
碩,形容學識淵博的。,陋
碩,形容學識淵博的。,陋
祕,不透露不該讓他人知道的事。,走
祕,不透露不該讓他人知道的事。,露
祕,不透露不該讓他人知道的事。,漏
祕,不透露不該讓他人知道的事。,漏出
祕,不透露不該讓他人知道的事。,洩
祕,不透露不該讓他人知道的事。,曝
祕,不透露不該讓他人知道的事。,走
祕,不透露不該讓他人知道的事。,曝
祕,不透露不該讓他人知道的事。,漏
祕,不透露不該讓他人知道的事。,漏出
祕,不透露不該讓他人知道的事。,露
祕,不透露不該讓他人知道的事。,洩
祖父,對有孫子的男子的指稱。,婆
祖父,對有孫子的男子的指稱。,奶
祖父,對有孫子的男子的指稱。,婆
祖父,對有孫子的男子的指稱。,奶
祖父,有孫子的男子。,婆
祖父,有孫子的男子。,奶
祖父,有孫子的男子。,婆
祖父,有孫子的男子。,奶
禁,承受得住、承擔。,禁不住
禁,承受得住、承擔。,禁不住
禁,制止、不允許作特定動作或行為。,禁不住
禁,制止、不允許作特定動作或行為。,禁不住
禁不住,無法承受得住、無法承擔。,禁
禁不住,無法承受得住、無法承擔。,經
禁不住,無法承受得住、無法承擔。,勝
禁不住,無法承受得住、無法承擔。,禁
禁不住,無法承受得住、無法承擔。,經
禁不住,無法承受得住、無法承擔。,勝
禁不住,無法制止特定動作或行為的發生。,禁
禁不住,無法制止特定動作或行為的發生。,禁止
禁不住,無法制止特定動作或行為的發生。,禁止
禁不住,無法制止特定動作或行為的發生。,禁
禁不住,無法制止特定動作或行為的發生。,禁止
禁止,制止、不允許作特定動作或行為。,禁不住
禿,形容比喻不鋒利的。,銳
禿,形容比喻不鋒利的。,快
禿,形容比喻不鋒利的。,快
禿,形容比喻不鋒利的。,銳
秀,形容人或物的外表好看使觀者感到愉悅而讚賞的。,醜
秀,形容人或物的外表好看使觀者感到愉悅而讚賞的。,陋
秀,形容人或物的外表好看使觀者感到愉悅而讚賞的。,醜
秀,形容人或物的外表好看使觀者感到愉悅而讚賞的。,陋
私,形容屬於個人或有限制的小團體的。,公
私,形容屬於個人或有限制的小團體的。,公
私,個人或有限制的小團體。,公
私,個人或有限制的小團體。,公
私,個人的事務或利益。,公
私,個人的事務或利益。,公
私,表處理事情不合情理而偏袒一方的。,公
私,表處理事情不合情理而偏袒一方的。,公
私人,形容不是由政府所設立的。,公立
私人,形容不是由政府所設立的。,公立
私立,形容不是由政府所設立的。,公立
私立,形容不是由政府所設立的。,公立
租,限期借他人的物品使用，並支付費用。,出租
租,限期借他人的物品使用，並支付費用。,出租
租,限期借他人的物品使用，並支付費用。,租
租,限期借他人的物品使用，並支付費用。,租
租,限期借他人的物品使用，並支付費用。,賃
租,將東西限期借給別人使用，以收取費用。,承租
租,將東西限期借給別人使用，以收取費用。,承租
租,將東西限期借給別人使用，以收取費用。,租
租,將東西限期借給別人使用，以收取費用。,租
租,將東西限期借給別人使用，以收取費用。,賃
稀,形容同類物體之間間隔大的。,密
稀,形容同類物體之間間隔大的。,密
稀,形容液體中所溶解的固態成分少的。,濃
稀,形容液體中所溶解的固態成分少的。,濃
稀,形容所含主要成份少。,濃
稀,形容所含主要成份少。,濃
稀,形容特定事件在特定時段內發生次數少。,密
稀,形容特定事件在特定時段內發生次數少。,密
稍,表比喻牽涉事件的程度低。,深
稍,表比喻牽涉事件的程度低。,深
稍後,比喻在參考點之後的文本順序。,上
稍後,比喻在參考點之後的文本順序。,上面
稍後,比喻在參考點之後的文本順序。,以上
稍後,比喻在參考點之後的文本順序。,上
稍後,比喻在參考點之後的文本順序。,上面
稍後,比喻在參考點之後的文本順序。,以上
稍微,表比喻牽涉事件的程度低。,深
稍微,表比喻牽涉事件的程度低。,深
積極,形容主動並努力做後述事件。,消極
積極,形容主動並努力做後述事件。,消極
積極,形容主動並努力做後述事件。,消極
積極,形容具有正面意義有助於事件發展的。,消極
積極,形容具有正面意義有助於事件發展的。,消極
空,形容事物不具有實體概念的。,實
空,形容事物不具有實體概念的。,實
空,形容事物不具有實體概念的。,實
穿,將衣物套在身體上。,脫
穿,將衣物套在身體上。,脫
突,物體特定部位向外凸出或向上高起。,凹
突,物體特定部位向外凸出或向上高起。,凹
窄,形容同一物體兩端點之間的寬度小。,寬
窄,形容同一物體兩端點之間的寬度小。,寬
窄,形容比喻事件的範圍小。,寬
窄,形容比喻事件的範圍小。,寬
窄,形容衣服太小而不合身。,寬
窄,形容衣服太小而不合身。,寬
窄,形容比喻度量小，不能容忍。,寬
窄,形容比喻度量小，不能容忍。,大量
窄,形容比喻度量小，不能容忍。,大量
窄,形容比喻度量小，不能容忍。,寬
窮,形容缺乏金錢，生活有困難的。,富
窮,形容缺乏金錢，生活有困難的。,富
窮,形容缺乏金錢，生活有困難的。,富
窮,形容缺乏金錢，生活有困難的。,麥克
立,在時間上持續。,死
立,在時間上持續。,死亡
立,在時間上持續。,亡
立,在時間上持續。,死亡
立,在時間上持續。,亡
立,在時間上持續。,死亡
立,在時間上持續。,亡
立,在時間上持續。,死
笑,嘴角上揚，臉上露出愉快的表情或發出歡樂的聲音。,哭
笑,嘴角上揚，臉上露出愉快的表情或發出歡樂的聲音。,哭
簡,形容結構單純清楚，容易掌握的。,繁
簡,形容結構單純清楚，容易掌握的。,複雜
簡,形容結構單純清楚，容易掌握的。,複雜
簡,形容結構單純清楚，容易掌握的。,繁
簡,形容結構單純清楚，容易掌握的。,複雜
簡單,形容結構單純清楚，容易掌握的。,繁
簡單,形容結構單純清楚，容易掌握的。,複雜
簡單,形容結構單純清楚，容易掌握的。,複雜
簡單,形容結構單純清楚，容易掌握的。,繁
簡單,形容結構單純清楚，容易掌握的。,複雜
粉,形容色譜上最明亮，可以反射所有光線的。,黑
粉,形容色譜上最明亮，可以反射所有光線的。,烏
粉,形容色譜上最明亮，可以反射所有光線的。,青
粉,形容色譜上最明亮，可以反射所有光線的。,鴉
粉,形容色譜上最明亮，可以反射所有光線的。,犁
粉,形容色譜上最明亮，可以反射所有光線的。,皂
粉,形容色譜上最明亮，可以反射所有光線的。,黑
粉,形容色譜上最明亮，可以反射所有光線的。,烏
粉,形容色譜上最明亮，可以反射所有光線的。,青
粉,形容色譜上最明亮，可以反射所有光線的。,鴉
粉,形容色譜上最明亮，可以反射所有光線的。,犁
粉,形容色譜上最明亮，可以反射所有光線的。,皂
粗,形容特定對象的製作過程不精密的。,細
粗,形容特定對象的製作過程不精密的。,精
粗,形容特定對象的製作過程不精密的。,細
粗,形容特定對象的製作過程不精密的。,精
粗,形容在生產過程中經過初步處理的。,精
粗,形容在生產過程中經過初步處理的。,精
粗,形容比喻音調低沈且音質沙啞的。,細
粗,形容比喻音調低沈且音質沙啞的。,細
粗,形容區分整體事物時，使用範圍較大的類別。,細
粗,形容區分整體事物時，使用範圍較大的類別。,細
粗,表概略地。,細
粗,表概略地。,細
粗,形容條狀物的橫切面的面積大。,細
粗,形容條狀物的橫切面的面積大。,細
粗,形容條狀物的橫切面的面積變大。,細
粗,形容條狀物的橫切面的面積變大。,細
粗,形容線條的寬度大。,細
粗,形容線條的寬度大。,細
粗,形容顆粒大。,細
粗,形容顆粒大。,細
粗,形容構成影像的粒子大。,細
粗,形容構成影像的粒子大。,細
粗,形容孔或洞的直徑大。,細
粗,形容孔或洞的直徑大。,細
粗,形容孔或洞的直徑變大。,細
粗,形容孔或洞的直徑變大。,細
粗,形容比喻個性遲鈍不敏感的。,細
粗,形容比喻個性遲鈍不敏感的。,細
粗,形容物體表面的觸感不光滑。,細
粗,形容物體表面的觸感不光滑。,細
粗,形容物體表面的觸感變得不光滑。,細
粗,形容物體表面的觸感變得不光滑。,細
粗,形容食物的口感不柔軟且不易嚼碎。,細
粗,形容食物的口感不柔軟且不易嚼碎。,細
粗,形容特定對象的質感不精緻。,細
粗,形容特定對象的質感不精緻。,精
粗,形容特定對象的質感不精緻。,細
粗,形容特定對象的質感不精緻。,精
粗心,形容做事不仔細、不小心。,細
精,形容特定對象的質感精緻。,粗
精,形容特定對象的質感精緻。,惡
精,形容特定對象的質感精緻。,粗
精,形容特定對象的質感精緻。,惡
精,表特定對象的製作過程精密。,粗
精,表特定對象的製作過程精密。,粗
精,形容在生產過程中經過加工提煉、萃取的。,粗
精,形容在生產過程中經過加工提煉、萃取的。,粗
糞,形容運氣不好。,有幸
糞,形容運氣不好。,賽
糞,形容運氣不好。,塞
糞,形容運氣不好。,屎
糞,形容運氣不好。,屎
糞,形容運氣不好。,有幸
糞,形容運氣不好。,賽
糞,形容運氣不好。,塞
糟,形容對特定對象的評價是負面的。,不錯
糟,形容對特定對象的評價是負面的。,好
糟,形容對特定對象的評價是負面的。,佳
糟,形容對特定對象的評價是負面的。,良好
糟,形容對特定對象的評價是負面的。,優
糟,形容對特定對象的評價是負面的。,嘉
糟,形容對特定對象的評價是負面的。,良
糟,形容對特定對象的評價是負面的。,好
糟,形容對特定對象的評價是負面的。,佳
糟,形容對特定對象的評價是負面的。,良
糟,形容對特定對象的評價是負面的。,不錯
糟,形容對特定對象的評價是負面的。,良好
糟,形容對特定對象的評價是負面的。,優
糟,形容對特定對象的評價是負面的。,嘉
糟,形容態度惡劣的。,好
糟,形容態度惡劣的。,好
糟,形容身體不舒服。,舒服
糟,形容身體不舒服。,適
糟,形容身體不舒服。,舒適
糟,形容身體不舒服。,舒服
糟,形容身體不舒服。,舒適
糟,形容身體不舒服。,舒適
糟,形容身體不舒服。,舒服
糟,形容身體不舒服。,適
糟,形容關係不親近的。,好
糟,形容關係不親近的。,密
糟,形容關係不親近的。,密切
糟,形容關係不親近的。,好
糟,形容關係不親近的。,密
糟,形容關係不親近的。,密切
紅,形容比喻指數上漲。,黑
紅,形容比喻指數上漲。,綠
紅,形容比喻指數上漲。,綠
紅,形容比喻指數上漲。,黑
紅,形容比喻指數上漲。,墨
純,形容擁有豐富的經驗與技術。,生疏
純,形容擁有豐富的經驗與技術。,生
純,形容擁有豐富的經驗與技術。,疏
純,形容擁有豐富的經驗與技術。,生疏
純,形容擁有豐富的經驗與技術。,疏
純,形容擁有豐富的經驗與技術。,生疏
純,形容擁有豐富的經驗與技術。,生
素,形容色譜上最明亮，可以反射所有光線的。,黑
素,形容色譜上最明亮，可以反射所有光線的。,烏
素,形容色譜上最明亮，可以反射所有光線的。,青
素,形容色譜上最明亮，可以反射所有光線的。,鴉
素,形容色譜上最明亮，可以反射所有光線的。,犁
素,形容色譜上最明亮，可以反射所有光線的。,皂
素,形容色譜上最明亮，可以反射所有光線的。,黑
素,形容色譜上最明亮，可以反射所有光線的。,烏
素,形容色譜上最明亮，可以反射所有光線的。,青
素,形容色譜上最明亮，可以反射所有光線的。,鴉
素,形容色譜上最明亮，可以反射所有光線的。,犁
素,形容色譜上最明亮，可以反射所有光線的。,皂
素,形容色彩或樣式單純的。,花
素,形容色彩或樣式單純的。,花
素,不包括蔥、蒜、韭的蔬菜、水果等食物。,葷
素,不包括蔥、蒜、韭的蔬菜、水果等食物。,葷
素,形容不包括蔥、蒜、韭的蔬菜、水果等食物的。,葷
素,形容不包括蔥、蒜、韭的蔬菜、水果等食物的。,葷
細,形容條狀物的橫切面的面積小。,粗
細,形容條狀物的橫切面的面積小。,粗
細,形容條狀物的橫切面的面積變小。,粗
細,形容條狀物的橫切面的面積變小。,粗
細,形容線條的寬度小。,粗
細,形容線條的寬度小。,粗
細,形容顆粒小的。,粗
細,形容顆粒小的。,粗
細,形容構成影像的粒子小。,粗
細,形容構成影像的粒子小。,粗
細,形容孔或洞的直徑小。,粗
細,形容孔或洞的直徑小。,粗
細,形容孔或洞的直徑變小。,粗
細,形容孔或洞的直徑變小。,粗
細,形容比喻個性敏感的。,粗
細,形容比喻個性敏感的。,粗
細,形容物體表面的觸感光滑。,粗
細,形容物體表面的觸感光滑。,木
細,形容物體表面的觸感光滑。,木
細,形容物體表面的觸感光滑。,粗
細,形容物體表面的觸感變得光滑。,粗
細,形容物體表面的觸感變得光滑。,粗
細,形容食物的纖維少且易嚼碎。,粗
細,形容食物的纖維少且易嚼碎。,粗
細,形容特定對象的質感精緻。,粗
細,形容特定對象的質感精緻。,惡
細,形容特定對象的質感精緻。,粗
細,形容特定對象的質感精緻。,惡
細,形容特定對象的製作過程精密。,粗
細,形容特定對象的製作過程精密。,粗
細,形容比喻音調高且音質清晰的。,粗
細,形容比喻音調高且音質清晰的。,粗
細,形容比喻做事態度仔細、小心。,粗心
細,形容區分整體事物時，使用範圍較小的類別。,粗
細,形容區分整體事物時，使用範圍較小的類別。,粗
細,表詳盡。,粗
細,表詳盡。,毛
細,表詳盡。,粗
細,表詳盡。,毛
終,事件或狀態到特定時點終止。,開始
終,事件或狀態到特定時點終止。,開始
終,事件或狀態到特定時點終止。,始
終,事件或狀態到特定時點終止。,始
終,事件或狀態到特定時點終止。,開
終,事件或狀態到特定時點終止。,啟
結,使動作或事件終止。,開始
結,使動作或事件終止。,著手
結,使動作或事件終止。,開
結,使動作或事件終止。,開始
結,使動作或事件終止。,開始
結,使動作或事件終止。,著手
結,使動作或事件終止。,開
結束,使動作或事件終止。,開始
結束,使動作或事件終止。,著手
結束,使動作或事件終止。,開
結束,使動作或事件終止。,開始
結束,使動作或事件終止。,開始
結束,使動作或事件終止。,著手
結束,使動作或事件終止。,開
結束,使事件或狀態到特定時點終止。,開始
結束,使事件或狀態到特定時點終止。,開始
結束,使事件或狀態到特定時點終止。,始
結束,使事件或狀態到特定時點終止。,始
結束,使事件或狀態到特定時點終止。,開
結束,使事件或狀態到特定時點終止。,啟
結束,事物的最終部份或階段。,開始
結束,事物的最終部份或階段。,開始
結果,事物經發展變化後的最後狀況。,故
結果,事物經發展變化後的最後狀況。,因
結果,事物經發展變化後的最後狀況。,原因
結果,事物經發展變化後的最後狀況。,關係
結果,事物經發展變化後的最後狀況。,肇始
結果,事物經發展變化後的最後狀況。,導因
結果,事物經發展變化後的最後狀況。,緣
結果,事物經發展變化後的最後狀況。,肇始
結果,事物經發展變化後的最後狀況。,故
結果,事物經發展變化後的最後狀況。,因
結果,事物經發展變化後的最後狀況。,原因
結果,事物經發展變化後的最後狀況。,關係
結果,事物經發展變化後的最後狀況。,導因
結果,事物經發展變化後的最後狀況。,緣
絕對,形容不受任何條件限制的。,相對
經,承受得住、承擔。,禁不住
經,承受得住、承擔。,禁不住
經常,表事件發生的頻率很高。,時
綠,形容比喻指數下跌。,紅
綠,形容比喻指數下跌。,紅
綠吱,指稱政治立場偏向綠營的鄉民。,蛆蛆
綠吱,指稱政治立場偏向綠營的鄉民。,藍蛆
綠吱,指稱政治立場偏向綠營的鄉民。,9.20%
綠吱,指稱政治立場偏向綠營的鄉民。,689
綠吱,指稱政治立場偏向綠營的鄉民。,蛆蛆
綠吱,指稱政治立場偏向綠營的鄉民。,藍蛆
綠吱,指稱政治立場偏向綠營的鄉民。,9.20%
綠吱,指稱政治立場偏向綠營的鄉民。,689
綿,形容比喻動作力道不外顯。,剛
綿,形容比喻動作力道不外顯。,剛
綿,形容比喻個性溫和，不容易與人起衝突。,剛
綿,形容比喻個性溫和，不容易與人起衝突。,剛
綿,形容比喻個性溫和，不容易與人起衝突。,傲
緊,形容物體的表面受到較大的拉力而呈現張力的狀態。,鬆
緊,形容物體的表面受到較大的拉力而呈現張力的狀態。,弛
緊,形容物體的表面受到較大的拉力而呈現張力的狀態。,鬆
緊,形容物體的表面受到較大的拉力而呈現張力的狀態。,弛
緊,形容衣物與穿著者間密合而沒有空隙的。,鬆
緊,形容衣物與穿著者間密合而沒有空隙的。,垮
緊,形容衣物與穿著者間密合而沒有空隙的。,鬆
緊,形容衣物與穿著者間密合而沒有空隙的。,垮
緊,形容牢固的。,鬆
緊,形容牢固的。,鬆
緊,形容比喻沒有疏忽遺漏的。,寬
緊,形容比喻沒有疏忽遺漏的。,鬆
緊,形容比喻沒有疏忽遺漏的。,疏
緊,形容比喻沒有疏忽遺漏的。,弛
緊,形容比喻沒有疏忽遺漏的。,寬
緊,形容比喻沒有疏忽遺漏的。,鬆
緊,形容比喻沒有疏忽遺漏的。,疏
緊,形容比喻沒有疏忽遺漏的。,寬
緊,形容比喻沒有疏忽遺漏的。,弛
緊,形容比喻不輕易透露不該讓他人知道的事。,鬆
緊,形容比喻不輕易透露不該讓他人知道的事。,鬆
緊,形容比喻在相關對象中意義重大的。,輕
緊,形容比喻在相關對象中意義重大的。,輕
緊,形容比喻沒有多餘可應用的金錢。,方便
緊,形容比喻沒有多餘可應用的金錢。,鬆
緊,形容比喻沒有多餘可應用的金錢。,寬
緊,形容比喻沒有多餘可應用的金錢。,方便
緊,形容比喻沒有多餘可應用的金錢。,鬆
緊,形容比喻沒有多餘可應用的金錢。,寬
緣,造成特定結果或引起另一件事情發生的條件。,果
緣,造成特定結果或引起另一件事情發生的條件。,結果
緣,造成特定結果或引起另一件事情發生的條件。,果
緣,造成特定結果或引起另一件事情發生的條件。,結果
緩,形容速度慢且平和。,急
緩,形容速度慢且平和。,激
緩,形容速度慢且平和。,疾
緩,形容速度慢且平和。,急
緩,形容速度慢且平和。,激
緩,形容速度慢且平和。,疾
緩,形容坡度小。,陡
緩,形容坡度小。,陡
緩和,形容坡度小。,陡
緩和,形容坡度小。,陡
緩慢,形容速度慢且平和。,急
緩慢,形容速度慢且平和。,激
緩慢,形容速度慢且平和。,疾
緩慢,形容速度慢且平和。,急
緩慢,形容速度慢且平和。,激
緩慢,形容速度慢且平和。,疾
練,形容擁有豐富的經驗與技術。,生疏
練,形容擁有豐富的經驗與技術。,生
練,形容擁有豐富的經驗與技術。,疏
練,形容擁有豐富的經驗與技術。,生疏
練,形容擁有豐富的經驗與技術。,疏
練,形容擁有豐富的經驗與技術。,生疏
練,形容擁有豐富的經驗與技術。,生
縫,用線將原來沒有連在一起的物品或有裂痕的物體接補起來。,割
縫,用線將原來沒有連在一起的物品或有裂痕的物體接補起來。,割
縮短,形容同一物體兩端點之間的長度變短。,增長
縮短,形容同一物體兩端點之間的長度變短。,延長
縮短,形容同一物體兩端點之間的長度變短。,增長
縮短,形容同一物體兩端點之間的長度變短。,延長
縮短,形容同一物體兩端點之間的長度變短。,延長
縮短,形容同一物體兩端點之間的長度變短。,增長
縮短,使同一物體兩端點之間的長度減少。,增長
縮短,使同一物體兩端點之間的長度減少。,延長
縮短,使同一物體兩端點之間的長度減少。,延長
縮短,使同一物體兩端點之間的長度減少。,增長
縮短,形容事件持續的時間間隔變小。,增長
縮短,形容事件持續的時間間隔變小。,延長
縮短,形容事件持續的時間間隔變小。,增長
縮短,形容事件持續的時間間隔變小。,延長
縮短,形容事件持續的時間間隔變小。,延長
縮短,形容事件持續的時間間隔變小。,增長
縮短,使事件持續的時間間隔簡短。,增長
縮短,使事件持續的時間間隔簡短。,延長
縮短,使事件持續的時間間隔簡短。,延長
縮短,使事件持續的時間間隔簡短。,增長
縮短,形容文本從開始到結束的字數變少或篇幅變短。,增長
縮短,形容文本從開始到結束的字數變少或篇幅變短。,延長
縮短,形容文本從開始到結束的字數變少或篇幅變短。,增長
縮短,形容文本從開始到結束的字數變少或篇幅變短。,延長
縮短,形容文本從開始到結束的字數變少或篇幅變短。,增長
縮短,使文本從開始到結束的字數減少或篇幅減短。,增長
縮短,使文本從開始到結束的字數減少或篇幅減短。,延長
縮短,使文本從開始到結束的字數減少或篇幅減短。,延長
縮短,使文本從開始到結束的字數減少或篇幅減短。,增長
縱,形容以說話者為參考點，由上到下或由下到上的方向。,橫
縱,形容以說話者為參考點，由上到下或由下到上的方向。,橫
縱,表順著物體長邊的方向。,橫
縱,表順著物體長邊的方向。,橫
縱,形容比喻在階層上為上下關係的。,橫
縱,形容比喻在階層上為上下關係的。,橫
縱,形容比喻貫穿不同時代的。,橫
縱,形容比喻貫穿不同時代的。,橫
縱,解除對後述對象的約束，使其得到自由。,押
縱,解除對後述對象的約束，使其得到自由。,拘
縱,解除對後述對象的約束，使其得到自由。,拘
縱,解除對後述對象的約束，使其得到自由。,押
繁,形容結構複雜，較不容易掌握的。,簡
繁,形容結構複雜，較不容易掌握的。,簡單
繁,形容結構複雜，較不容易掌握的。,簡
繁,形容結構複雜，較不容易掌握的。,簡單
美,形容人或物的外表好看使觀者感到愉悅而讚賞的。,醜
美,形容人或物的外表好看使觀者感到愉悅而讚賞的。,醜
美,形容人或物的外表好看使觀者感到愉悅而讚賞的。,陋
美,形容比喻可以引起他人愉悅情感的。,醜
美好,形容比喻可以引起他人愉悅情感的。,醜
美麗,形容人或物的外表好看使觀者感到愉悅而讚賞的。,醜
美麗,形容人或物的外表好看使觀者感到愉悅而讚賞的。,陋
美麗,形容比喻心地善良的。,醜
美麗,形容比喻心地善良的。,醜
美麗,形容比喻可以引起他人愉悅情感的。,醜
翁,姓。,婆
翁,姓。,姑
老,形容年紀大的。,媽媽
老,形容年紀大的。,老娘
老,形容年紀大的。,媽
老,形容年紀大的。,母
老,形容年紀大的。,母親
老,形容年紀大的。,阿媽
老,形容年紀大的。,娘
老,形容年紀大的。,少
老,形容年紀大的。,小
老,形容事物已經存在很久了。,新
老,形容事物已經存在很久了。,新興
老,形容事物已經存在很久了。,新
老,形容事物已經存在很久了。,新興
老,形容關係持續很久或以前曾經存在。,新
老,形容食材因生長過久或其他理由而口感不好。,嫩
老,形容食材因生長過久或其他理由而口感不好。,嫩
老,形容食物烹煮過度造成口感不好。,嫩
老,形容食物烹煮過度造成口感不好。,嫩
老,形容經驗豐富。,嫩
老,形容經驗豐富。,嫩
老娘,子女對生育自己的女子的指稱，或指在家庭關係中扮演母親角色的女子。,阿
老娘,子女對生育自己的女子的指稱，或指在家庭關係中扮演母親角色的女子。,父
老娘,子女對生育自己的女子的指稱，或指在家庭關係中扮演母親角色的女子。,父親
老娘,子女對生育自己的女子的指稱，或指在家庭關係中扮演母親角色的女子。,爸爸
老娘,子女對生育自己的女子的指稱，或指在家庭關係中扮演母親角色的女子。,爹
老娘,子女對生育自己的女子的指稱，或指在家庭關係中扮演母親角色的女子。,老子
老娘,子女對生育自己的女子的指稱，或指在家庭關係中扮演母親角色的女子。,爸
老娘,子女對生育自己的女子的指稱，或指在家庭關係中扮演母親角色的女子。,老
老娘,子女對生育自己的女子的指稱，或指在家庭關係中扮演母親角色的女子。,爺
老娘,子女對生育自己的女子的指稱，或指在家庭關係中扮演母親角色的女子。,爸爸
老娘,子女對生育自己的女子的指稱，或指在家庭關係中扮演母親角色的女子。,爸
老娘,子女對生育自己的女子的指稱，或指在家庭關係中扮演母親角色的女子。,父
老娘,子女對生育自己的女子的指稱，或指在家庭關係中扮演母親角色的女子。,老子
老娘,子女對生育自己的女子的指稱，或指在家庭關係中扮演母親角色的女子。,父親
老娘,子女對生育自己的女子的指稱，或指在家庭關係中扮演母親角色的女子。,爹
老娘,子女對生育自己的女子的指稱，或指在家庭關係中扮演母親角色的女子。,爺
老子,子女對生育自己的男子的指稱，或指在家庭關係中扮演父親角色的男子。,阿媽
老子,子女對生育自己的男子的指稱，或指在家庭關係中扮演父親角色的男子。,母
老子,子女對生育自己的男子的指稱，或指在家庭關係中扮演父親角色的男子。,母親
老子,子女對生育自己的男子的指稱，或指在家庭關係中扮演父親角色的男子。,媽媽
老子,子女對生育自己的男子的指稱，或指在家庭關係中扮演父親角色的男子。,娘
老子,子女對生育自己的男子的指稱，或指在家庭關係中扮演父親角色的男子。,媽
老子,子女對生育自己的男子的指稱，或指在家庭關係中扮演父親角色的男子。,老娘
老子,子女對生育自己的男子的指稱，或指在家庭關係中扮演父親角色的男子。,媽媽
老子,子女對生育自己的男子的指稱，或指在家庭關係中扮演父親角色的男子。,阿媽
老子,子女對生育自己的男子的指稱，或指在家庭關係中扮演父親角色的男子。,老娘
老子,子女對生育自己的男子的指稱，或指在家庭關係中扮演父親角色的男子。,母
老子,子女對生育自己的男子的指稱，或指在家庭關係中扮演父親角色的男子。,母親
老子,子女對生育自己的男子的指稱，或指在家庭關係中扮演父親角色的男子。,媽
老子,子女對生育自己的男子的指稱，或指在家庭關係中扮演父親角色的男子。,娘
而後,表晚於現在或前述事件的時段。,前
而後,表晚於現在或前述事件的時段。,早
而後,表晚於現在或前述事件的時段。,前面
而後,表晚於現在或前述事件的時段。,過去
而後,表晚於現在或前述事件的時段。,過往
而後,表晚於現在或前述事件的時段。,早
而後,表晚於現在或前述事件的時段。,前
而後,表晚於現在或前述事件的時段。,前面
而後,表晚於現在或前述事件的時段。,過去
而後,表晚於現在或前述事件的時段。,過往
聖,形容極為崇高、受人景仰的。,凡
職業,形容以後述身份或工作為主要維生來源。,業餘
職業,形容以後述身份或工作為主要維生來源。,業餘
肇始,造成特定結果或引起另一件事情發生的條件。,果
肇始,造成特定結果或引起另一件事情發生的條件。,結果
肇始,造成特定結果或引起另一件事情發生的條件。,果
肇始,造成特定結果或引起另一件事情發生的條件。,結果
肥,形容體型比正常大或體重比正常重的。,瘦
肥,形容體型變大或體重變重的。,瘦
肥,形容體型變大或體重變重的。,瘦
肥,使身體特定部份肉變多。,瘦
肥,使身體特定部份肉變多。,消
肥,使身體特定部份肉變多。,瘦
肥,使身體特定部份肉變多。,消
肥,形容衣服尺寸比較大。,瘦
肥,形容衣服尺寸比較大。,瘦
肥,形容肉類食物油脂很多。,瘦
肥,形容肉類食物油脂很多。,瘦
肥,形容物體體積大而鼓起。,瘦
肥,形容物體體積大而鼓起。,瘦
肥,形容比喻食物熱量高。,瘦
肥,形容比喻食物熱量高。,瘦
肥,形容比喻財產多。,瘦
肥,形容比喻財產多。,扁
肥,形容比喻財產多。,瘦
肥,形容比喻財產多。,扁
肥,形容比喻財產增加。,瘦
肥,形容比喻財產增加。,餓
肥,形容比喻財產增加。,扁
肥,形容比喻財產增加。,飢
肥,形容比喻財產增加。,瘦
肥,形容比喻財產增加。,餓
肥,形容比喻財產增加。,扁
肥,形容比喻財產增加。,飢
肥,比喻使財產增加。,瘦
肥,比喻使財產增加。,餓
肥,比喻使財產增加。,扁
肥,比喻使財產增加。,瘦
肥,比喻使財產增加。,餓
肥,比喻使財產增加。,扁
肥,形容字體筆畫較粗的。,瘦
肥,形容字體筆畫較粗的。,瘦
肯,同意他人的要求。,不肯
背,人造物約定俗成朝下或朝後最不容易觀察到的面。,正
背,人造物約定俗成朝下或朝後最不容易觀察到的面。,前
背,人造物約定俗成朝下或朝後最不容易觀察到的面。,前面
背,人造物約定俗成朝下或朝後最不容易觀察到的面。,前面
背,人造物約定俗成朝下或朝後最不容易觀察到的面。,前
背,人造物約定俗成朝下或朝後最不容易觀察到的面。,正
背,形容運氣不好。,有幸
背,形容運氣不好。,塞
背,形容運氣不好。,賽
背,形容運氣不好。,屎
背,形容運氣不好。,有幸
背,形容運氣不好。,塞
背,形容運氣不好。,賽
背,形容運氣不好。,屎
胖,形容體型比正常大或體重比正常重的。,瘦
胖,形容體型比正常大或體重比正常重的。,瘦
胖,形容體型變大或體重變重的。,瘦
胖,形容體型變大或體重變重的。,瘦
胖,使身體特定部份肉變多。,瘦
胖,使身體特定部份肉變多。,消
胖,使身體特定部份肉變多。,瘦
胖,使身體特定部份肉變多。,消
胖,形容物體體積大而鼓起。,瘦
胖,形容物體體積大而鼓起。,瘦
胖,形容比喻食物熱量高。,瘦
胖,形容比喻食物熱量高。,瘦
能,表具備完成特定事件能力的。,不行
能,表具備完成特定事件能力的。,不能
能,表具備完成特定事件能力的。,不行
能,表具備完成特定事件能力的。,不能
能,表具備達到後述事件成立的條件。,不能
能,表具備達到後述事件成立的條件。,不能
能夠,表具備完成特定事件能力的。,不行
能夠,表具備完成特定事件能力的。,不能
能夠,表具備完成特定事件能力的。,不行
能夠,表具備完成特定事件能力的。,不能
能夠,表具備達到後述事件成立的條件。,不能
能夠,表具備達到後述事件成立的條件。,不能
脫,除去身體上的衣物、配件。,穿
脫,除去身體上的衣物、配件。,穿
脹,形容比喻財產多。,瘦
脹,形容比喻財產多。,扁
脹,形容比喻財產多。,瘦
脹,形容比喻財產多。,扁
脹,形容比喻財產增加。,瘦
脹,形容比喻財產增加。,餓
脹,形容比喻財產增加。,扁
脹,形容比喻財產增加。,飢
脹,形容比喻財產增加。,飢
脹,形容比喻財產增加。,
脹,形容比喻財產增加。,飢
脹,形容比喻財產增加。,瘦
脹,形容比喻財產增加。,飢
脹,形容比喻財產增加。,扁
脹,形容比喻財產增加。,餓
腫,形容體型比正常大或體重比正常重的。,瘦
腫,形容體型比正常大或體重比正常重的。,瘦
腫,形容體型比正常大或體重比正常重的。,瘦
臭,形容氣味難聞的。,香
臭,形容氣味難聞的。,香
臭,形容氣味難聞的。,香
舅,女子對丈夫的父親的指稱。,婆
舅,女子對丈夫的父親的指稱。,姑
舅,女子對丈夫的父親的指稱。,婆
舅,女子對丈夫的父親的指稱。,姑
興奮,形容比喻交易熱絡的。,淡
興奮,形容比喻交易熱絡的。,淡
舊,形容事物已經存在很久了。,新
舊,形容事物已經存在很久了。,新興
舊,形容事物已經存在很久了。,新
舊,形容事物已經存在很久了。,新興
舊,形容已經使用過或看起來像已經使用過的。,新
舊,形容已經使用過或看起來像已經使用過的。,新
舊,形容關係持續很久或以前曾經存在。,新
舒服,形容身體感到舒適暢快。,難過
舒服,形容身體感到舒適暢快。,差
舒服,形容身體感到舒適暢快。,壞
舒服,形容身體感到舒適暢快。,糟
舒服,形容身體感到舒適暢快。,難受
舒服,形容身體感到舒適暢快。,難受
舒適,形容身體感到舒適暢快。,難過
舒適,形容身體感到舒適暢快。,差
舒適,形容身體感到舒適暢快。,難受
舒適,形容身體感到舒適暢快。,難受
舒適,形容身體感到舒適暢快。,壞
舒適,形容身體感到舒適暢快。,糟
良,形容對特定對象的評價是正面的。,壞
良,形容對特定對象的評價是正面的。,差
良,形容對特定對象的評價是正面的。,柴
良,形容對特定對象的評價是正面的。,否
良,形容對特定對象的評價是正面的。,劣
良,形容對特定對象的評價是正面的。,菜
良,形容對特定對象的評價是正面的。,糟
良,形容對特定對象的評價是正面的。,遜
良,形容對特定對象的評價是正面的。,惡
良,形容對特定對象的評價是正面的。,不良
良,形容對特定對象的評價是正面的。,孬
良,形容對特定對象的評價是正面的。,差
良,形容對特定對象的評價是正面的。,劣
良,形容對特定對象的評價是正面的。,差
良,形容對特定對象的評價是正面的。,柴
良,形容對特定對象的評價是正面的。,不良
良,形容對特定對象的評價是正面的。,孬
良,形容對特定對象的評價是正面的。,菜
良,形容對特定對象的評價是正面的。,壞
良,形容對特定對象的評價是正面的。,否
良,形容對特定對象的評價是正面的。,劣
良,形容對特定對象的評價是正面的。,糟
良,形容對特定對象的評價是正面的。,惡
良,形容對特定對象的評價是正面的。,遜
良好,形容對特定對象的評價是正面的。,壞
良好,形容對特定對象的評價是正面的。,差
良好,形容對特定對象的評價是正面的。,柴
良好,形容對特定對象的評價是正面的。,否
良好,形容對特定對象的評價是正面的。,劣
良好,形容對特定對象的評價是正面的。,菜
良好,形容對特定對象的評價是正面的。,糟
良好,形容對特定對象的評價是正面的。,惡
良好,形容對特定對象的評價是正面的。,不良
良好,形容對特定對象的評價是正面的。,孬
良好,形容對特定對象的評價是正面的。,遜
良好,形容對特定對象的評價是正面的。,差
良好,形容對特定對象的評價是正面的。,劣
良好,形容對特定對象的評價是正面的。,差
良好,形容對特定對象的評價是正面的。,柴
良好,形容對特定對象的評價是正面的。,不良
良好,形容對特定對象的評價是正面的。,孬
良好,形容對特定對象的評價是正面的。,壞
良好,形容對特定對象的評價是正面的。,否
良好,形容對特定對象的評價是正面的。,菜
良好,形容對特定對象的評價是正面的。,劣
良好,形容對特定對象的評價是正面的。,糟
良好,形容對特定對象的評價是正面的。,惡
良好,形容對特定對象的評價是正面的。,遜
良性,形容有好的影響的。,惡性
良性,形容有好的影響的。,惡性
良性,形容不會立刻危害身體健康的。,惡性
良性,形容不會立刻危害身體健康的。,惡性
花,形容顏色混雜交錯的。,素
花,形容顏色混雜交錯的。,素
茫,形容比喻對認知的內容模糊不明確的。,清楚
茫,形容比喻對認知的內容模糊不明確的。,清清楚楚
茫,形容比喻對認知的內容模糊不明確的。,清
茫,形容比喻對認知的內容模糊不明確的。,明
茫,形容比喻對認知的內容模糊不明確的。,清晰
茫,形容比喻對認知的內容模糊不明確的。,清楚
茫,形容比喻對認知的內容模糊不明確的。,清清楚楚
茫,形容比喻對認知的內容模糊不明確的。,清
茫,形容比喻對認知的內容模糊不明確的。,清晰
茫,形容比喻對認知的內容模糊不明確的。,明
草,形容字跡不容易辨識。,正
草,形容字跡不容易辨識。,正
莫及,表前述事件從時效上來看已經太晚而無法挽回了。,來得及
莫及,表前述事件從時效上來看已經太晚而無法挽回了。,來得及
菜,形容對特定對象的評價是負面的。,不錯
菜,形容對特定對象的評價是負面的。,好
菜,形容對特定對象的評價是負面的。,佳
菜,形容對特定對象的評價是負面的。,良好
菜,形容對特定對象的評價是負面的。,嘉
菜,形容對特定對象的評價是負面的。,優
菜,形容對特定對象的評價是負面的。,良
菜,形容對特定對象的評價是負面的。,佳
菜,形容對特定對象的評價是負面的。,好
菜,形容對特定對象的評價是負面的。,良
菜,形容對特定對象的評價是負面的。,不錯
菜,形容對特定對象的評價是負面的。,良好
菜,形容對特定對象的評價是負面的。,嘉
菜,形容對特定對象的評價是負面的。,優
落,數量或數目減少。,上升
落,數量或數目減少。,上昇
落,數量或數目減少。,升
落,數量或數目減少。,增高
落,數量或數目減少。,升級
落,數量或數目減少。,增長
落,數量或數目減少。,提高
落,數量或數目減少。,上升
落,數量或數目減少。,上昇
落,數量或數目減少。,增高
落,數量或數目減少。,增長
落,數量或數目減少。,上升
落,數量或數目減少。,上昇
落,數量或數目減少。,升
落,數量或數目減少。,提高
落,數量或數目減少。,增高
落,數量或數目減少。,升級
落,數量或數目減少。,增長
落,比喻處於較低的水準，比不上他人。,領先
落,比喻處於較低的水準，比不上他人。,領先
落,比喻處於較低的水準，比不上他人。,領先
落後,行進時在隊伍的最後面。,領先
落後,行進時在隊伍的最後面。,領先
落後,比喻處於較低的水準，比不上他人。,領先
落後,比喻處於較低的水準，比不上他人。,領先
落敗,形容在競爭中被打敗。,克
落敗,形容在競爭中被打敗。,勝
落敗,形容在競爭中被打敗。,勝
落敗,形容在競爭中被打敗。,取勝
落敗,形容在競爭中被打敗。,敗
落敗,形容在競爭中被打敗。,捷
落敗,形容在競爭中被打敗。,取勝
著手,從事件的起始點進行。,結
著手,從事件的起始點進行。,結束
著手,從事件的起始點進行。,結束
著手,從事件的起始點進行。,結
著重,看重並強調後述對象。,輕
著重,看重並強調後述對象。,薄
著重,看重並強調後述對象。,薄
著重,看重並強調後述對象。,輕
葷,形容包括蔥、蒜、韭與其他非蔬菜、水果的食物的。,素
葷,形容包括蔥、蒜、韭與其他非蔬菜、水果的食物的。,素
薄,形容物體表面和底面間隔長度較小的。,厚
薄,形容物體表面和底面間隔長度較小的。,厚
薄,形容量少且稀疏的。,濃
薄,形容量少且稀疏的。,濃
薄,形容氣味不濃郁的。,厚
薄,形容氣味不濃郁的。,濃
薄,形容氣味不濃郁的。,濃
薄,形容氣味不濃郁的。,厚
薄,形容音色微弱。,厚
薄,形容音色微弱。,厚
薄,不重視後述對象。,重
薄,不重視後述對象。,厚
薄,不重視後述對象。,重視
薄,不重視後述對象。,注重
薄,不重視後述對象。,偏
薄,不重視後述對象。,著重
薄,不重視後述對象。,重視
薄,不重視後述對象。,厚
薄,不重視後述對象。,偏
薄,不重視後述對象。,著重
薄,不重視後述對象。,重視
薄,不重視後述對象。,注重
薄,不重視後述對象。,重
藍蛆,指稱政治立場偏向藍營的鄉民。,綠吱
藍蛆,指稱政治立場偏向藍營的鄉民。,吱吱
藍蛆,指稱政治立場偏向藍營的鄉民。,綠吱
藍蛆,指稱政治立場偏向藍營的鄉民。,吱吱
虛,形容結構不緊實，有許多空隙。,實
虛,形容結構不緊實，有許多空隙。,實
虛,形容結構不緊實，有許多空隙。,旺
虛,形容體力或身體狀況差的。,強
虛,形容體力或身體狀況差的。,強
虛,形容不符合客觀事實而捏造的，通常有欺騙的意圖。,真
虛,形容不符合客觀事實而捏造的，通常有欺騙的意圖。,實
虛,形容不符合客觀事實而捏造的，通常有欺騙的意圖。,真實
虛,形容不符合客觀事實而捏造的，通常有欺騙的意圖。,真
虛,形容不符合客觀事實而捏造的，通常有欺騙的意圖。,真實
虛,形容不符合客觀事實而捏造的，通常有欺騙的意圖。,實
虛,形容不符合客觀事實而捏造的，通常有欺騙的意圖。,真
虛,形容不符合客觀事實而捏造的，通常有欺騙的意圖。,真實
虛,形容事物不具有實體概念的。,實
虛,形容事物不具有實體概念的。,實
虛,中國天文學的星宿，為北方玄武之一。,旺
虧,形容眼睛所看到的月亮外形有缺口不呈圓形。,盈
虧,經濟活動中損失後述金錢。,盈
虧,經濟活動中損失後述金錢。,盈
虧,形容經濟活動中支出多於收入的。,盈
蛆蛆,指稱政治立場偏向藍營的鄉民。,吱吱
蛆蛆,指稱政治立場偏向藍營的鄉民。,綠吱
蛆蛆,指稱政治立場偏向藍營的鄉民。,吱吱
蛆蛆,指稱政治立場偏向藍營的鄉民。,綠吱
行,形容表示同意或允許。,不行
行,形容表示同意或允許。,不行
行,表具備完成特定事件能力的。,不行
行,表具備完成特定事件能力的。,不能
行,表具備完成特定事件能力的。,不行
行,表具備完成特定事件能力的。,不能
衰,形容少而不熱烈。,烈
衰,形容少而不熱烈。,旺
衰,形容少而不熱烈。,怒
衰,形容少而不熱烈。,盛
衰,形容少而不熱烈。,烈
衰,形容少而不熱烈。,旺
衰,形容少而不熱烈。,盛
衰,形容少而不熱烈。,怒
衰,形容狀態處在負面發展的。,盛
衰,形容狀態處在負面發展的。,盛
衰,形容狀態處在負面發展的。,勃
衰,形容狀態處在負面發展的。,炙
衰,形容狀態處在負面發展的。,熾
衰,形容體力或身體狀況差的。,強
衰,形容運氣不好。,有幸
衰,形容運氣不好。,賽
衰,形容運氣不好。,塞
衰,形容運氣不好。,屎
衰,形容運氣不好。,賽
衰,形容運氣不好。,塞
衰,形容運氣不好。,有幸
衰,形容運氣不好。,屎
裏,事物內部不屬於表面的範圍。,外面
裏,事物內部不屬於表面的範圍。,外
裏,事物內部不屬於表面的範圍。,外
裏,事物內部不屬於表面的範圍。,以外
裏,事物內部不屬於表面的範圍。,以外
裏,事物內部不屬於表面的範圍。,之外
裏,事物內部不屬於表面的範圍。,之外
裏,事物內部不屬於表面的範圍。,外面
裏,事物內部不屬於表面的範圍。,外面
裏,事物內部不屬於表面的範圍。,外面
裏,在前述對象所包含的空間範圍。,外
裏,在前述對象所包含的空間範圍。,以外
裏,在前述對象所包含的空間範圍。,之外
裏,在前述對象所包含的空間範圍。,外面
裏,在前述對象所包含的空間範圍。,以外
裏,在前述對象所包含的空間範圍。,之外
裏,在前述對象所包含的空間範圍。,外
裏,在前述對象所包含的空間範圍。,外面
裏,在前述的機構或領域範圍。,外
裏,在前述的機構或領域範圍。,以外
裏,在前述的機構或領域範圍。,之外
裏,在前述的機構或領域範圍。,外面
裏,在前述的機構或領域範圍。,以外
裏,在前述的機構或領域範圍。,之外
裏,在前述的機構或領域範圍。,外
裏,在前述的機構或領域範圍。,外面
裡,事物內部不屬於表面的範圍。,外面
裡,事物內部不屬於表面的範圍。,外面
裡,在前述對象所包含的空間範圍。,外
裡,在前述對象所包含的空間範圍。,以外
裡,在前述對象所包含的空間範圍。,之外
裡,在前述對象所包含的空間範圍。,外面
裡,在前述對象所包含的空間範圍。,以外
裡,在前述對象所包含的空間範圍。,之外
裡,在前述對象所包含的空間範圍。,外
裡,在前述對象所包含的空間範圍。,外面
裡,在前述的機構或領域範圍。,外
裡,在前述的機構或領域範圍。,以外
裡,在前述的機構或領域範圍。,之外
裡,在前述的機構或領域範圍。,外面
裡,在前述的機構或領域範圍。,以外
裡,在前述的機構或領域範圍。,之外
裡,在前述的機構或領域範圍。,外
裡,在前述的機構或領域範圍。,外面
裡面,事物內部不屬於表面的範圍。,外面
裡面,事物內部不屬於表面的範圍。,外面
裡面,在前述對象所包含的空間範圍。,外
裡面,在前述對象所包含的空間範圍。,以外
裡面,在前述對象所包含的空間範圍。,之外
裡面,在前述對象所包含的空間範圍。,外面
裡面,在前述對象所包含的空間範圍。,外
裡面,在前述對象所包含的空間範圍。,以外
裡面,在前述對象所包含的空間範圍。,之外
裡面,在前述對象所包含的空間範圍。,外面
裡面,在前述的機構或領域範圍。,外
裡面,在前述的機構或領域範圍。,之外
裡面,在前述的機構或領域範圍。,以外
裡面,在前述的機構或領域範圍。,外面
裡面,在前述的機構或領域範圍。,外
裡面,在前述的機構或領域範圍。,以外
裡面,在前述的機構或領域範圍。,之外
裡面,在前述的機構或領域範圍。,外面
裡面,形容比預期中的位置更往內的。,出來
裡面,形容比預期中的位置更往內的。,出去
裡面,形容比預期中的位置更往內的。,外面
裡面,形容比預期中的位置更往內的。,外面
裡面,形容比預期中的位置更往內的。,出去
裡面,形容比預期中的位置更往內的。,出來
裡頭,事物內部不屬於表面的範圍。,外面
裡頭,事物內部不屬於表面的範圍。,外面
裡頭,在前述對象所包含的空間範圍。,外
裡頭,在前述對象所包含的空間範圍。,外面
裡頭,在前述對象所包含的空間範圍。,以外
裡頭,在前述對象所包含的空間範圍。,之外
裡頭,在前述對象所包含的空間範圍。,外
裡頭,在前述對象所包含的空間範圍。,以外
裡頭,在前述對象所包含的空間範圍。,之外
裡頭,在前述對象所包含的空間範圍。,外面
裡頭,在前述的機構或領域範圍。,外
裡頭,在前述的機構或領域範圍。,外面
裡頭,在前述的機構或領域範圍。,以外
裡頭,在前述的機構或領域範圍。,之外
裡頭,在前述的機構或領域範圍。,外
裡頭,在前述的機構或領域範圍。,以外
裡頭,在前述的機構或領域範圍。,之外
裡頭,在前述的機構或領域範圍。,外面
複雜,形容結構複雜，較不容易掌握的。,簡單
複雜,形容結構複雜，較不容易掌握的。,簡
西,歐洲與美洲國家的通稱。,東
西,歐洲與美洲國家的通稱。,東方
西,歐洲與美洲國家的通稱。,東
西,歐洲與美洲國家的通稱。,東方
西,形容形式、風格上屬於歐洲或美洲國家或來自歐洲與美洲國家的。,東
西,形容形式、風格上屬於歐洲或美洲國家或來自歐洲與美洲國家的。,東方
西,形容形式、風格上屬於歐洲或美洲國家或來自歐洲與美洲國家的。,東
西,形容形式、風格上屬於歐洲或美洲國家或來自歐洲與美洲國家的。,東方
西式,形容形式、風格上屬於歐洲或美洲國家或來自歐洲與美洲國家的。,東方
西式,形容形式、風格上屬於歐洲或美洲國家或來自歐洲與美洲國家的。,東
西式,形容形式、風格上屬於歐洲或美洲國家或來自歐洲與美洲國家的。,東
西式,形容形式、風格上屬於歐洲或美洲國家或來自歐洲與美洲國家的。,東方
西方,歐洲與美洲國家的通稱。,東
西方,歐洲與美洲國家的通稱。,東方
西方,歐洲與美洲國家的通稱。,東
西方,歐洲與美洲國家的通稱。,東方
西方,形容形式、風格上屬於歐洲或美洲國家或來自歐洲與美洲國家的。,東
西方,形容形式、風格上屬於歐洲或美洲國家或來自歐洲與美洲國家的。,東方
西方,形容形式、風格上屬於歐洲或美洲國家或來自歐洲與美洲國家的。,東
西方,形容形式、風格上屬於歐洲或美洲國家或來自歐洲與美洲國家的。,東方
要,表心中存有完成後述事件的願望。,不要
要,表心中存有完成後述事件的願望。,不要
要,形容在相關對象中意義重大的。,輕
要,形容在相關對象中意義重大的。,輕
許,允許後述事件發生。,不許
認,做出後述事件成立的陳述。,否認
負,形容對特定對象有不好的影響。,正
負,形容對特定對象有不好的影響。,正
負,形容比零小的。,正
負,形容比零小的。,正
負,比零小的數目。,正
負,比零小的數目。,正
負,用來表示數目比零小的數學符號。,正
負,用來表示數目比零小的數學符號。,正
負,形容電子聚集多的、帶負電的。,正
負,形容電子聚集多的、帶負電的。,陽
負,形容電子聚集多的、帶負電的。,正
負,形容電子聚集多的、帶負電的。,陽
負面,形容對特定對象有不好的影響。,正
負面,形容對特定對象有不好的影響。,正
貧,形容缺乏金錢，生活有困難的。,富
貧,形容缺乏金錢，生活有困難的。,富
貧,形容缺乏金錢，生活有困難的。,麥克
貧,形容不豐富的。,富
貧,形容不豐富的。,富
貴,形容價格高的。,賤
貴,形容價格高的。,便宜
貴,形容價格高的。,便宜
貴,形容價格高的。,賤
貴,形容價格變高的。,便宜
貴,形容價格變高的。,便宜
貴,形容地位崇高的。,賤
貴,形容地位崇高的。,賤
買方,買賣行為中以金錢換得貨物的一方。,賣方
買方,買賣行為中以金錢換得貨物的一方。,賣方
貼,經濟活動中損失後述金錢。,盈
貼,經濟活動中損失後述金錢。,盈
賃,限期借他人的物品使用，並支付費用。,出租
賃,限期借他人的物品使用，並支付費用。,租
賃,限期借他人的物品使用，並支付費用。,出租
賃,限期借他人的物品使用，並支付費用。,租
賃,限期借他人的物品使用，並支付費用。,租
賃,限期借他人的物品使用，並支付費用。,出租
賃,將東西限期借給別人使用，以收取費用。,租
賃,將東西限期借給別人使用，以收取費用。,承租
賃,將東西限期借給別人使用，以收取費用。,租
賃,將東西限期借給別人使用，以收取費用。,承租
賃,將東西限期借給別人使用，以收取費用。,承租
賃,將東西限期借給別人使用，以收取費用。,租
賠,因承擔責任而補償他人的損失。,賺
賠,因承擔責任而補償他人的損失。,賺
賠,損失資本。,賺
賠,在競爭中因失敗而給贏的一方代價。,贏
賠,在競爭中因失敗而給贏的一方代價。,贏
賣方,買賣行為中以貨物換得金錢的一方。,買方
賣方,買賣行為中以貨物換得金錢的一方。,買方
賤,形容價格低的。,貴
賤,形容價格低的。,昂
賤,形容價格低的。,昂
賤,形容價格低的。,貴
賤,形容地位卑下的。,貴
賤,形容地位卑下的。,尊
賤,形容地位卑下的。,貴
賤,形容地位卑下的。,尊
賴,依靠其他對象而不能自己獨立。,獨立
賴,依靠其他對象而不能自己獨立。,獨立
賴,依靠其他對象而不能自己獨立。,獨立
賺,得到後述金錢。,賠
賺,比喻得到後述好處。,賠
賽,形容運氣不好。,有幸
賽,形容運氣不好。,賽
賽,形容運氣不好。,塞
賽,形容運氣不好。,屎
賽,形容運氣不好。,塞
賽,形容運氣不好。,賽
賽,形容運氣不好。,有幸
賽,形容運氣不好。,屎
賽,形容運氣好。,衰
賽,形容運氣好。,背
賽,形容運氣好。,不幸
賽,形容運氣好。,賽
賽,形容運氣好。,塞
賽,形容運氣好。,屎
賽,形容運氣好。,糞
賽,形容運氣好。,不幸
賽,形容運氣好。,糞
賽,形容運氣好。,衰
賽,形容運氣好。,塞
賽,形容運氣好。,賽
賽,形容運氣好。,背
賽,形容運氣好。,不幸
贏,在競爭中獲勝。,墨
贏,在競爭中獲勝。,北
贏,在競爭中獲勝。,失
贏,在競爭中獲勝。,折
贏,在競爭中獲勝。,失敗
贏,在競爭中獲勝。,敗
贏,在競爭中獲勝。,北
贏,在競爭中獲勝。,失
贏,在競爭中獲勝。,墨
贏,在競爭中獲勝。,折
贏,在競爭中因勝利而從輸的一方獲得報償。,輸
贏,在競爭中因勝利而從輸的一方獲得報償。,賠
贏,在競爭中因勝利而從輸的一方獲得報償。,搭
贏,在競爭中因勝利而從輸的一方獲得報償。,賠
贏,在競爭中因勝利而從輸的一方獲得報償。,搭
贏,在競爭中因勝利而從輸的一方獲得報償。,輸
走,比喻生物失去生命。,生存
走,比喻生物失去生命。,活
走,比喻生物失去生命。,生
走,比喻生物失去生命。,存
走,比喻生物失去生命。,昌
走,比喻生物失去生命。,生存
走,比喻生物失去生命。,生
走,比喻生物失去生命。,生存
走,比喻生物失去生命。,生
走,比喻生物失去生命。,昌
走,比喻生物失去生命。,存
走,比喻生物失去生命。,活
走,比喻透露不該讓他人知道的事。,祕
走,比喻透露不該讓他人知道的事。,祕
起,表示事件時間範圍的開始參考點。,止
起,表示事件時間範圍的開始參考點。,為止
起,表示事件時間範圍的開始參考點。,止
起,表示事件時間範圍的開始參考點。,為止
起,表示接近空間參考點的空間界限或空間範圍從特定參考點開始。,止
起,表示接近空間參考點的空間界限或空間範圍從特定參考點開始。,為止
起,特定物體往上移動。,伏
起,特定物體往上移動。,伏
起,形容特定線條向上高起。,伏
起,形容特定線條向上高起。,伏
起,比喻音量變大或音高變高。,伏
起,比喻音量變大或音高變高。,伏
起,比喻特定事件朝向正面發展。,伏
起,比喻特定事件朝向正面發展。,伏
起,比喻情緒高昂。,伏
起,比喻情緒高昂。,伏
趕不及,無法趕上預期的事件或時間。,趕得及
趕不及,無法趕上預期的事件或時間。,趕得及
趕得及,表趕上預期的事件或時間。,趕不及
趕得及,表趕上預期的事件或時間。,趕不及
足,形容數量很多，達到主觀標準以上。,不足
足,形容數量很多，達到主觀標準以上。,不足
足,形容數量很多，達到主觀標準以上。,不足
足,形容程度很高，達到主觀標準以上。,不足
足,形容程度很高，達到主觀標準以上。,不足
足,形容程度很高，達到主觀標準以上。,不足
跌,比喻數量或數目減少。,上升
跌,比喻數量或數目減少。,上昇
跌,比喻數量或數目減少。,增高
跌,比喻數量或數目減少。,升級
跌,比喻數量或數目減少。,升
跌,比喻數量或數目減少。,增長
跌,比喻數量或數目減少。,提高
跌,比喻數量或數目減少。,上升
跌,比喻數量或數目減少。,上昇
跌,比喻數量或數目減少。,增高
跌,比喻數量或數目減少。,增長
跌,比喻數量或數目減少。,上昇
跌,比喻數量或數目減少。,升
跌,比喻數量或數目減少。,上升
跌,比喻數量或數目減少。,提高
跌,比喻數量或數目減少。,增高
跌,比喻數量或數目減少。,升級
跌,比喻數量或數目減少。,增長
跟,追隨特定的趨勢、潮流。,跟不上
跟,追隨特定的趨勢、潮流。,跟不上
跟不上,比喻處於較低的水準，比不上他人。,領先
跟不上,比喻處於較低的水準，比不上他人。,領先
跟不上,比喻處於較低的水準，比不上他人。,領先
跟不上,比喻無法追隨上特定的趨勢、潮流。,跟
跟不上,比喻無法追隨上特定的趨勢、潮流。,跟
身後,人死後。,生前
身後,人死後。,生前
軟,形容物體內部的組織較鬆，形狀容易被改變。,硬
軟,形容物體內部的組織較鬆，形狀容易被改變。,硬
軟,形容採取溫和不激烈的方式。,硬
軟,形容採取溫和不激烈的方式。,硬
軟,形容態度或立場易受影響而妥協。,硬
軟,形容態度或立場易受影響而妥協。,硬
軟,形容輕鬆、較不費腦力閱讀的。,硬
軟,形容輕鬆、較不費腦力閱讀的。,硬
軟性,形容物體內部的組織較鬆，形狀容易被改變。,硬
軟性,形容物體內部的組織較鬆，形狀容易被改變。,硬
軟性,形容輕鬆、較不費腦力閱讀的。,硬
軟性,形容輕鬆、較不費腦力閱讀的。,硬
軟片,尚未使用過，可供紀錄影像的感光材料。,硬
輕,形容重量小。,重
輕,形容重量小。,沉
輕,形容重量小。,沈
輕,形容重量小。,沈
輕,形容重量小。,重
輕,形容重量小。,沉
輕,形容密度比較小。,重
輕,形容密度比較小。,重
輕,形容量小，沒有負擔和壓迫的。,重
輕,形容特定對象的程度低。,重
輕,形容特定對象的程度低。,重
輕,形容造成或影響的後果比較不嚴重的。,重
輕,形容造成或影響的後果比較不嚴重的。,重
輕,形容金額或價值低。,重
輕,形容金額或價值低。,重
輕,形容力量強度小。,重
輕,形容力量強度小。,重
輕,形容程度較輕微的。,重
輕,形容程度較輕微的。,嚴峻
輕,形容程度較輕微的。,深
輕,形容程度較輕微的。,嚴重
輕,形容程度較輕微的。,嚴重
輕,形容程度較輕微的。,嚴重
輕,形容程度較輕微的。,重
輕,形容程度較輕微的。,嚴峻
輕,形容程度較輕微的。,深
輕,形容比預期比例低。,重
輕,不重視後述對象。,重
輕,不重視後述對象。,厚
輕,不重視後述對象。,重視
輕,不重視後述對象。,注重
輕,不重視後述對象。,偏
輕,不重視後述對象。,著重
輕,不重視後述對象。,重視
輕,不重視後述對象。,重
輕,不重視後述對象。,厚
輕,不重視後述對象。,偏
輕,不重視後述對象。,著重
輕,不重視後述對象。,重視
輕,不重視後述對象。,注重
輕,形容在相關對象中意義不重大的。,重
輕,形容在相關對象中意義不重大的。,要
輕,形容在相關對象中意義不重大的。,重要
輕,形容在相關對象中意義不重大的。,緊
輕,形容在相關對象中意義不重大的。,重
輕,形容在相關對象中意義不重大的。,要
輕,形容在相關對象中意義不重大的。,重要
輕,形容在相關對象中意義不重大的。,緊
輕,形容中國傳統命理中形容命運較不好的。,重
輕,形容中國傳統命理中形容命運較不好的。,重
輕度,形容程度較輕微的。,重
輕度,形容程度較輕微的。,深
輕度,形容程度較輕微的。,嚴重
輕度,形容程度較輕微的。,嚴峻
輕度,形容程度較輕微的。,嚴重
輕度,形容程度較輕微的。,嚴重
輕度,形容程度較輕微的。,重
輕度,形容程度較輕微的。,嚴峻
輕度,形容程度較輕微的。,深
輕聲,表聲量小，音調低，讓他人不容易聽到。,高聲
輕聲,表聲量小，音調低，讓他人不容易聽到。,高聲
輸,形容在競爭中被打敗。,克
輸,形容在競爭中被打敗。,勝
輸,形容在競爭中被打敗。,勝
輸,形容在競爭中被打敗。,取勝
輸,形容在競爭中被打敗。,敗
輸,形容在競爭中被打敗。,捷
輸,形容在競爭中被打敗。,取勝
輸,在競爭中因失敗而給贏的一方代價。,贏
輸,在競爭中因失敗而給贏的一方代價。,贏
輾轉,表經過中間程序，不直接。,直
輾轉,表經過中間程序，不直接。,直
近,形容空間的距離短。,遠
近,形容空間的距離短。,遙
近,形容空間的距離短。,遠
近,形容空間的距離短。,遙
近,形容空間的距離短。,長程
近,形容空間的距離短。,遠
近,形容空間的距離短。,遙
近,形容時間的距離短。,遠
近,形容時間的距離短。,遠
近,形容時間的距離短。,遙
近,形容時間的距離短。,遙
近,形容關係密切的。,遠
近,形容關係密切的。,遠
近路,比一般更快的路程或方法。,遠路
近路,比一般更快的路程或方法。,遠道
近路,比一般更快的路程或方法。,遠道
近路,比一般更快的路程或方法。,遠路
迫,形容特定空間內的特定對象數量多到幾乎超過最大容量。,鬆
迫,形容特定空間內的特定對象數量多到幾乎超過最大容量。,鬆
退,物體往與面對方向相反的方向移動。,進
退,物體往與面對方向相反的方向移動。,進
逆,引介比喻事件進行的歷程，其歷程與該時間參考點的潮流相反。,順
逆,引介比喻事件進行的歷程，其歷程與該時間參考點的潮流相反。,順
逆,形容沒有朝預期方向生長的。,順
逆,形容沒有朝預期方向生長的。,順
逆,形容事件進行的過程不順利的。,順
逆,形容事件進行的過程不順利的。,順
逆,不服從、不遵循特定對象。,順
這,根據說話者說話時所處的時空而言，指稱比較近的後述對象。,那
這,根據說話者說話時所處的時空而言，指稱比較近的後述對象。,那
這,離說話者或參考點較近的位置。,那裏
這,離說話者或參考點較近的位置。,那裡
這,離說話者或參考點較近的位置。,那
這,離說話者或參考點較近的位置。,那邊
這,離說話者或參考點較近的位置。,那兒
這,離說話者或參考點較近的位置。,那
這,離說話者或參考點較近的位置。,那裏
這,離說話者或參考點較近的位置。,那邊
這,離說話者或參考點較近的位置。,那裡
這,離說話者或參考點較近的位置。,那兒
這兒,離說話者或參考點較近的位置。,那兒
這兒,離說話者或參考點較近的位置。,那裏
這兒,離說話者或參考點較近的位置。,那裡
這兒,離說話者或參考點較近的位置。,那
這兒,離說話者或參考點較近的位置。,那邊
這兒,離說話者或參考點較近的位置。,那
這兒,離說話者或參考點較近的位置。,那兒
這兒,離說話者或參考點較近的位置。,那邊
這兒,離說話者或參考點較近的位置。,那裡
這兒,離說話者或參考點較近的位置。,那裏
這樣,代指與說話者距離較近的事件狀態。,那樣
這樣,代指與說話者距離較近的事件狀態。,那麼樣
這樣,代指與說話者距離較近的事件狀態。,那樣
這樣,代指與說話者距離較近的事件狀態。,那麼樣
這樣子,代指說話者距離較近的事件狀態。,那樣
這樣子,代指說話者距離較近的事件狀態。,那麼樣
這樣子,代指說話者距離較近的事件狀態。,那樣
這樣子,代指說話者距離較近的事件狀態。,那麼樣
這裏,離說話者或參考點較近的位置。,那裏
這裏,離說話者或參考點較近的位置。,那裡
這裏,離說話者或參考點較近的位置。,那
這裏,離說話者或參考點較近的位置。,那邊
這裏,離說話者或參考點較近的位置。,那兒
這裏,離說話者或參考點較近的位置。,那
這裏,離說話者或參考點較近的位置。,那裏
這裏,離說話者或參考點較近的位置。,那邊
這裏,離說話者或參考點較近的位置。,那裡
這裏,離說話者或參考點較近的位置。,那兒
這裡,離說話者或參考點較近的位置。,那裏
這裡,離說話者或參考點較近的位置。,那裡
這裡,離說話者或參考點較近的位置。,那
這裡,離說話者或參考點較近的位置。,那邊
這裡,離說話者或參考點較近的位置。,那兒
這裡,離說話者或參考點較近的位置。,那
這裡,離說話者或參考點較近的位置。,那裏
這裡,離說話者或參考點較近的位置。,那邊
這裡,離說話者或參考點較近的位置。,那裡
這裡,離說話者或參考點較近的位置。,那兒
這邊,離說話者或參考點較近的位置。,那裏
這邊,離說話者或參考點較近的位置。,那裡
這邊,離說話者或參考點較近的位置。,那
這邊,離說話者或參考點較近的位置。,那兒
這邊,離說話者或參考點較近的位置。,那邊
這邊,離說話者或參考點較近的位置。,那
這邊,離說話者或參考點較近的位置。,那裏
這邊,離說話者或參考點較近的位置。,那兒
這邊,離說話者或參考點較近的位置。,那裡
這邊,離說話者或參考點較近的位置。,那邊
逝,比喻生物失去生命。,生存
逝,比喻生物失去生命。,活
逝,比喻生物失去生命。,生
逝,比喻生物失去生命。,存
逝,比喻生物失去生命。,昌
逝,比喻生物失去生命。,生存
逝,比喻生物失去生命。,生
逝,比喻生物失去生命。,生存
逝,比喻生物失去生命。,生
逝,比喻生物失去生命。,昌
逝,比喻生物失去生命。,存
逝,比喻生物失去生命。,活
速,形容事件或事件的特定段落進行的時間短。,慢慢
速,形容事件或事件的特定段落進行的時間短。,龜
速,形容事件或事件的特定段落進行的時間短。,慢
連續,形容相連、不間斷的。,離散
連續,形容相連、不間斷的。,離散
連續,形容相連、不間斷的。,離散
進,物體往與面對方向相同的方向移動。,退
進,物體往與面對方向相同的方向移動。,退
進,從參考位置的外面移到參考位置的裡面。,出去
進,從參考位置的外面移到參考位置的裡面。,出來
進,從參考位置的外面移到參考位置的裡面。,出
進,從參考位置的外面移到參考位置的裡面。,出去
進,從參考位置的外面移到參考位置的裡面。,出來
進,從參考位置的外面移到參考位置的裡面。,出
進,比喻正式加入特定團體。,出去
進,比喻正式加入特定團體。,出來
進,比喻正式加入特定團體。,出去
進,比喻正式加入特定團體。,出來
進來,從參考位置的外面移到參考位置的裡面。,出去
進來,從參考位置的外面移到參考位置的裡面。,出來
進來,從參考位置的外面移到參考位置的裡面。,出
進來,從參考位置的外面移到參考位置的裡面。,出來
進來,從參考位置的外面移到參考位置的裡面。,出去
進來,從參考位置的外面移到參考位置的裡面。,出
進來,比喻正式加入特定團體。,出去
進來,比喻正式加入特定團體。,出來
進來,比喻正式加入特定團體。,出去
進來,比喻正式加入特定團體。,出來
進來,事件以主事者或主事者所在的位置為終點發生。,出去
進來,事件以主事者或主事者所在的位置為終點發生。,出去
進入,從參考位置的外面移到參考位置的裡面。,出去
進入,從參考位置的外面移到參考位置的裡面。,出來
進入,從參考位置的外面移到參考位置的裡面。,出
進入,從參考位置的外面移到參考位置的裡面。,出來
進入,從參考位置的外面移到參考位置的裡面。,出去
進入,從參考位置的外面移到參考位置的裡面。,出
進入,比喻正式加入特定團體。,出去
進入,比喻正式加入特定團體。,出來
進入,比喻正式加入特定團體。,出去
進入,比喻正式加入特定團體。,出來
進去,從參考位置的外面移到參考位置的裡面。,出去
進去,從參考位置的外面移到參考位置的裡面。,出來
進去,從參考位置的外面移到參考位置的裡面。,出
進去,從參考位置的外面移到參考位置的裡面。,出來
進去,從參考位置的外面移到參考位置的裡面。,出去
進去,從參考位置的外面移到參考位置的裡面。,出
進去,比喻正式加入特定團體。,出去
進去,比喻正式加入特定團體。,出來
進去,比喻正式加入特定團體。,出去
進去,比喻正式加入特定團體。,出來
進去,形容比預期中的位置更往內的。,出去
進去,形容比預期中的位置更往內的。,出來
進去,形容比預期中的位置更往內的。,外面
進去,形容比預期中的位置更往內的。,出去
進去,形容比預期中的位置更往內的。,出來
進去,形容比預期中的位置更往內的。,外面
進口,形容非說話者所屬的國家所出產的。,土
進口,形容非說話者所屬的國家所出產的。,國內
進口,形容非說話者所屬的國家所出產的。,國產
進口,形容非說話者所屬的國家所出產的。,國產
進口,形容非說話者所屬的國家所出產的。,國內
進口,形容非說話者所屬的國家所出產的。,土
過,因犯錯而需承擔的責任。,功
過,因犯錯而需承擔的責任。,功
過來,形容比預期中的位置更接近參考點。,過去
過來,形容比預期中的位置更接近參考點。,過去
過來,離開原地向說話者所在的方向移動。,過去
過來,離開原地向說話者所在的方向移動。,過去
過來,表示達到正常的或較好的狀態或回到原來的狀態。,過去
過來,表示達到正常的或較好的狀態或回到原來的狀態。,過去
過來,物體改變方向，變成面對參考點。,過去
過來,物體改變方向，變成面對參考點。,過去
過來,比前述位置更接近參考點的方向。,過去
過來,比前述位置更接近參考點的方向。,過去
過去,物體改變方向或背對參考點。,過來
過去,物體改變方向或背對參考點。,過來
過去,比前述位置離參考點的方向更遠。,過來
過去,比前述位置離參考點的方向更遠。,過來
過去,形容比預期中的位置更遠離參考點。,過來
過去,形容比預期中的位置更遠離參考點。,過來
過去,在時間參考點之前的時段。,後
過去,在時間參考點之前的時段。,后
過去,在時間參考點之前的時段。,後面
過去,在時間參考點之前的時段。,后
過去,在時間參考點之前的時段。,後
過去,在時間參考點之前的時段。,后
過去,在時間參考點之前的時段。,後面
過去,早於現在或前述事件的時段。,慢
過去,早於現在或前述事件的時段。,後
過去,早於現在或前述事件的時段。,后
過去,早於現在或前述事件的時段。,後面
過去,早於現在或前述事件的時段。,后
過去,早於現在或前述事件的時段。,以後
過去,早於現在或前述事件的時段。,之後
過去,早於現在或前述事件的時段。,以后
過去,早於現在或前述事件的時段。,之后
過去,早於現在或前述事件的時段。,而後
過去,早於現在或前述事件的時段。,晚
過去,早於現在或前述事件的時段。,後來
過去,早於現在或前述事件的時段。,以往
過去,早於現在或前述事件的時段。,後
過去,早於現在或前述事件的時段。,后
過去,早於現在或前述事件的時段。,以後
過去,早於現在或前述事件的時段。,以后
過去,早於現在或前述事件的時段。,之後
過去,早於現在或前述事件的時段。,之后
過去,早於現在或前述事件的時段。,晚
過去,早於現在或前述事件的時段。,後面
過去,早於現在或前述事件的時段。,而後
過去,早於現在或前述事件的時段。,慢
過去,早於現在或前述事件的時段。,後來
過去,早於現在或前述事件的時段。,以往
過去,形容生物失去生命。,存
過去,形容生物失去生命。,生存
過去,形容生物失去生命。,活
過去,形容生物失去生命。,生
過去,形容生物失去生命。,昌
過去,形容生物失去生命。,生存
過去,形容生物失去生命。,生
過去,形容生物失去生命。,生存
過去,形容生物失去生命。,生
過去,形容生物失去生命。,昌
過去,形容生物失去生命。,存
過去,形容生物失去生命。,活
過去,形容比喻變成異常或不好的狀態。,過來
過去,形容比喻變成異常或不好的狀態。,過來
過去,朝向參考點移動。,過來
過去,朝向參考點移動。,過來
過往,早於現在或前述事件的時段。,後
過往,早於現在或前述事件的時段。,后
過往,早於現在或前述事件的時段。,後面
過往,早於現在或前述事件的時段。,后
過往,早於現在或前述事件的時段。,以後
過往,早於現在或前述事件的時段。,之後
過往,早於現在或前述事件的時段。,以后
過往,早於現在或前述事件的時段。,之后
過往,早於現在或前述事件的時段。,而後
過往,早於現在或前述事件的時段。,晚
過往,早於現在或前述事件的時段。,慢
過往,早於現在或前述事件的時段。,後來
過往,早於現在或前述事件的時段。,以往
過往,早於現在或前述事件的時段。,后
過往,早於現在或前述事件的時段。,以後
過往,早於現在或前述事件的時段。,之後
過往,早於現在或前述事件的時段。,以后
過往,早於現在或前述事件的時段。,之后
過往,早於現在或前述事件的時段。,晚
過往,早於現在或前述事件的時段。,後
過往,早於現在或前述事件的時段。,後面
過往,早於現在或前述事件的時段。,而後
過往,早於現在或前述事件的時段。,慢
過往,早於現在或前述事件的時段。,後來
過往,早於現在或前述事件的時段。,以往
過往,在時間參考點之前的時段。,後
過往,在時間參考點之前的時段。,后
過往,在時間參考點之前的時段。,後面
過往,在時間參考點之前的時段。,后
過往,在時間參考點之前的時段。,後
過往,在時間參考點之前的時段。,后
過往,在時間參考點之前的時段。,後面
過往,比喻生物失去生命。,生存
過往,比喻生物失去生命。,活
過往,比喻生物失去生命。,生
過往,比喻生物失去生命。,存
過往,比喻生物失去生命。,昌
過往,比喻生物失去生命。,生存
過往,比喻生物失去生命。,生
過往,比喻生物失去生命。,生存
過往,比喻生物失去生命。,生
過往,比喻生物失去生命。,昌
過往,比喻生物失去生命。,活
過往,比喻生物失去生命。,存
達,時間已到特定參考時點。,不到
達,時間已到特定參考時點。,不到
遙,形容空間的距離長。,近
遙,形容時間的距離長。,近
遙,形容時間的距離長。,近
遜,形容對特定對象的評價是負面的。,好
遜,形容對特定對象的評價是負面的。,佳
遜,形容對特定對象的評價是負面的。,良好
遜,形容對特定對象的評價是負面的。,優
遜,形容對特定對象的評價是負面的。,嘉
遜,形容對特定對象的評價是負面的。,良
遜,形容對特定對象的評價是負面的。,不錯
遜,形容對特定對象的評價是負面的。,好
遜,形容對特定對象的評價是負面的。,佳
遜,形容對特定對象的評價是負面的。,良
遜,形容對特定對象的評價是負面的。,良好
遜,形容對特定對象的評價是負面的。,優
遜,形容對特定對象的評價是負面的。,嘉
遜,形容對特定對象的評價是負面的。,不錯
遠,形容空間的距離長。,近
遠,形容時間的距離長。,近
遠,形容時間的距離長。,近
遠,形容關係淡薄的。,近
遠,形容關係淡薄的。,接近
遠,形容關係淡薄的。,攏
遠,形容關係淡薄的。,近
遠,形容關係淡薄的。,攏
遠,形容關係淡薄的。,接近
遠路,比一般更遠的路程。,近路
遠路,比一般更遠的路程。,捷徑
遠路,比一般更遠的路程。,捷徑
遠路,比一般更遠的路程。,近路
遠道,比一般更遠的路程。,近路
遠道,比一般更遠的路程。,捷徑
遠道,比一般更遠的路程。,捷徑
遠道,比一般更遠的路程。,近路
適,形容身體感到舒適暢快。,難過
適,形容身體感到舒適暢快。,難受
適,形容身體感到舒適暢快。,壞
適,形容身體感到舒適暢快。,差
適,形容身體感到舒適暢快。,糟
適,形容身體感到舒適暢快。,難受
適,形容身體感到舒適暢快。,難過
適,形容身體感到舒適暢快。,差
適,形容身體感到舒適暢快。,難受
適,形容身體感到舒適暢快。,壞
適,形容身體感到舒適暢快。,糟
遲,形容在語境中共同認知的時間範圍內屬於最後的時段。,早
遲,形容在語境中共同認知的時間範圍內屬於最後的時段。,早
遲,形容事件的發生比預期的時間延後的。,早
遲,形容事件的發生比預期的時間延後的。,早
遲,形容事件發生時間在其他同類事件之後。,早
遲,形容事件發生時間在其他同類事件之後。,早
遺忘,在腦中失去原有的印象。,不忘
遺忘,在腦中失去原有的印象。,不忘
邁,形容年紀大的。,少
邁,形容年紀大的。,小
邁,形容年紀大的。,少
邁,形容年紀大的。,小
邁,形容事物已經存在很久了。,新
邁,形容事物已經存在很久了。,新興
邁,形容事物已經存在很久了。,新
邁,形容事物已經存在很久了。,新興
那,根據說話者說話時所處的時空而言，指稱比較遠的後述對象。,這
那,根據說話者說話時所處的時空而言，指稱比較遠的後述對象。,這
那,根據說話者說話時所處的時空而言，指稱比較遠的後述對象。,本
那,離說話者或參考點較遠的位置。,這裏
那,離說話者或參考點較遠的位置。,這裡
那,離說話者或參考點較遠的位置。,此
那,離說話者或參考點較遠的位置。,這
那,離說話者或參考點較遠的位置。,斯
那,離說話者或參考點較遠的位置。,這邊
那,離說話者或參考點較遠的位置。,這兒
那,離說話者或參考點較遠的位置。,這裡
那,離說話者或參考點較遠的位置。,此
那,離說話者或參考點較遠的位置。,斯
那,離說話者或參考點較遠的位置。,這
那,離說話者或參考點較遠的位置。,這兒
那,離說話者或參考點較遠的位置。,這裏
那,離說話者或參考點較遠的位置。,這邊
那兒,離說話者或參考點較遠的位置。,這
那兒,離說話者或參考點較遠的位置。,這裏
那兒,離說話者或參考點較遠的位置。,這裡
那兒,離說話者或參考點較遠的位置。,此
那兒,離說話者或參考點較遠的位置。,斯
那兒,離說話者或參考點較遠的位置。,這邊
那兒,離說話者或參考點較遠的位置。,這兒
那兒,離說話者或參考點較遠的位置。,這
那兒,離說話者或參考點較遠的位置。,這裡
那兒,離說話者或參考點較遠的位置。,此
那兒,離說話者或參考點較遠的位置。,斯
那兒,離說話者或參考點較遠的位置。,這兒
那兒,離說話者或參考點較遠的位置。,這裏
那兒,離說話者或參考點較遠的位置。,這邊
那樣,代指與說話者距離較遠的事件狀態。,這樣子
那樣,代指與說話者距離較遠的事件狀態。,這樣
那樣,代指與說話者距離較遠的事件狀態。,這樣
那樣,代指與說話者距離較遠的事件狀態。,這樣子
那裏,離說話者或參考點較遠的位置。,這
那裏,離說話者或參考點較遠的位置。,這裡
那裏,離說話者或參考點較遠的位置。,這裏
那裏,離說話者或參考點較遠的位置。,此
那裏,離說話者或參考點較遠的位置。,斯
那裏,離說話者或參考點較遠的位置。,這邊
那裏,離說話者或參考點較遠的位置。,這兒
那裏,離說話者或參考點較遠的位置。,這裡
那裏,離說話者或參考點較遠的位置。,此
那裏,離說話者或參考點較遠的位置。,斯
那裏,離說話者或參考點較遠的位置。,這
那裏,離說話者或參考點較遠的位置。,這兒
那裏,離說話者或參考點較遠的位置。,這裏
那裏,離說話者或參考點較遠的位置。,這邊
那裡,離說話者或參考點較遠的位置。,這
那裡,離說話者或參考點較遠的位置。,這裏
那裡,離說話者或參考點較遠的位置。,這裡
那裡,離說話者或參考點較遠的位置。,此
那裡,離說話者或參考點較遠的位置。,斯
那裡,離說話者或參考點較遠的位置。,這兒
那裡,離說話者或參考點較遠的位置。,這邊
那裡,離說話者或參考點較遠的位置。,這裡
那裡,離說話者或參考點較遠的位置。,此
那裡,離說話者或參考點較遠的位置。,斯
那裡,離說話者或參考點較遠的位置。,這
那裡,離說話者或參考點較遠的位置。,這兒
那裡,離說話者或參考點較遠的位置。,這裏
那裡,離說話者或參考點較遠的位置。,這邊
那邊,離說話者或參考點較遠的位置。,這
那邊,離說話者或參考點較遠的位置。,這裡
那邊,離說話者或參考點較遠的位置。,這裏
那邊,離說話者或參考點較遠的位置。,此
那邊,離說話者或參考點較遠的位置。,斯
那邊,離說話者或參考點較遠的位置。,這兒
那邊,離說話者或參考點較遠的位置。,這邊
那邊,離說話者或參考點較遠的位置。,這裡
那邊,離說話者或參考點較遠的位置。,此
那邊,離說話者或參考點較遠的位置。,斯
那邊,離說話者或參考點較遠的位置。,這
那邊,離說話者或參考點較遠的位置。,這兒
那邊,離說話者或參考點較遠的位置。,這裏
那邊,離說話者或參考點較遠的位置。,這邊
那麼樣,代指與說話者距離較遠的事件狀態。,這樣
那麼樣,代指與說話者距離較遠的事件狀態。,這樣子
那麼樣,代指與說話者距離較遠的事件狀態。,這樣子
那麼樣,代指與說話者距離較遠的事件狀態。,這樣
部份,表整體中的特定個體。,全部
部份,表整體中的特定個體。,一
部份,表整體中的特定個體。,壹
部份,表整體中的特定個體。,整
部份,表整體中的特定個體。,滿
部份,表整體中的特定個體。,悉皆
部份,表整體中的特定個體。,悉數
部份,表整體中的特定個體。,渾
部份,表整體中的特定個體。,全
部份,表整體中的特定個體。,全部
部份,表整體中的特定個體。,整
部份,表整體中的特定個體。,滿
部份,表整體中的特定個體。,悉皆
部份,表整體中的特定個體。,全
部份,表整體中的特定個體。,悉數
部份,表整體中的特定個體。,一
部份,表整體中的特定個體。,壹
部份,表整體中的特定個體。,渾
部分,表整體中的特定個體。,全部
部分,表整體中的特定個體。,一
部分,表整體中的特定個體。,壹
部分,表整體中的特定個體。,滿
部分,表整體中的特定個體。,整
部分,表整體中的特定個體。,悉皆
部分,表整體中的特定個體。,悉數
部分,表整體中的特定個體。,渾
部分,表整體中的特定個體。,全
部分,表整體中的特定個體。,全部
部分,表整體中的特定個體。,整
部分,表整體中的特定個體。,滿
部分,表整體中的特定個體。,悉皆
部分,表整體中的特定個體。,全
部分,表整體中的特定個體。,悉數
部分,表整體中的特定個體。,一
部分,表整體中的特定個體。,壹
部分,表整體中的特定個體。,渾
醒,結束睡眠的狀態。,睡
醒,結束睡眠的狀態。,眠
醒,結束睡眠的狀態。,睏
醒,結束睡眠的狀態。,睡覺
醒,結束睡眠的狀態。,寢
醒,結束睡眠的狀態。,眠
醒,結束睡眠的狀態。,睡覺
醒,結束睡眠的狀態。,寢
醒,結束睡眠的狀態。,睡
醒,結束睡眠的狀態。,睏
醒,結束睡眠的狀態。,睡
醒,結束睡眠的狀態。,睡覺
醒,結束睡眠的狀態。,眠
醒,結束睡眠的狀態。,寢
醒,比喻機器從休眠狀態進入運作的狀態。,睡
醒,比喻機器從休眠狀態進入運作的狀態。,睡覺
醒,比喻機器從休眠狀態進入運作的狀態。,睡
醒,比喻機器從休眠狀態進入運作的狀態。,睡覺
醜,形容人或物的外表不好看，不具有美的特質。,美麗
醜,形容人或物的外表不好看，不具有美的特質。,漂亮
醜,形容人或物的外表不好看，不具有美的特質。,水
醜,形容人或物的外表不好看，不具有美的特質。,亮
醜,形容人或物的外表不好看，不具有美的特質。,美
醜,形容人或物的外表不好看，不具有美的特質。,漂
醜,形容人或物的外表不好看，不具有美的特質。,秀
醜,形容人或物的外表不好看，不具有美的特質。,麗
醜,形容人或物的外表不好看，不具有美的特質。,美麗
醜,形容人或物的外表不好看，不具有美的特質。,美
醜,形容人或物的外表不好看，不具有美的特質。,漂亮
醜,形容人或物的外表不好看，不具有美的特質。,美麗
醜,形容人或物的外表不好看，不具有美的特質。,美
醜,形容人或物的外表不好看，不具有美的特質。,秀
醜,形容人或物的外表不好看，不具有美的特質。,水
醜,形容人或物的外表不好看，不具有美的特質。,麗
醜,形容人或物的外表不好看，不具有美的特質。,漂
醜,形容人或物的外表不好看，不具有美的特質。,亮
醜,形容人或物的外表不好看，不具有美的特質。,美
醜,形容比喻心地不善良的。,美麗
醜,形容比喻心地不善良的。,美麗
醜,形容比喻令人感到不愉悅的。,美麗
醜,形容比喻令人感到不愉悅的。,美
醜,形容比喻令人感到不愉悅的。,美好
醜,形容比喻令人感到不愉悅的。,美麗
醜,形容比喻令人感到不愉悅的。,美
醜,形容比喻令人感到不愉悅的。,美好
醜,形容比喻令人感到不愉悅的。,美麗
醜,形容比喻令人感到不愉悅的。,美
醜,形容比喻令人感到不愉悅的。,美好
釋,解除對後述對象的約束，使其得到自由。,押
釋,解除對後述對象的約束，使其得到自由。,拘
釋,解除對後述對象的約束，使其得到自由。,拘
釋,解除對後述對象的約束，使其得到自由。,押
釋放,解除對後述對象的約束，使其得到自由。,拘
釋放,解除對後述對象的約束，使其得到自由。,押
重,形容重量大。,輕
重,形容重量大。,輕
重,形容密度比較大。,輕
重,形容密度比較大。,輕
重,形容量大到超出一般人所能承受的程度。,輕
重,形容量大到超出一般人所能承受的程度。,輕
重,形容量大到超出一般人所能承受的程度。,輕
重,形容特定對象的程度高。,輕
重,形容特定對象的程度高。,輕
重,形容造成或影響的後果嚴重的。,輕
重,形容造成或影響的後果嚴重的。,輕
重,形容金額或價值高。,輕
重,形容金額或價值高。,輕
重,形容力量強度大。,輕
重,形容力量強度大。,輕
重,形容前述狀態的程度高，通常為負面。,輕
重,形容前述狀態的程度高，通常為負面。,輕度
重,形容前述狀態的程度高，通常為負面。,淺
重,形容前述狀態的程度高，通常為負面。,輕度
重,形容前述狀態的程度高，通常為負面。,淺
重,形容前述狀態的程度高，通常為負面。,輕
重,形容比預期比例高。,輕
重,形容比預期比例高。,輕
重,形容比預期比例高。,輕
重,看重並強調後述對象。,輕
重,看重並強調後述對象。,薄
重,看重並強調後述對象。,輕
重,看重並強調後述對象。,薄
重,形容在相關對象中意義重大的。,輕
重,形容在相關對象中意義重大的。,輕
重,形容中國傳統命相中表命運較好的。,輕
重,形容中國傳統命相中表命運較好的。,輕
重要,形容在相關對象中意義重大的。,輕
重要,形容在相關對象中意義重大的。,輕
重視,看重並強調後述對象。,薄
重視,看重並強調後述對象。,輕
鈍,形容不鋒利的。,銳
鈍,形容不鋒利的。,利
鈍,形容不鋒利的。,銳
鈍,形容不鋒利的。,利
銳,形容尖且容易刺進物體的。,鈍
銳,形容尖且容易刺進物體的。,禿
銳,形容尖且容易刺進物體的。,鈍
銳,形容尖且容易刺進物體的。,禿
錯,形容違背事實或真理。,對
錯,形容違背事實或真理。,對
錯,形容違背事實或真理。,是
錯,形容違背事實或真理。,是
錯,形容違背事實或真理。,不錯
錯,因犯錯而需承擔的責任。,功
錯,因犯錯而需承擔的責任。,功
長,形容同一物體兩端點之間的長度大。,短
長,形容同一物體兩端點之間的長度大。,短
長,形容兩端點之間的路徑距離大。,短
長,形容兩端點之間的路徑距離大。,短
長,形容事件持續的時間間隔大。,短
長,形容事件持續的時間間隔大。,淺
長,形容事件持續的時間間隔大。,暫
長,形容事件持續的時間間隔大。,暫
長,形容事件持續的時間間隔大。,短
長,形容事件持續的時間間隔大。,淺
長,形容事件持續的時間間隔大。,暫
長,形容文本從開始到結束的字數多或篇幅大。,短
長,形容文本從開始到結束的字數多或篇幅大。,短
長,形容買賣時間差距大。,短
長,形容買賣時間差距大。,短
長,前述長度增加的長度等同後述長度。,短
長,前述長度增加的長度等同後述長度。,短
長,前述時間增加的時間等同後述時間。,短
長,前述時間增加的時間等同後述時間。,短
長,專精的技術或領域。,短
長,專精的技術或領域。,不足
長,專精的技術或領域。,短
長,專精的技術或領域。,不足
長,形容母音持續的時間間隔大。,短
長,形容母音持續的時間間隔大。,短
長,形容年紀大的。,少
長,形容年紀大的。,小
長,形容年紀大的。,少
長,形容年紀大的。,小
長久,形容事件持續的時間間隔大。,短
長久,形容事件持續的時間間隔大。,淺
長久,形容事件持續的時間間隔大。,暫
長久,形容事件持續的時間間隔大。,暫
長久,形容事件持續的時間間隔大。,短
長久,形容事件持續的時間間隔大。,淺
長久,形容事件持續的時間間隔大。,暫
長程,形容需要長時間完成的。,近
閉,將特定對象的開口或通道閉合。,開
閉,將特定對象的開口或通道閉合。,啟
閉,將特定對象的開口或通道閉合。,打開
閉,將特定對象的開口或通道閉合。,開
閉,將特定對象的開口或通道閉合。,啟
閉,將特定對象的開口或通道閉合。,打開
閉,物體可以緊密結合的兩個部件結合在一起。,開
閉,物體可以緊密結合的兩個部件結合在一起。,啟
閉,物體可以緊密結合的兩個部件結合在一起。,打開
閉,物體可以緊密結合的兩個部件結合在一起。,開
閉,物體可以緊密結合的兩個部件結合在一起。,啟
閉,物體可以緊密結合的兩個部件結合在一起。,打開
閉,形容物體可以緊密結合的兩個部件結合在一起。,開
閉,形容物體可以緊密結合的兩個部件結合在一起。,開
閉,利用開關裝置使機器停止運作。,開
閉,利用開關裝置使機器停止運作。,啟
閉,利用開關裝置使機器停止運作。,打開
閉,利用開關裝置使機器停止運作。,開
閉,利用開關裝置使機器停止運作。,啟
閉,利用開關裝置使機器停止運作。,打開
閉,利用開關裝置使輸送管管道封閉不流通。,開
閉,利用開關裝置使輸送管管道封閉不流通。,打開
閉,利用開關裝置使輸送管管道封閉不流通。,開
閉,利用開關裝置使輸送管管道封閉不流通。,打開
閉,商店或機構停止運作。,開
閉,商店或機構停止運作。,開
閉,事件或狀態到特定時點終止。,開
閉,事件或狀態到特定時點終止。,始
閉,事件或狀態到特定時點終止。,開始
閉,事件或狀態到特定時點終止。,啟
閉,事件或狀態到特定時點終止。,始
閉,事件或狀態到特定時點終止。,開始
閉,事件或狀態到特定時點終止。,開始
閉,事件或狀態到特定時點終止。,始
閉,事件或狀態到特定時點終止。,開
閉,事件或狀態到特定時點終止。,啟
閉,停止講話或唱歌。,開
閉,停止講話或唱歌。,開口
閉,停止講話或唱歌。,打開
閉,停止講話或唱歌。,開口
閉,停止講話或唱歌。,開
閉,停止講話或唱歌。,打開
開,開始講話或唱歌。,閉
開,開始講話或唱歌。,閉
開,通指物體可以緊密結合的兩個部件往相反方向運動。,閉
開,通指物體可以緊密結合的兩個部件往相反方向運動。,閉
開,形容物體的部件不緊密結合。,閉
開,形容物體的部件不緊密結合。,閉
開,利用開關裝置使機器運作。,閉
開,利用開關裝置使機器運作。,閉
開,利用開關裝置使輸送管道流通。,閉
開,利用開關裝置使輸送管道流通。,閉
開,利用開關裝置調節前述對象。,關
開,利用開關裝置調節前述對象。,關
開,事件或狀態從頭或特定時點起。,閉
開,事件或狀態從頭或特定時點起。,結束
開,事件或狀態從頭或特定時點起。,終
開,事件或狀態從頭或特定時點起。,完
開,事件或狀態從頭或特定時點起。,結束
開,事件或狀態從頭或特定時點起。,終
開,事件或狀態從頭或特定時點起。,結束
開,事件或狀態從頭或特定時點起。,閉
開,事件或狀態從頭或特定時點起。,終
開,事件或狀態從頭或特定時點起。,完
開,從事件的起始點進行。,結束
開,從事件的起始點進行。,結
開,從事件的起始點進行。,結
開,從事件的起始點進行。,結束
開,經營後述商店或機構。,關門
開,經營後述商店或機構。,關閉
開,經營後述商店或機構。,閉
開,經營後述商店或機構。,關
開,經營後述商店或機構。,關門
開,經營後述商店或機構。,關門
開,經營後述商店或機構。,閉
開,經營後述商店或機構。,關
開,經營後述商店或機構。,關閉
開,移動封閉門窗的裝置物，使其空間的出入口不被封閉。,關
開,移動封閉門窗的裝置物，使其空間的出入口不被封閉。,閉
開,移動封閉門窗的裝置物，使其空間的出入口不被封閉。,關閉
開,移動封閉門窗的裝置物，使其空間的出入口不被封閉。,閉
開,移動封閉門窗的裝置物，使其空間的出入口不被封閉。,關
開,移動封閉門窗的裝置物，使其空間的出入口不被封閉。,關閉
開口,開始講話或唱歌。,閉
開口,開始講話或唱歌。,閉
開始,從事件的起始點進行。,結束
開始,從事件的起始點進行。,結
開始,事件或狀態從頭或特定時點起。,結束
開始,事件或狀態從頭或特定時點起。,結束
開始,事件或狀態從頭或特定時點起。,終
開始,事件或狀態從頭或特定時點起。,終
開始,事件或狀態從頭或特定時點起。,閉
開始,事件或狀態從頭或特定時點起。,完
開始,事物的最開頭部份或階段。,結束
開始,事物的最開頭部份或階段。,尾
開始,事物的最開頭部份或階段。,結束
開始,事物的最開頭部份或階段。,尾
開始,表示事件時間範圍的開始參考點。,止
開始,表示事件時間範圍的開始參考點。,為止
開始,表示事件時間範圍的開始參考點。,止
開始,表示事件時間範圍的開始參考點。,為止
開始,表示接近空間參考點的空間界限。,止
開始,表示接近空間參考點的空間界限。,為止
開始,表示接近空間參考點的空間界限。,止
開始,表示接近空間參考點的空間界限。,為止
開燈,利用開關裝置使燈開始運作。,關燈
開燈,利用開關裝置使燈開始運作。,關燈
開燈,找到隱藏的訊息。,關燈
開燈,找到隱藏的訊息。,關燈
閒,形容沒有事情做，有空出來的時間。,忙
閒,形容沒有事情做，有空出來的時間。,忙
間接,形容比喻必須透過媒介才能產生關連的。,直接
間接,形容比喻必須透過媒介才能產生關連的。,直接
間接,表透過其他媒介來做後述事件。,直接
間接,表透過其他媒介來做後述事件。,直接
關,將特定對象的開口或通道閉合。,開
關,將特定對象的開口或通道閉合。,啟
關,將特定對象的開口或通道閉合。,打開
關,將特定對象的開口或通道閉合。,開
關,將特定對象的開口或通道閉合。,啟
關,將特定對象的開口或通道閉合。,打開
關,商店或機構停止運作。,開
關,商店或機構停止運作。,開
關,利用開關裝置將前述對象可調整的運作設定降低。,開
關,利用開關裝置將前述對象可調整的運作設定降低。,開
關係,造成特定結果或引起另一件事情發生的條件。,果
關係,造成特定結果或引起另一件事情發生的條件。,結果
關係,造成特定結果或引起另一件事情發生的條件。,果
關係,造成特定結果或引起另一件事情發生的條件。,結果
關燈,利用開關裝置使燈停止運作。,開燈
關燈,利用開關裝置使燈停止運作。,開燈
關燈,指用特別的方式將訊息隱藏。,開燈
關燈,指用特別的方式將訊息隱藏。,開燈
關門,形容商店或機構停止運作。,開
關閉,將特定對象的開口或通道閉合。通常用於門窗。,開
關閉,將特定對象的開口或通道閉合。通常用於門窗。,啟
關閉,將特定對象的開口或通道閉合。通常用於門窗。,打開
關閉,將特定對象的開口或通道閉合。通常用於門窗。,開
關閉,將特定對象的開口或通道閉合。通常用於門窗。,啟
關閉,將特定對象的開口或通道閉合。通常用於門窗。,打開
關閉,商店或機構停止運作。,開
關閉,商店或機構停止運作。,開
阿,表對特定對象的暱稱。,媽媽
阿,表對特定對象的暱稱。,阿媽
阿,表對特定對象的暱稱。,老娘
阿,表對特定對象的暱稱。,母
阿,表對特定對象的暱稱。,母親
阿,表對特定對象的暱稱。,媽
阿,表對特定對象的暱稱。,阿媽
阿,表對特定對象的暱稱。,娘
阿媽,子女對母親的母親的指稱，或指在家庭關係中扮演祖母角色的女子。,阿
阿媽,子女對生育自己的女子的指稱，或指在家庭關係中扮演母親角色的女子。,阿
阿媽,子女對生育自己的女子的指稱，或指在家庭關係中扮演母親角色的女子。,父
阿媽,子女對生育自己的女子的指稱，或指在家庭關係中扮演母親角色的女子。,父親
阿媽,子女對生育自己的女子的指稱，或指在家庭關係中扮演母親角色的女子。,爸爸
阿媽,子女對生育自己的女子的指稱，或指在家庭關係中扮演母親角色的女子。,爹
阿媽,子女對生育自己的女子的指稱，或指在家庭關係中扮演母親角色的女子。,老子
阿媽,子女對生育自己的女子的指稱，或指在家庭關係中扮演母親角色的女子。,爸
阿媽,子女對生育自己的女子的指稱，或指在家庭關係中扮演母親角色的女子。,老
阿媽,子女對生育自己的女子的指稱，或指在家庭關係中扮演母親角色的女子。,爺
阿媽,子女對生育自己的女子的指稱，或指在家庭關係中扮演母親角色的女子。,爸爸
阿媽,子女對生育自己的女子的指稱，或指在家庭關係中扮演母親角色的女子。,爸
阿媽,子女對生育自己的女子的指稱，或指在家庭關係中扮演母親角色的女子。,父
阿媽,子女對生育自己的女子的指稱，或指在家庭關係中扮演母親角色的女子。,老子
阿媽,子女對生育自己的女子的指稱，或指在家庭關係中扮演母親角色的女子。,父親
阿媽,子女對生育自己的女子的指稱，或指在家庭關係中扮演母親角色的女子。,爹
阿媽,子女對生育自己的女子的指稱，或指在家庭關係中扮演母親角色的女子。,爺
陋,形容人或物的外表不好看，不具有美的特質。,美麗
陋,形容人或物的外表不好看，不具有美的特質。,漂亮
陋,形容人或物的外表不好看，不具有美的特質。,水
陋,形容人或物的外表不好看，不具有美的特質。,亮
陋,形容人或物的外表不好看，不具有美的特質。,美
陋,形容人或物的外表不好看，不具有美的特質。,漂
陋,形容人或物的外表不好看，不具有美的特質。,秀
陋,形容人或物的外表不好看，不具有美的特質。,麗
陋,形容人或物的外表不好看，不具有美的特質。,美麗
陋,形容人或物的外表不好看，不具有美的特質。,美
陋,形容人或物的外表不好看，不具有美的特質。,美麗
陋,形容人或物的外表不好看，不具有美的特質。,漂亮
陋,形容人或物的外表不好看，不具有美的特質。,美
陋,形容人或物的外表不好看，不具有美的特質。,秀
陋,形容人或物的外表不好看，不具有美的特質。,水
陋,形容人或物的外表不好看，不具有美的特質。,亮
陋,形容人或物的外表不好看，不具有美的特質。,漂
陋,形容人或物的外表不好看，不具有美的特質。,麗
陋,形容比喻學識淺薄。,碩
陋,形容比喻學識淺薄。,碩
陋,形容缺乏金錢，生活有困難的。,富
陋,形容缺乏金錢，生活有困難的。,富
陋,形容缺乏金錢，生活有困難的。,富
陋,形容缺乏金錢，生活有困難的。,麥克
陌生,形容未經常接觸特定對象而沒有交情的。,熟
陌生,形容未經常接觸特定對象而沒有交情的。,熟悉
陌生,形容因為不常進行後述事件而沒有充分的知識。,熟
陌生,形容因為不常進行後述事件而沒有充分的知識。,熟悉
陌生,形容因為不常進行後述事件而沒有充分的知識。,熟悉
陌生,形容因為不常進行後述事件而沒有充分的知識。,熟
陌生,形容因為不常進行後述事件而沒有充分的知識。,熟悉
降,物體由較高處往低處垂直移動。,上升
降,物體由較高處往低處垂直移動。,上昇
降,物體由較高處往低處垂直移動。,升
降,物體由較高處往低處垂直移動。,上升
降,物體由較高處往低處垂直移動。,上昇
降,物體由較高處往低處垂直移動。,上昇
降,物體由較高處往低處垂直移動。,上升
降,物體由較高處往低處垂直移動。,升
降,比喻數量或數目減少。,上昇
降,比喻數量或數目減少。,上升
降,比喻數量或數目減少。,升
降,比喻數量或數目減少。,增高
降,比喻數量或數目減少。,升級
降,比喻數量或數目減少。,增長
降,比喻數量或數目減少。,提高
降,比喻數量或數目減少。,上昇
降,比喻數量或數目減少。,上升
降,比喻數量或數目減少。,增高
降,比喻數量或數目減少。,增長
降,比喻數量或數目減少。,上升
降,比喻數量或數目減少。,上昇
降,比喻數量或數目減少。,升
降,比喻數量或數目減少。,提高
降,比喻數量或數目減少。,增高
降,比喻數量或數目減少。,升級
降,比喻數量或數目減少。,增長
降低,使特定數量或數目減少。,提高
降低,使特定數量或數目減少。,提高
降低,數量或數目減少。,上升
降低,數量或數目減少。,上升
降低,數量或數目減少。,上昇
降低,數量或數目減少。,上昇
降低,數量或數目減少。,升
降低,數量或數目減少。,提高
降低,數量或數目減少。,增高
降低,數量或數目減少。,增高
降低,數量或數目減少。,升級
降低,數量或數目減少。,增長
降低,數量或數目減少。,增長
降低,比喻使後述事件的程度降低。,提高
降低,比喻使後述事件的程度降低。,提高
降低,比喻特定事件的程度降低。,提高
陡,形容坡度大。,緩
陡,形容坡度大。,緩和
陡,形容坡度大。,緩和
陡,形容坡度大。,緩
陰,山的北面或水的南面。,陽
陰,山的北面或水的南面。,陽
陰,泛指特定直立物體背面，通常是碑或牌坊。,陽
陰,泛指特定直立物體背面，通常是碑或牌坊。,陽
陰,雌性。,陽
陰,雌性。,陽
陰,成對物品中具有相對的雌性特徵，多半是體型較小或外表缺乏凸出物。,公
陰,成對物品中具有相對的雌性特徵，多半是體型較小或外表缺乏凸出物。,雄
陰,成對物品中具有相對的雌性特徵，多半是體型較小或外表缺乏凸出物。,陽
陰,成對物品中具有相對的雌性特徵，多半是體型較小或外表缺乏凸出物。,雄
陰,成對物品中具有相對的雌性特徵，多半是體型較小或外表缺乏凸出物。,陽
陰,成對物品中具有相對的雌性特徵，多半是體型較小或外表缺乏凸出物。,公
陰,形容電子聚集多的、帶負電的。,正
陰,形容電子聚集多的、帶負電的。,陽
陰,形容電子聚集多的、帶負電的。,正
陰,形容電子聚集多的、帶負電的。,陽
陳,形容事物已經存在很久了。,新
陳,形容事物已經存在很久了。,新興
陳,形容事物已經存在很久了。,新
陳,形容事物已經存在很久了。,新興
陽,雄性。,陰
陽,雄性。,陰
陽,山的南面或水的北面。,陰
陽,山的南面或水的北面。,陰
陽,泛指特定直立物體正面，通常是碑或牌坊。,陰
陽,泛指特定直立物體正面，通常是碑或牌坊。,陰
陽,成對物品中具有相對的雄性特徵，多半是體型較大或外表有凸出物。,陰
陽,成對物品中具有相對的雄性特徵，多半是體型較大或外表有凸出物。,母
陽,成對物品中具有相對的雄性特徵，多半是體型較大或外表有凸出物。,雌
陽,成對物品中具有相對的雄性特徵，多半是體型較大或外表有凸出物。,雌
陽,成對物品中具有相對的雄性特徵，多半是體型較大或外表有凸出物。,母
陽,成對物品中具有相對的雄性特徵，多半是體型較大或外表有凸出物。,陰
陽,形容電子聚集少，帶正電的。,陰
陽,形容電子聚集少，帶正電的。,負
陽,形容電子聚集少，帶正電的。,負
陽,形容電子聚集少，帶正電的。,陰
際,在前述對象所包含的空間範圍。,外
際,在前述對象所包含的空間範圍。,之外
際,在前述對象所包含的空間範圍。,以外
際,在前述對象所包含的空間範圍。,外面
際,在前述對象所包含的空間範圍。,外
際,在前述對象所包含的空間範圍。,之外
際,在前述對象所包含的空間範圍。,以外
際,在前述對象所包含的空間範圍。,外面
雄,形容除了人以外的動物中能產生精細胞的性別。,母
雄,形容除了人以外的動物中能產生精細胞的性別。,雌
雄,形容除了人以外的動物中能產生精細胞的性別。,雌
雄,形容除了人以外的動物中能產生精細胞的性別。,母
雄,形容植物中能產生花粉的。,雌
雄,形容植物中能產生花粉的。,雌
雄,除了人以外能產生精細胞的動物。,母
雄,除了人以外能產生精細胞的動物。,雌
雄,除了人以外能產生精細胞的動物。,雌
雄,除了人以外能產生精細胞的動物。,母
雄,成對物品中具有相對的雄性特徵，多半是體型較大或外表有凸出物。,母
雄,成對物品中具有相對的雄性特徵，多半是體型較大或外表有凸出物。,雌
雄,成對物品中具有相對的雄性特徵，多半是體型較大或外表有凸出物。,陰
雄,成對物品中具有相對的雄性特徵，多半是體型較大或外表有凸出物。,雌
雄,成對物品中具有相對的雄性特徵，多半是體型較大或外表有凸出物。,母
雄,成對物品中具有相對的雄性特徵，多半是體型較大或外表有凸出物。,陰
雄,位於臺灣南部，介於臺東縣、屏東縣、臺南縣之間的地區。,雌
雄,位於臺灣南部，介於臺東縣、屏東縣、臺南縣之間的地區。,母
雌,形容除了人以外的動物中能產生卵細胞並具生產後代能力的性別。,公
雌,形容除了人以外的動物中能產生卵細胞並具生產後代能力的性別。,雄
雌,形容除了人以外的動物中能產生卵細胞並具生產後代能力的性別。,雄
雌,形容除了人以外的動物中能產生卵細胞並具生產後代能力的性別。,特
雌,形容除了人以外的動物中能產生卵細胞並具生產後代能力的性別。,雄
雌,形容除了人以外的動物中能產生卵細胞並具生產後代能力的性別。,特
雌,形容除了人以外的動物中能產生卵細胞並具生產後代能力的性別。,公
雌,形容植物中可生產果實的。,雄
雌,形容植物中可生產果實的。,雄
雌,除了人以外具有生產後代能力的動物。,公
雌,除了人以外具有生產後代能力的動物。,雄
雌,除了人以外具有生產後代能力的動物。,雄
雌,除了人以外具有生產後代能力的動物。,公
雌,成對物品中具有相對的雌性特徵，多半是體型較小或外表缺乏凸出物。,公
雌,成對物品中具有相對的雌性特徵，多半是體型較小或外表缺乏凸出物。,雄
雌,成對物品中具有相對的雌性特徵，多半是體型較小或外表缺乏凸出物。,陽
雌,成對物品中具有相對的雌性特徵，多半是體型較小或外表缺乏凸出物。,雄
雌,成對物品中具有相對的雌性特徵，多半是體型較小或外表缺乏凸出物。,公
雌,成對物品中具有相對的雌性特徵，多半是體型較小或外表缺乏凸出物。,陽
離,從觀察者的方向，與後述對象分開。,尖峰
離,從觀察者的方向，與後述對象分開。,尖峰
離去,比喻生物失去生命。,生
離去,比喻生物失去生命。,昌
離去,比喻生物失去生命。,生存
離去,比喻生物失去生命。,生存
離去,比喻生物失去生命。,生
離去,比喻生物失去生命。,活
離去,比喻生物失去生命。,存
離散,非連續，分散的。,連續
離開,比喻生物失去生命。,生
離開,比喻生物失去生命。,昌
離開,比喻生物失去生命。,生存
離開,比喻生物失去生命。,生存
離開,比喻生物失去生命。,生
離開,比喻生物失去生命。,活
離開,比喻生物失去生命。,存
難,形容特定事件無法輕易達成。,容易
難,形容特定事件無法輕易達成。,易
難,形容特定事件無法輕易達成。,好
難,形容特定事件無法輕易達成。,好
難,形容特定事件無法輕易達成。,好
難,形容特定事件無法輕易達成。,易
難,形容特定事件無法輕易達成。,容易
難,表後述事件發生的可能性小。,容易
難,表後述事件發生的可能性小。,易
難,表後述事件發生的可能性小。,易
難,表後述事件發生的可能性小。,容易
難,表物品的特定性質不令人滿意。,好
難,表物品的特定性質不令人滿意。,好
難,表物品的特定性質不令人滿意。,好
難受,形容身體不舒服。,舒適
難受,形容身體不舒服。,舒適
難受,形容身體不舒服。,舒服
難受,形容身體不舒服。,舒服
難受,形容身體不舒服。,適
難過,形容身體不舒服。,舒服
難過,形容身體不舒服。,適
難過,形容身體不舒服。,舒適
難過,形容身體不舒服。,舒服
難過,形容身體不舒服。,舒適
難過,形容身體不舒服。,舒適
難過,形容身體不舒服。,舒服
難過,形容身體不舒服。,適
需,前述事件因特定理由而仰賴後述對象。,不需
需要,前述事件因特定理由而仰賴後述對象。,不需
露,比喻透露不該讓他人知道的事。,祕
露,比喻透露不該讓他人知道的事。,祕
青,形容色譜上最暗，可以吸收所有光線的。,粉
青,形容色譜上最暗，可以吸收所有光線的。,白
青,形容色譜上最暗，可以吸收所有光線的。,素
青,形容色譜上最暗，可以吸收所有光線的。,白
青,形容色譜上最暗，可以吸收所有光線的。,粉
青,形容色譜上最暗，可以吸收所有光線的。,素
靜,形容物體不動。,動
靜,形容物體不動。,動
靜,形容比喻心思情緒安定。,亂
靜,形容比喻心思情緒安定。,亂
靜,使特定對象心思情緒安定。,亂
靜,使特定對象心思情緒安定。,亂
非正式,形容不符合公認標準的。,正式
非正式,形容不符合公認標準的。,正式
非正式,形容不具正式關係或身份。,正式
非正式,形容不具正式關係或身份。,正式
順,形容事件進行的過程平穩流暢，沒有阻礙。,逆
順,形容事件進行的過程平穩流暢，沒有阻礙。,逆
順,服從、遵循特定對象。,逆
順,服從、遵循特定對象。,逆
順,服從、遵循特定對象。,逆
順,引介比喻事件進行的歷程，其歷程與該時間參考點的潮流一致。,逆
順,引介比喻事件進行的歷程，其歷程與該時間參考點的潮流一致。,逆
順,形容朝預期方向生長的。,逆
順,形容朝預期方向生長的。,逆
順便,表做一件事情時，很容易同時做其他事情。,特地
順便,表做一件事情時，很容易同時做其他事情。,特意
順便,表做一件事情時，很容易同時做其他事情。,特別
順便,表做一件事情時，很容易同時做其他事情。,特
順道,表在原有的規劃之外，再做其他事。,專程
順道,表在原有的規劃之外，再做其他事。,特地
順道,表在原有的規劃之外，再做其他事。,特意
順道,表在原有的規劃之外，再做其他事。,特別
順道,表在原有的規劃之外，再做其他事。,特
領先,行進時在隊伍的最前面。,落後
領先,行進時在隊伍的最前面。,落後
領先,比喻處於較高的水準，超過他人。,落後
領先,比喻處於較高的水準，超過他人。,落後
領先,比喻處於較高的水準，超過他人。,落
領先,比喻處於較高的水準，超過他人。,跟不上
顯,形容非常容易觀察到的。,不彰
飢,形容動物因食慾未被滿足而需要進食。,脹
飢,形容動物因食慾未被滿足而需要進食。,飽
飢,形容動物因食慾未被滿足而需要進食。,飽
飢,形容比喻財產減少。,飽
飢,形容比喻財產減少。,肥
飢,形容比喻財產減少。,脹
飢,形容比喻財產減少。,飽
飢,形容比喻財產減少。,肥
飢,形容比喻財產減少。,脹
飢,姓。,脹
飽,形容比喻財產增加。,餓
飽,形容比喻財產增加。,瘦
飽,形容比喻財產增加。,扁
飽,形容比喻財產增加。,飢
飽,形容比喻財產增加。,瘦
飽,形容比喻財產增加。,餓
飽,形容比喻財產增加。,扁
飽,形容比喻財產增加。,飢
飽,比喻使財產增加。,餓
飽,比喻使財產增加。,瘦
飽,比喻使財產增加。,扁
飽,比喻使財產增加。,瘦
飽,比喻使財產增加。,餓
飽,比喻使財產增加。,扁
飽,形容動物食用食物後感到滿足，不需要再進食。,餓
飽,形容動物食用食物後感到滿足，不需要再進食。,餓
飽,形容動物食用食物後感到滿足，不需要再進食。,扁
飽,形容動物食用食物後感到滿足，不需要再進食。,飢
飽,形容動物食用食物後感到滿足，不需要再進食。,飢
飽,形容比喻財產多。,瘦
飽,形容比喻財產多。,扁
飽,形容比喻財產多。,瘦
飽,形容比喻財產多。,扁
餓,形容動物因食慾未被滿足而需要進食。,飽
餓,形容動物因食慾未被滿足而需要進食。,飽
餓,形容比喻財產減少。,飽
餓,形容比喻財產減少。,肥
餓,形容比喻財產減少。,脹
餓,形容比喻財產減少。,飽
餓,形容比喻財產減少。,肥
餓,形容比喻財產減少。,脹
餓,比喻使財產減少。,飽
餓,比喻使財產減少。,肥
餓,比喻使財產減少。,飽
餓,比喻使財產減少。,肥
香,形容氣味好聞的。,臭
骯髒,形容有污垢雜質的。,清潔
骯髒,形容有污垢雜質的。,清潔
骯髒,形容有污垢雜質的。,淨
骯髒,形容有污垢雜質的。,潔
骯髒,形容有污垢雜質的。,乾淨
骯髒,形容有污垢雜質的。,乾淨
髒,形容有污垢雜質的。,淨
髒,形容有污垢雜質的。,乾淨
髒,形容有污垢雜質的。,潔
髒,形容有污垢雜質的。,清潔
髒,形容有污垢雜質的。,乾淨
髒,形容有污垢雜質的。,清潔
髒,形容有污垢雜質的。,清潔
髒,形容有污垢雜質的。,淨
髒,形容有污垢雜質的。,潔
髒,形容有污垢雜質的。,乾淨
高,形容物體從頂部到地面的距離大於比較對象的。,矮
高,形容物體從頂部到地面的距離大於比較對象的。,低
高,形容物體從頂部到地面的距離大於比較對象的。,矮
高,形容物體從頂部到地面的距離大於比較對象的。,低
高,形容前述物體從頂部到地面的距離變大。,矮
高,形容前述物體從頂部到地面的距離變大。,低
高,形容前述物體從頂部到地面的距離變大。,矮
高,形容前述物體從頂部到地面的距離變大。,低
高,形容物體所處的位置離地面的距離大於比較對象。,矮
高,形容物體所處的位置離地面的距離大於比較對象。,低
高,形容物體所處的位置離地面的距離大於比較對象。,矮
高,形容物體所處的位置離地面的距離大於比較對象。,低
高,形容人的身高高於比較對象。,矮
高,形容人的身高高於比較對象。,矮
高,形容前述對象身高變高。,矮
高,形容前述對象身高變高。,矮
高,形容比喻輩份或地位階級大於比較對象。,矮
高,形容比喻輩份或地位階級大於比較對象。,低
高,形容比喻輩份或地位階級大於比較對象。,矮
高,形容比喻輩份或地位階級大於比較對象。,低
高,形容比喻前述對象輩份或地位階級變大。,矮
高,形容比喻前述對象輩份或地位階級變大。,低
高,形容比喻前述對象輩份或地位階級變大。,矮
高,形容比喻前述對象輩份或地位階級變大。,低
高,形容數值大於比較對象。,低
高,形容數值大於比較對象。,低
高,形容數值變大。,低
高,形容數值變大。,低
高,形容音高高於比較對象。,低
高,形容音高高於比較對象。,低
高,形容音高變高。,低
高,形容音高變高。,低
高,形容程度或標準高於比較對象。,低
高,形容程度或標準高於比較對象。,低
高,形容程度或標準變高。,低
高,形容程度或標準變高。,低
高度,形容程度或標準高於比較對象的。,低
高度,形容程度或標準高於比較對象的。,低
高於,高度大於後述比較對象。,低於
高於,高度大於後述比較對象。,低於
高於,數目或數量大於後述比較對象。,低於
高於,數目或數量大於後述比較對象。,低於
高於,程度大於後述比較對象。,低於
高於,程度大於後述比較對象。,低於
高於,社會地位大於後述比較對象。,低於
高於,社會地位大於後述比較對象。,低於
高溫,數值大於比較對象的溫度。,低溫
高溫,數值大於比較對象的溫度。,低溫
高溫,形容溫度數值大於比較對象。,低溫
高溫,形容溫度數值大於比較對象。,低溫
高聲,表聲量大且聲音響亮。,低聲
高聲,表聲量大且聲音響亮。,輕聲
高聲,表聲量大且聲音響亮。,悄悄
高聲,表聲量大且聲音響亮。,低
高聲,表聲量大且聲音響亮。,悄悄
高聲,表聲量大且聲音響亮。,低
高聲,表聲量大且聲音響亮。,低聲
高聲,表聲量大且聲音響亮。,輕聲
高調,形容明顯。,低調
高調,形容明顯。,低調
鬆,形容物體的表面沒有受到足夠的拉力而呈現不緊繃的狀態。,緊
鬆,形容物體的表面沒有受到足夠的拉力而呈現不緊繃的狀態。,緊
鬆,形容結構不緊實，有許多空隙。,實
鬆,形容結構不緊實，有許多空隙。,實
鬆,形容特定空間內的特定對象數量少，離最大容量還有一段距離。,擠
鬆,形容特定空間內的特定對象數量少，離最大容量還有一段距離。,迫
鬆,形容特定空間內的特定對象數量少，離最大容量還有一段距離。,擠
鬆,形容特定空間內的特定對象數量少，離最大容量還有一段距離。,擠
鬆,形容特定空間內的特定對象數量少，離最大容量還有一段距離。,迫
鬆,形容衣物與穿著者間不密合而有空隙的。,緊
鬆,形容衣物與穿著者間不密合而有空隙的。,憋
鬆,形容衣物與穿著者間不密合而有空隙的。,緊
鬆,形容衣物與穿著者間不密合而有空隙的。,憋
鬆,形容不牢固的。,緊
鬆,形容不牢固的。,緊
鬆,形容比喻不嚴格。,緊
鬆,形容比喻不嚴格。,嚴
鬆,形容比喻不嚴格。,嚴格
鬆,形容比喻不嚴格。,密
鬆,形容比喻不嚴格。,密切
鬆,形容比喻不嚴格。,嚴
鬆,形容比喻不嚴格。,密
鬆,形容比喻不嚴格。,嚴格
鬆,形容比喻不嚴格。,緊
鬆,形容比喻不嚴格。,嚴
鬆,形容比喻不嚴格。,密切
鬆,形容比喻有多餘可運用的金錢。,緊
鬆,形容比喻有多餘可運用的金錢。,不便
鬆,形容比喻有多餘可運用的金錢。,据
鬆,形容比喻有多餘可運用的金錢。,不便
鬆,形容比喻有多餘可運用的金錢。,緊
鬆,形容比喻有多餘可運用的金錢。,据
鬆,形容比喻輕易透露不該讓他人知道的事。,緊
鬆,形容比喻輕易透露不該讓他人知道的事。,嚴
鬆,形容比喻輕易透露不該讓他人知道的事。,緊
鬆,形容比喻輕易透露不該讓他人知道的事。,嚴
鳳,第一代的女性後代。,兒子
鳳,第一代的女性後代。,兒
鳳,第一代的女性後代。,子
鳳,第一代的女性後代。,龍
鳳,第一代的女性後代。,龍
鳳,第一代的女性後代。,兒子
鳳,第一代的女性後代。,兒
鳳,第一代的女性後代。,子
鴉,形容色譜上最暗，可以吸收所有光線的。,白
鴉,形容色譜上最暗，可以吸收所有光線的。,素
鴉,形容色譜上最暗，可以吸收所有光線的。,粉
鴉,形容色譜上最暗，可以吸收所有光線的。,白
鴉,形容色譜上最暗，可以吸收所有光線的。,粉
鴉,形容色譜上最暗，可以吸收所有光線的。,素
鹹,形容水質中含較多鹽份的。,淡
麗,形容人或物的外表好看使觀者感到愉悅而讚賞的。,醜
麗,形容人或物的外表好看使觀者感到愉悅而讚賞的。,陋
麗,形容人或物的外表好看使觀者感到愉悅而讚賞的。,醜
麗,形容人或物的外表好看使觀者感到愉悅而讚賞的。,陋
麥克,形容擁有很多錢財。,貧
麥克,形容擁有很多錢財。,窮
麥克,形容擁有很多錢財。,陋
麥克,形容擁有很多錢財。,貧
黏,以膠、類似物質或特定方式使特定物體附著於後述物體上。,剪
黏,以膠、類似物質或特定方式使特定物體附著於後述物體上。,剪
黏,比喻一直想在後述對象身邊或和其保持密切聯繫。,割
黏,比喻一直想在後述對象身邊或和其保持密切聯繫。,切
黏,比喻一直想在後述對象身邊或和其保持密切聯繫。,割
黏,比喻一直想在後述對象身邊或和其保持密切聯繫。,切
黑,色譜上最暗，可以吸收所有光線的顏色。,白
黑,色譜上最暗，可以吸收所有光線的顏色。,白
黑,形容色譜上最暗，可以吸收所有光線的。,白
黑,形容色譜上最暗，可以吸收所有光線的。,素
黑,形容色譜上最暗，可以吸收所有光線的。,粉
黑,形容色譜上最暗，可以吸收所有光線的。,白
黑,形容色譜上最暗，可以吸收所有光線的。,粉
黑,形容色譜上最暗，可以吸收所有光線的。,素
黑,形容同類事物中顏色比較深的。,白
黑,形容同類事物中顏色比較深的。,白
黑,形容沒有足夠光線照射的。,亮
黑,形容沒有足夠光線照射的。,亮
黑,形容比喻沒有公理正義。,乾淨
黑,形容比喻沒有公理正義。,乾淨
黑,形容比喻指數下跌。,紅
黑,形容比喻指數下跌。,紅
黑白,形容只有黑色和白色。,彩色
黑白,形容只有黑色和白色。,彩
黑白,形容只有黑色和白色。,彩
黑白,形容只有黑色和白色。,彩色
黑白,形容只用黑色和白色對比呈現的。,彩色
黑白,形容只用黑色和白色對比呈現的。,彩
黑白,形容只用黑色和白色對比呈現的。,彩
黑白,形容只用黑色和白色對比呈現的。,彩色
黑白,形容比喻生活單調且沒有變化的。,彩色
黑白,形容比喻生活單調且沒有變化的。,彩色
龍,第一代的男性後代。,女兒
龍,第一代的男性後代。,鳳
龍,第一代的男性後代。,女兒
龍,第一代的男性後代。,鳳
龐大,形容程度超過比較對象的。,小
龐大,形容程度超過比較對象的。,小
龜,形容比喻事件或事件的特定段落進行的時間長。,快
龜,形容比喻事件或事件的特定段落進行的時間長。,速
龜,形容比喻事件或事件的特定段落進行的時間長。,捷
龜,形容比喻事件或事件的特定段落進行的時間長。,快
龜,形容比喻事件或事件的特定段落進行的時間長。,速
龜,形容比喻事件或事件的特定段落進行的時間長。,快
龜,形容比喻事件或事件的特定段落進行的時間長。,速
龜,形容比喻事件或事件的特定段落進行的時間長。,捷
